<?xml version='1.0' encoding='UTF-8'?>
<shortcuts>

  <!-- TVShows -->
	<shortcut>
		<label>$LOCALIZE[31002]</label>
		<label2>32034</label2>
		<defaultID>tvshows</defaultID>
		<icon>DefaultTVShows.png</icon>
		<thumb />
		<action>ActivateWindow(Videos,TVShowTitles,return)</action>
	</shortcut>

  <!-- Movies -->
	<shortcut>
		<label>$LOCALIZE[342]</label>
		<label2>32034</label2>
		<defaultID>movies</defaultID>
		<icon>DefaultMovies.png</icon>
		<thumb />
		<action>ActivateWindow(Videos,MovieTitles,return)</action>
	</shortcut>
	
	<!-- Videos -->
	<shortcut>
		<label>$LOCALIZE[10006]</label>
		<label2>32034</label2>
		<defaultID>videos</defaultID>
		<icon>DefaultVideo.png</icon>
		<thumb />
		<action>ActivateWindow(videos,sources://video/,return)</action>
	</shortcut>
	
	<!-- Live TV -->
	<shortcut>
		<label>Live TV</label>
		<label2>32034</label2>
		<defaultID>livetv</defaultID>
		<icon>DefaultLiveTV.png</icon>
		<thumb />
    <action>ActivateWindow(TVChannels)</action>
	</shortcut>
	
	<!-- Amazon -->
	<shortcut>
		<label>Amazon</label>
		<label2>Video Add-On</label2>
		<defaultID>plugin.video.amazon</defaultID>
		<icon>DefaultShortcut.png</icon>
		<thumb>special://home/addons/plugin.video.amazon/icon.png</thumb> 
		<action>ActivateWindow(10025,"plugin://plugin.video.amazon",return)</action>
		<visible>System.HasAddon(plugin.video.amazon)</visible>	
	</shortcut>
	
	<!-- YouTube -->
	<shortcut>
		<label>YouTube</label>
		<label2>Video Add-On</label2>
		<defaultID>plugin.video.youtube</defaultID>
		<icon>DefaultShortcut.png</icon>
		<thumb>special://home/addons/plugin.video.youtube/icon.png</thumb> 
		<action>ActivateWindow(10025,"plugin://plugin.video.youtube",return)</action>
		<visible>System.HasAddon(plugin.video.youtube)</visible>	
	</shortcut>

	  <!-- Trailers -->
	<shortcut>
		<label>$LOCALIZE[31018]</label>
		<label2>32034</label2>
		<defaultID>trailers</defaultID>
		<icon>DefaultShortcut.png</icon>
		<thumb />
		<action>ActivateWindow(videos,plugin://$INFO[Skin.String(TrailersAddon_Path)])</action>
	</shortcut>
	
  <!-- Music -->
	<shortcut>
		<label>$LOCALIZE[10005]</label>
		<label2>32034</label2>
		<defaultID>music</defaultID>
		<icon>DefaultMusicAlbums.png</icon>
		<thumb />
		<action>ActivateWindow(Music)</action>
	</shortcut>

  <!-- TuneIn -->
	<shortcut>
		<label>TuneIn Radio</label>
		<label2>Music Add-On</label2>
		<defaultID>plugin.audio.tuneinradio</defaultID>
		<icon>DefaultShortcut.png</icon>
		<thumb>special://home/addons/plugin.audio.tuneinradio/icon.png</thumb> 
		<action>ActivateWindow(10501,"plugin://plugin.audio.tuneinradio",return)</action>
		<visible>System.HasAddon(plugin.audio.tuneinradio)</visible>	
	</shortcut>
	
	<!-- games -->
	<shortcut>
		<label>Games</label>
		<defaultID>plugin.program.advanced.launcher</defaultID>
		<label2>32034</label2>
		<icon>DefaultShortcut.png</icon>
		<thumb>special://home/addons/plugin.program.advanced.launcher/icon.png</thumb> 
		<action>ActivateWindow(10001,"plugin://plugin.program.advanced.launcher/?default",return)</action>
		<visible>System.HasAddon(plugin.program.advanced.launcher)</visible>	
	</shortcut>
	
  <!-- Add-ons -->
	<shortcut>
		<label>$LOCALIZE[24001]</label>
		<label2>32034</label2>
		<defaultID>addons</defaultID>
		<icon>DefaultAddon.png</icon>
		<thumb />
		<action>ActivateWindow(Videos,Addons,return)</action>
	</shortcut>

  <!-- Pictures -->
	<shortcut>
		<label>$LOCALIZE[10002]</label>
		<label2>32034</label2>
		<defaultID>pictures</defaultID>
		<icon>DefaultPicture.png</icon>
		<thumb />
		<action>ActivateWindow(Pictures)</action>
	</shortcut>

  <!-- Programs -->
	<shortcut>
		<label>$LOCALIZE[10001]</label>
		<label2>32034</label2>
		<defaultID>programs</defaultID>
		<icon>DefaultProgram.png</icon>
		<thumb />
		<action>ActivateWindow(Programs,Addons,return)</action>
	</shortcut>

  <!-- Weather -->
	<shortcut>
		<label>$LOCALIZE[12600]</label>
		<label2>32034</label2>
		<defaultID>weather</defaultID>
		<icon>special://skin/extras/icons/Weather.png</icon>
		<thumb />
		<action>ActivateWindow(Weather)</action>
	</shortcut>

  <!-- Settings -->
	<shortcut>
		<label>$LOCALIZE[10004]</label>
		<label2>32034</label2>
		<defaultID>settings</defaultID>
		<icon>special://skin/extras/icons/Settings.png</icon>
		<thumb />
		<action>ActivateWindow(AppearanceSettings)</action>
	</shortcut>

</shortcuts>