<?xml version="1.0" encoding="UTF-8"?>
<window type="dialog" id="1115">
	<defaultcontrol>22</defaultcontrol>
	<controls>
	<include>HomeWidgetsFanart</include>
	<control type="group" id="22">
    <animation type="WindowOpen" reversible="true">
      <effect type="fade" start="0" end="100" time="300" tween="sine" easing="in"  />
      <effect type="slide" start="0,-55" end="0,0" time="350" tween="cubic" easing="out" />
    </animation>
    <animation type="WindowClose" reversible="true">
      <effect type="fade" start="100" end="0" time="300" tween="sine" easing="inout" />
      <effect type="slide" start="0,0" end="0,-55" time="350" tween="sine" easing="inout" />
    </animation>
    <animation type="Conditional" reversible="false" condition="![Window.IsActive(ShutdownMenu) | Window.IsActive(PlayerControls) | Window.IsActive(Favourites)]">
      <effect type="fade" start="0" end="100" time="300" tween="sine" easing="in"  />
      <effect type="slide" start="0,55" end="0,0" time="350" tween="cubic" easing="out" />
    </animation>
    <animation type="Conditional" reversible="false" condition="Window.IsActive(ShutdownMenu) | Window.IsActive(PlayerControls) | Window.IsActive(Favourites)">
      <effect type="fade" start="100" end="0" time="300" tween="sine" easing="out" />
      <effect type="slide" start="0,0" end="0,55" time="350" tween="sine" easing="out" />
    </animation>

		<!-- ============== -->
		<!-- === Recent === -->
		<!-- ============== -->
		<control type="image">
	    <include>VisibleFadeEffectRecent</include>
		  <visible>Control.HasFocus(81)</visible>
			<top>72</top>
			<width>1280</width>
			<height>575</height>
			<aspectratio align="center">stretch</aspectratio>
			<texture background="true">views/slide/top_bottom_shadows_music.png</texture>
	  </control>
		<control type="wraplist" id="81">
		 <visible allowhiddenfocus="true">Control.HasFocus(81)</visible>
	    <include>VisibleFadeEffectRecent</include>
			<left>-192</left>
			<top>240</top>
      <onup>83</onup>
      <ondown>82</ondown>
			<include>HomeWidgets_ListVars</include>
			<itemlayout width="240" height="240">
				<control type="image">
					<width>240</width>
					<height>240</height>
	        <colordiffuse>FFbbbbbb</colordiffuse>
					<aspectratio aligny="center" align="center">stretch</aspectratio>
					<texture background="true" diffuse="views/slide/poster_diffuse_nf.png" fallback="thumbs/fallback_square.png">$INFO[ListItem.Icon]</texture>
				</control>
				<control type="group">
					<visible>![IsEmpty(ListItem.Property(RecentAlbum1)) | IsEmpty(ListItem.Property(RecentAlbum2)) | IsEmpty(ListItem.Property(RecentAlbum3)) | IsEmpty(ListItem.Property(RecentAlbum4))]</visible>
					<control type="image">
						<width>120</width>
						<height>120</height>
		        <colordiffuse>FFbbbbbb</colordiffuse>
						<aspectratio aligny="center" align="center">stretch</aspectratio>
						<texture background="true" diffuse="views/slide/poster_diffuse_nf.png">$INFO[ListItem.Property(RecentAlbum1)]</texture>
					</control>
					<control type="image">
						<top>120</top>
						<width>120</width>
						<height>120</height>
		        <colordiffuse>FFbbbbbb</colordiffuse>
						<aspectratio aligny="center" align="center">stretch</aspectratio>
						<texture background="true" diffuse="views/slide/poster_diffuse_nf.png">$INFO[ListItem.Property(RecentAlbum3)]</texture>
					</control>
					<control type="image">
						<left>120</left>
						<width>120</width>
						<height>120</height>
		        <colordiffuse>FFbbbbbb</colordiffuse>
						<aspectratio aligny="center" align="center">stretch</aspectratio>
						<texture background="true" diffuse="views/slide/poster_diffuse_nf.png">$INFO[ListItem.Property(RecentAlbum2)]</texture>
					</control>
					<control type="image">
						<left>120</left>
						<top>120</top>
						<width>120</width>
						<height>120</height>
		        <colordiffuse>FFbbbbbb</colordiffuse>
						<aspectratio aligny="center" align="center">stretch</aspectratio>
						<texture background="true" diffuse="views/slide/poster_diffuse_nf.png">$INFO[ListItem.Property(RecentAlbum4)]</texture>
					</control>
				</control>
			</itemlayout>
			<focusedlayout width="240" height="240">
				<control type="image">
					<width>240</width>
					<height>240</height>
					<aspectratio aligny="center" align="center">stretch</aspectratio>
					<texture background="true" fallback="thumbs/fallback_square.png">$INFO[ListItem.Icon]</texture>
					<include>SlideViewFocusAnimation</include>
				</control>
				<control type="group">
					<include>SlideViewFocusAnimation</include>
					<visible>![IsEmpty(ListItem.Property(RecentAlbum1)) | IsEmpty(ListItem.Property(RecentAlbum2)) | IsEmpty(ListItem.Property(RecentAlbum3)) | IsEmpty(ListItem.Property(RecentAlbum4))]</visible>
					<control type="image">
						<width>120</width>
						<height>120</height>
						<aspectratio aligny="center" align="center">stretch</aspectratio>
						<texture background="true">$INFO[ListItem.Property(RecentAlbum1)]</texture>
					</control>
					<control type="image">
						<top>120</top>
						<width>120</width>
						<height>120</height>
						<aspectratio aligny="center" align="center">stretch</aspectratio>
						<texture background="true">$INFO[ListItem.Property(RecentAlbum3)]</texture>
					</control>
					<control type="image">
						<left>120</left>
						<width>120</width>
						<height>120</height>
						<aspectratio aligny="center" align="center">stretch</aspectratio>
						<texture background="true">$INFO[ListItem.Property(RecentAlbum2)]</texture>
					</control>
					<control type="image">
						<left>120</left>
						<top>120</top>
						<width>120</width>
						<height>120</height>
						<aspectratio aligny="center" align="center">stretch</aspectratio>
						<texture background="true">$INFO[ListItem.Property(RecentAlbum4)]</texture>
					</control>
				</control>
	      <include>HomeWidgetsLists_MusicLabels</include>
			</focusedlayout>
      <content>
        <include>RecentMusic</include>
      </content>
		</control>
		<control type="image">
	    <include>VisibleFadeEffectRecent</include>
		  <visible>Control.HasFocus(81)</visible>
			<left>38</left>
			<top>234</top>
			<width>260</width>
			<height>252</height>
			<aspectratio align="center" aligny="center">stretch</aspectratio>
			<texture border="30">views/slide/focus.png</texture>
		</control>


		<!-- =================== -->
		<!-- === Recommended === -->
		<!-- =================== -->
		<control type="image">
	    <include>VisibleFadeEffectRecommended</include>
		  <visible>Control.HasFocus(82)</visible>
			<top>72</top>
			<width>1280</width>
			<height>575</height>
			<aspectratio align="center">stretch</aspectratio>
			<texture background="true">views/slide/top_bottom_shadows_music.png</texture>
	  </control>
		<control type="wraplist" id="82">
		 <visible allowhiddenfocus="true">Control.HasFocus(82)</visible>
	    <include>VisibleFadeEffectRecommended</include>
			<left>-192</left>
			<top>240</top>
      <onup>81</onup>
      <ondown>83</ondown>
			<include>HomeWidgets_ListVars</include>
			<itemlayout width="240" height="240">
				<control type="image">
					<width>240</width>
					<height>240</height>
	        <colordiffuse>FFbbbbbb</colordiffuse>
					<aspectratio aligny="center" align="center">stretch</aspectratio>
					<texture background="true" diffuse="views/slide/poster_diffuse_nf.png" fallback="thumbs/fallback_square.png">$INFO[ListItem.Icon]</texture>
				</control>
				<control type="group">
					<visible>![IsEmpty(ListItem.Property(RecommendedAlbum1)) | IsEmpty(ListItem.Property(RecommendedAlbum2)) | IsEmpty(ListItem.Property(RecommendedAlbum3)) | IsEmpty(ListItem.Property(RecommendedAlbum4))]</visible>
					<control type="image">
						<width>120</width>
						<height>120</height>
		        <colordiffuse>FFbbbbbb</colordiffuse>
						<aspectratio aligny="center" align="center">stretch</aspectratio>
						<texture background="true" diffuse="views/slide/poster_diffuse_nf.png">$INFO[ListItem.Property(RecommendedAlbum1)]</texture>
					</control>
					<control type="image">
						<top>120</top>
						<width>120</width>
						<height>120</height>
		        <colordiffuse>FFbbbbbb</colordiffuse>
						<aspectratio aligny="center" align="center">stretch</aspectratio>
						<texture background="true" diffuse="views/slide/poster_diffuse_nf.png">$INFO[ListItem.Property(RecommendedAlbum3)]</texture>
					</control>
					<control type="image">
						<left>120</left>
						<width>120</width>
						<height>120</height>
		        <colordiffuse>FFbbbbbb</colordiffuse>
						<aspectratio aligny="center" align="center">stretch</aspectratio>
						<texture background="true" diffuse="views/slide/poster_diffuse_nf.png">$INFO[ListItem.Property(RecommendedAlbum2)]</texture>
					</control>
					<control type="image">
						<left>120</left>
						<top>120</top>
						<width>120</width>
						<height>120</height>
		        <colordiffuse>FFbbbbbb</colordiffuse>
						<aspectratio aligny="center" align="center">stretch</aspectratio>
						<texture background="true" diffuse="views/slide/poster_diffuse_nf.png">$INFO[ListItem.Property(RecommendedAlbum4)]</texture>
					</control>
				</control>
			</itemlayout>
			<focusedlayout width="240" height="240">
				<control type="image">
					<width>240</width>
					<height>240</height>
					<aspectratio aligny="center" align="center">stretch</aspectratio>
					<texture background="true" fallback="thumbs/fallback_square.png">$INFO[ListItem.Icon]</texture>
					<include>SlideViewFocusAnimation</include>
				</control>
				<control type="group">
					<include>SlideViewFocusAnimation</include>
					<visible>![IsEmpty(ListItem.Property(RecommendedAlbum1)) | IsEmpty(ListItem.Property(RecommendedAlbum2)) | IsEmpty(ListItem.Property(RecommendedAlbum3)) | IsEmpty(ListItem.Property(RecommendedAlbum4))]</visible>
					<control type="image">
						<width>120</width>
						<height>120</height>
						<aspectratio aligny="center" align="center">stretch</aspectratio>
						<texture background="true">$INFO[ListItem.Property(RecommendedAlbum1)]</texture>
					</control>
					<control type="image">
						<top>120</top>
						<width>120</width>
						<height>120</height>
						<aspectratio aligny="center" align="center">stretch</aspectratio>
						<texture background="true">$INFO[ListItem.Property(RecommendedAlbum3)]</texture>
					</control>
					<control type="image">
						<left>120</left>
						<width>120</width>
						<height>120</height>
						<aspectratio aligny="center" align="center">stretch</aspectratio>
						<texture background="true">$INFO[ListItem.Property(RecommendedAlbum2)]</texture>
					</control>
					<control type="image">
						<left>120</left>
						<top>120</top>
						<width>120</width>
						<height>120</height>
						<aspectratio aligny="center" align="center">stretch</aspectratio>
						<texture background="true">$INFO[ListItem.Property(RecommendedAlbum4)]</texture>
					</control>
				</control>
	      <include>HomeWidgetsLists_MusicLabels</include>
			</focusedlayout>
      <content>
        <include>RecommendedMusic</include>
      </content>
		</control>
		<control type="image">
	    <include>VisibleFadeEffectRecommended</include>
		  <visible>Control.HasFocus(82)</visible>
			<left>35</left>
			<top>234</top>
			<width>260</width>
			<height>252</height>
			<aspectratio align="center" aligny="center">stretch</aspectratio>
			<texture border="30">views/slide/focus.png</texture>
		</control>


		<!-- ============== -->
		<!-- === Random === -->
		<!-- ============== -->
		<control type="image">
	    <include>VisibleFadeEffectRandom</include>
		  <visible>Control.HasFocus(83)</visible>
			<top>72</top>
			<width>1280</width>
			<height>575</height>
			<aspectratio align="center">stretch</aspectratio>
			<texture background="true">views/slide/top_bottom_shadows_music.png</texture>
	  </control>
		<control type="wraplist" id="83">
		 <visible allowhiddenfocus="true">Control.HasFocus(83)</visible>
	    <include>VisibleFadeEffectRandom</include>
			<left>-192</left>
			<top>240</top>
      <onup>82</onup>
      <ondown>81</ondown>
			<include>HomeWidgets_ListVars</include>
			<itemlayout width="240" height="240">
				<control type="image">
					<width>240</width>
					<height>240</height>
	        <colordiffuse>FFbbbbbb</colordiffuse>
					<aspectratio aligny="center" align="center">stretch</aspectratio>
					<texture background="true" diffuse="views/slide/poster_diffuse_nf.png" fallback="thumbs/fallback_square.png">$INFO[ListItem.Icon]</texture>
				</control>
				<control type="group">
					<visible>![IsEmpty(ListItem.Property(RandomAlbum1)) | IsEmpty(ListItem.Property(RandomAlbum2)) | IsEmpty(ListItem.Property(RandomAlbum3)) | IsEmpty(ListItem.Property(RandomAlbum4))]</visible>
					<control type="image">
						<width>120</width>
						<height>120</height>
		        <colordiffuse>FFbbbbbb</colordiffuse>
						<aspectratio aligny="center" align="center">stretch</aspectratio>
						<texture background="true" diffuse="views/slide/poster_diffuse_nf.png">$INFO[ListItem.Property(RandomAlbum1)]</texture>
					</control>
					<control type="image">
						<top>120</top>
						<width>120</width>
						<height>120</height>
		        <colordiffuse>FFbbbbbb</colordiffuse>
						<aspectratio aligny="center" align="center">stretch</aspectratio>
						<texture background="true" diffuse="views/slide/poster_diffuse_nf.png">$INFO[ListItem.Property(RandomAlbum3)]</texture>
					</control>
					<control type="image">
						<left>120</left>
						<width>120</width>
						<height>120</height>
		        <colordiffuse>FFbbbbbb</colordiffuse>
						<aspectratio aligny="center" align="center">stretch</aspectratio>
						<texture background="true" diffuse="views/slide/poster_diffuse_nf.png">$INFO[ListItem.Property(RandomAlbum2)]</texture>
					</control>
					<control type="image">
						<left>120</left>
						<top>120</top>
						<width>120</width>
						<height>120</height>
		        <colordiffuse>FFbbbbbb</colordiffuse>
						<aspectratio aligny="center" align="center">stretch</aspectratio>
						<texture background="true" diffuse="views/slide/poster_diffuse_nf.png">$INFO[ListItem.Property(RandomAlbum4)]</texture>
					</control>
				</control>
			</itemlayout>
			<focusedlayout width="240" height="240">
				<control type="image">
					<width>240</width>
					<height>240</height>
					<aspectratio aligny="center" align="center">stretch</aspectratio>
					<texture background="true" fallback="thumbs/fallback_square.png">$INFO[ListItem.Icon]</texture>
					<include>SlideViewFocusAnimation</include>
				</control>
				<control type="group">
					<include>SlideViewFocusAnimation</include>
					<visible>![IsEmpty(ListItem.Property(RandomAlbum1)) | IsEmpty(ListItem.Property(RandomAlbum2)) | IsEmpty(ListItem.Property(RandomAlbum3)) | IsEmpty(ListItem.Property(RandomAlbum4))]</visible>
					<control type="image">
						<width>120</width>
						<height>120</height>
						<aspectratio aligny="center" align="center">stretch</aspectratio>
						<texture background="true">$INFO[ListItem.Property(RandomAlbum1)]</texture>
					</control>
					<control type="image">
						<top>120</top>
						<width>120</width>
						<height>120</height>
						<aspectratio aligny="center" align="center">stretch</aspectratio>
						<texture background="true">$INFO[ListItem.Property(RandomAlbum3)]</texture>
					</control>
					<control type="image">
						<left>120</left>
						<width>120</width>
						<height>120</height>
						<aspectratio aligny="center" align="center">stretch</aspectratio>
						<texture background="true">$INFO[ListItem.Property(RandomAlbum2)]</texture>
					</control>
					<control type="image">
						<left>120</left>
						<top>120</top>
						<width>120</width>
						<height>120</height>
						<aspectratio aligny="center" align="center">stretch</aspectratio>
						<texture background="true">$INFO[ListItem.Property(RandomAlbum4)]</texture>
					</control>
				</control>
	      <include>HomeWidgetsLists_MusicLabels</include>
			</focusedlayout>
      <content>
        <include>RandomMusic</include>
      </content>
		</control>
		<control type="image">
	    <include>VisibleFadeEffectRandom</include>
		  <visible>Control.HasFocus(83)</visible>
			<left>35</left>
			<top>234</top>
			<width>260</width>
			<height>252</height>
			<aspectratio align="center" aligny="center">stretch</aspectratio>
			<texture border="30">views/slide/focus.png</texture>
		</control>


		<include>CommonDialogsFadeOutBG</include>

		<!-- ==================== -->
		<!-- === Content Info === -->
		<!-- ==================== -->
	  <control type="group">
	    <include>VisibleFadeEffectRecent</include>
		  <visible>Control.HasFocus(81)</visible>
      <control type="label">
  		  <left>45</left>
  		  <top>25</top>
  		  <include>TopBigLabel</include>
  			<label>$LOCALIZE[31243]</label>
  		</control>
  		<control type="label">
  			<description>Page Count Label</description>
  			<left>45</left>
  			<top>75</top>
  			<width>300</width>
  			<height>20</height>
  			<font>FontSize_18</font>
  			<textcolor>blue</textcolor>
  			<scroll>false</scroll>
  			<align>left</align>
  			<aligny>center</aligny>
  			<label>$INFO[Container(81).NumItems,, $LOCALIZE[31025]]</label>
  		</control>
		</control>

	  <control type="group">
	    <include>VisibleFadeEffectRecommended</include>
		  <visible>Control.HasFocus(82)</visible>
      <control type="label">
  		  <left>45</left>
  		  <top>25</top>
  		  <include>TopBigLabel</include>
  			<label>$LOCALIZE[31262]</label>
  		</control>
  		<control type="label">
  			<description>Page Count Label</description>
  			<left>45</left>
  			<top>75</top>
  			<width>300</width>
  			<height>20</height>
  			<font>FontSize_18</font>
  			<textcolor>blue</textcolor>
  			<scroll>false</scroll>
  			<align>left</align>
  			<aligny>center</aligny>
  			<label>$INFO[Container(82).NumItems,, $LOCALIZE[31025]]</label>
  		</control>
		</control>

	  <control type="group">
	    <include>VisibleFadeEffectRandom</include>
		  <visible>Control.HasFocus(83)</visible>
      <control type="label">
  		  <left>45</left>
  		  <top>25</top>
  		  <include>TopBigLabel</include>
  			<label>$LOCALIZE[31249]</label>
  		</control>
  		<control type="label">
  			<description>Page Count Label</description>
  			<left>45</left>
  			<top>75</top>
  			<width>300</width>
  			<height>20</height>
  			<font>FontSize_18</font>
  			<textcolor>blue</textcolor>
  			<scroll>false</scroll>
  			<align>left</align>
  			<aligny>center</aligny>
  			<label>$INFO[Container(83).NumItems,, $LOCALIZE[31025]]</label>
  		</control>
		</control>

    <include>HomeWidgets_WeatherAndClock</include>

	</control>			

	</controls>
</window>