<?xml version="1.0" encoding="UTF-8"?>
<window id="101">
  <zorder>3</zorder>
	<defaultcontrol always="true">10</defaultcontrol>
	<controls>
	 <control type="group">
		<left>310</left>
		<top>235</top>
		<include>DialogAnimation</include>
    <visible>!Window.IsVisible(virtualkeyboard) + !Window.IsVisible(selectdialog) + !Window.IsVisible(DialogSelect.xml) + !Window.IsVisible(yesnodialog) + !Window.IsVisible(okdialog)</visible>
	  <include>Dialog-OK-YesNo-Progress</include>
		 <control type="grouplist">
  		<left>17</left>
  		<top>168</top>
			<height>60</height>
			<width>480</width>
			<align>left</align>
			<aligny>center</aligny>
			<itemgap>7</itemgap>
			<orientation>horizontal</orientation>
  		<control type="label">
  			<height>48</height>
				<width min="10" max="150">auto</width>
  			<font>FontSize_48</font>
  			<textcolor>white</textcolor>
  			<shadowcolor>99000000</shadowcolor>
  	    <align>left</align>
  			<scroll>false</scroll>
				<label>$INFO[System.Progressbar,,%]</label>
  		</control>
			<control type="group">
				<width>330</width>
				<control type="label">
  			<height>68</height>
				  <width min="10" max="330">auto</width>
					<font>FontSize_22</font>
					<textcolor>bbwhite</textcolor>
					<shadowcolor>99000000</shadowcolor>
			    <align>left</align>
					<scroll>false</scroll>
				  <label>$LOCALIZE[31134]...</label>
				  <visible>IntegerGreaterThan(System.Progressbar,0)</visible>
				</control>
			</control>
		 </control>
		<control type="button" id="10">
			<description>Cancel button</description>
			<left>490</left>
			<top>172</top>
	    <include>DialogsButtonsYesNo</include>
			<onleft>10</onleft>
			<onright>10</onright>
			<onup>10</onup>
			<ondown>10</ondown>
		</control>
	 </control>
	</controls>
</window>