<?xml version="1.0" encoding="UTF-8"?>
<window  type="dialog" id="144">
	<include>DialogAnimation</include>
	<controls>
   <control type="group">
		<left>310</left>
		<top>235</top>
	  <include>DialogAnimation</include>
	  <control type="image">
		  <left>0</left>
		  <top>0</top>
		  <width>660</width>
		  <height>57</height>
		  <colordiffuse>blue</colordiffuse>
		  <texture background="true" border="9">dialogs/other/header.png</texture>
	  </control>
	  <control type="image">
		  <left>0</left>
		  <top>55</top>
		  <width>660</width>
		  <height>145</height>
		  <texture background="true" border="39,19,39,19">dialogs/other/body.png</texture>
	  </control>
		 <control type="image">
			<left>2</left>
			<top>53</top>
			<width>656</width>
			<height>4</height>
			<aspectratio>stretch</aspectratio>
			<texture background="true">dialogs/other/header_line.png</texture>
		 </control>
    <control type="label">
      <description>header label</description>
      <left>15</left>
      <top>12</top>
      <width>630</width>
	    <include>DialogsHeaderLabel</include>
		  <label>$LOCALIZE[31017]</label>
    </control>
	  <control type="group">
			<posx>20</posx>
			<posy>60</posy>
			<control type="label" id="401">
				<description>Song Number Label</description>
				<posx>0</posx>
				<posy>0</posy>
        <width>630</width>
				<height>40</height>
  			<font>FontSize_22</font>
  			<textcolor>99white</textcolor>
  			<shadowcolor>99000000</shadowcolor>
				<align>left</align>
				<label>-</label>
				<haspath>true</haspath>
			</control>
			<control type="label" id="402">
				<description>Song Name Label</description>
				<posx>0</posx>
				<posy>25</posy>
        <width>630</width>
				<height>40</height>
  			<font>FontSize_22</font>
  			<textcolor>99white</textcolor>
  			<shadowcolor>99000000</shadowcolor>
				<align>left</align>
				<label>-</label>
				<haspath>true</haspath>
				<animation effect="slide" start="0,0" end="0,-25" time="0" condition="IsEmpty(Control.GetLabel(401))">Conditional</animation>
			</control>
		</control>
	 </control>
	</controls>
</window>
