<?xml version="1.0" encoding="UTF-8"?>
<window  id="109">
	<defaultcontrol always="true">21</defaultcontrol>
	<controls>

		<control type="group">
			<include>DialogAnimation</include>
			<control type="image">
				<left>504</left>
				<top>176</top>
				<width>272</width>
				<height>372</height>
				<texture background="true" border="39">views/other/panel.png</texture>
			</control>
			<control type="image">
				<description>background image</description>
				<include>FullscreenDimensions</include>
				<texture>dialogs/keyboard/bg_numpad.png</texture>
			</control>

  		<control type="label" id="1">
  			<description>Heading</description>
  			<left>510</left>
  			<top>202</top>
  			<width>260</width>
  			<font>FontSize_32</font>
  			<textcolor>white</textcolor>
  			<align>center</align>
  			<scroll>true</scroll>
  			<scrollspeed>20</scrollspeed>
  		</control>
  		<control type="label" id="4">
  			<description>Edit Text</description>
  			<left>526</left>
  			<top>248</top>
  			<width>228</width>
  			<font>FontSize_34</font>
  			<textcolor>77white</textcolor>
  			<align>center</align>
  			<scroll>true</scroll>
  			<scrollspeed>20</scrollspeed>
  		</control>
										
			<control type="group">
				<left>513</left>
				<top>289</top>
					
				<!-- Row 1 -->
				<control type="button" id="11">
					<description>'1' button</description>
					<left>21</left>
					<top>24</top>
					<width>48</width>
					<height>48</height>
					<onleft>23</onleft>
					<onright>12</onright>
					<onup>20</onup>
					<ondown>14</ondown>
					<texturenofocus border="6,8,6,8">dialogs/keyboard/button_nf.png</texturenofocus>
					<texturefocus border="6,8,6,8">dialogs/keyboard/button_fo.png</texturefocus>
					<align>left</align>
					<aligny>top</aligny>
					<font>FontSize_16B</font>
					<textoffsetx>10</textoffsetx>
					<textoffsety>5</textoffsety>
					<textcolor>99grey</textcolor>
					<focusedcolor>white</focusedcolor>
					<label>12311</label>
				</control>
				
				<control type="button" id="12">
					<description>'2' button</description>
					<left>76</left>
					<top>24</top>
					<width>48</width>
					<height>48</height>
					<onleft>11</onleft>
					<onright>13</onright>
					<onup>10</onup>
					<ondown>15</ondown>
					<texturenofocus border="6,8,6,8">dialogs/keyboard/button_nf.png</texturenofocus>
					<texturefocus border="6,8,6,8">dialogs/keyboard/button_fo.png</texturefocus>
					<align>left</align>
					<aligny>top</aligny>
					<font>FontSize_16B</font>
					<textoffsetx>10</textoffsetx>
					<textoffsety>5</textoffsety>
					<textcolor>99grey</textcolor>
					<focusedcolor>white</focusedcolor>
					<label>12312</label>
				</control>
				
				<control type="button" id="13">
					<description>'3' button</description>
					<left>131</left>
					<top>24</top>
					<width>48</width>
					<height>48</height>
					<onleft>12</onleft>
					<onright>23</onright>
					<onup>22</onup>
					<ondown>16</ondown>
					<texturenofocus border="6,8,6,8">dialogs/keyboard/button_nf.png</texturenofocus>
					<texturefocus border="6,8,6,8">dialogs/keyboard/button_fo.png</texturefocus>
					<align>left</align>
					<aligny>top</aligny>
					<font>FontSize_16B</font>
					<textoffsetx>10</textoffsetx>
					<textoffsety>5</textoffsety>
					<textcolor>99grey</textcolor>
					<focusedcolor>white</focusedcolor>
					<label>12313</label>
				</control>
				
				<!-- Row 2 -->
				<control type="button" id="14">
					<description>'4' button</description>
					<left>21</left>
					<top>76</top>
					<width>48</width>
					<height>48</height>
					<onleft>23</onleft>
					<onright>15</onright>
					<onup>11</onup>
					<ondown>17</ondown>
					<texturenofocus border="6,8,6,8">dialogs/keyboard/button_nf.png</texturenofocus>
					<texturefocus border="6,8,6,8">dialogs/keyboard/button_fo.png</texturefocus>
					<align>left</align>
					<aligny>top</aligny>
					<font>FontSize_16B</font>
					<textoffsetx>10</textoffsetx>
					<textoffsety>5</textoffsety>
					<textcolor>99grey</textcolor>
					<focusedcolor>white</focusedcolor>
					<label>12314</label>
				</control>
				
				<control type="button" id="15">
					<description>'5' button</description>
					<left>76</left>
					<top>76</top>
					<width>48</width>
					<height>48</height>
					<onleft>14</onleft>
					<onright>16</onright>
					<onup>12</onup>
					<ondown>18</ondown>
					<texturenofocus border="6,8,6,8">dialogs/keyboard/button_nf.png</texturenofocus>
					<texturefocus border="6,8,6,8">dialogs/keyboard/button_fo.png</texturefocus>
					<align>left</align>
					<aligny>top</aligny>
					<font>FontSize_16B</font>
					<textoffsetx>10</textoffsetx>
					<textoffsety>5</textoffsety>
					<textcolor>99grey</textcolor>
					<focusedcolor>white</focusedcolor>
					<label>12315</label>
				</control>
				
				<control type="button" id="16">
					<description>'6' button</description>
					<left>131</left>
					<top>76</top>
					<width>48</width>
					<height>48</height>
					<onleft>15</onleft>
					<onright>23</onright>
					<onup>13</onup>
					<ondown>19</ondown>
					<texturenofocus border="6,8,6,8">dialogs/keyboard/button_nf.png</texturenofocus>
					<texturefocus border="6,8,6,8">dialogs/keyboard/button_fo.png</texturefocus>
					<align>left</align>
					<aligny>top</aligny>
					<font>FontSize_16B</font>
					<textoffsetx>10</textoffsetx>
					<textoffsety>5</textoffsety>
					<textcolor>99grey</textcolor>
					<focusedcolor>white</focusedcolor>
					<label>12316</label>
				</control>
				
				<!-- Row 3 -->
				<control type="button" id="17">
					<description>'7' button</description>
					<left>21</left>
					<top>128</top>
					<width>48</width>
					<height>48</height>
					<onleft>21</onleft>
					<onright>18</onright>
					<onup>14</onup>
					<ondown>20</ondown>
					<texturenofocus border="6,8,6,8">dialogs/keyboard/button_nf.png</texturenofocus>
					<texturefocus border="6,8,6,8">dialogs/keyboard/button_fo.png</texturefocus>
					<align>left</align>
					<aligny>top</aligny>
					<font>FontSize_16B</font>
					<textoffsetx>10</textoffsetx>
					<textoffsety>5</textoffsety>
					<textcolor>99grey</textcolor>
					<focusedcolor>white</focusedcolor>
					<label>12317</label>
				</control>
				
				<control type="button" id="18">
					<description>'8' button</description>
					<left>76</left>
					<top>128</top>
					<width>48</width>
					<height>48</height>
					<onleft>17</onleft>
					<onright>19</onright>
					<onup>15</onup>
					<ondown>10</ondown>
					<texturenofocus border="6,8,6,8">dialogs/keyboard/button_nf.png</texturenofocus>
					<texturefocus border="6,8,6,8">dialogs/keyboard/button_fo.png</texturefocus>
					<align>left</align>
					<aligny>top</aligny>
					<font>FontSize_16B</font>
					<textoffsetx>10</textoffsetx>
					<textoffsety>5</textoffsety>
					<textcolor>99grey</textcolor>
					<focusedcolor>white</focusedcolor>
					<label>12318</label>
				</control>
				
				<control type="button" id="19">
					<description>'9' button</description>
					<left>131</left>
					<top>128</top>
					<width>48</width>
					<height>48</height>
					<onleft>18</onleft>
					<onright>21</onright>
					<onup>16</onup>
					<ondown>22</ondown>
					<texturenofocus border="6,8,6,8">dialogs/keyboard/button_nf.png</texturenofocus>
					<texturefocus border="6,8,6,8">dialogs/keyboard/button_fo.png</texturefocus>
					<align>left</align>
					<aligny>top</aligny>
					<font>FontSize_16B</font>
					<textoffsetx>10</textoffsetx>
					<textoffsety>5</textoffsety>
					<textcolor>99grey</textcolor>
					<focusedcolor>white</focusedcolor>
					<label>12319</label>
				</control>
				
				<!-- Row 4 -->
				<control type="button" id="20">
					<description>'Previous' button</description>
					<left>21</left>
					<top>180</top>
					<width>48</width>
					<height>48</height>
					<onleft>21</onleft>
					<onright>10</onright>
					<onup>17</onup>
					<ondown>11</ondown>
					<texturenofocus border="6,8,6,8">dialogs/keyboard/button_left_nf.png</texturenofocus>
					<texturefocus border="6,8,6,8">dialogs/keyboard/button_left_fo.png</texturefocus>
				</control>
				
				<control type="button" id="10">
					<description>'0' button</description>
					<left>76</left>
					<top>180</top>
					<width>48</width>
					<height>48</height>
					<onleft>20</onleft>
					<onright>22</onright>
					<onup>18</onup>
					<ondown>12</ondown>
					<texturenofocus border="6,8,6,8">dialogs/keyboard/button_nf.png</texturenofocus>
					<texturefocus border="6,8,6,8">dialogs/keyboard/button_fo.png</texturefocus>
					<align>left</align>
					<aligny>top</aligny>
					<font>FontSize_16B</font>
					<textoffsetx>10</textoffsetx>
					<textoffsety>5</textoffsety>
					<textcolor>99grey</textcolor>
					<focusedcolor>white</focusedcolor>
					<label>12310</label>
				</control>
				
				<control type="button" id="22">
					<description>'Next' button</description>
					<left>131</left>
					<top>180</top>
					<width>48</width>
					<height>48</height>
					<onleft>10</onleft>
					<onright>21</onright>
					<onup>19</onup>
					<ondown>13</ondown>
					<texturenofocus border="6,8,6,8">dialogs/keyboard/button_right_nf.png</texturenofocus>
					<texturefocus border="6,8,6,8">dialogs/keyboard/button_right_fo.png</texturefocus>
				</control>
				
				<!-- Big Side Buttons -->
				<control type="button" id="23">
					<description>'Backspace' button</description>
					<left>186</left>
					<top>24</top>
					<width>48</width>
					<height>100</height>
					<onleft>13</onleft>
					<onright>11</onright>
					<onup>21</onup>
					<ondown>21</ondown>
					<texturenofocus border="6,8,6,8">dialogs/keyboard/button_nf.png</texturenofocus>
					<texturefocus border="6,8,6,8">dialogs/keyboard/button_fo.png</texturefocus>
					<align>left</align>
					<aligny>top</aligny>
					<font>FontSize_16B</font>
					<textoffsetx>21</textoffsetx>
					<textoffsety>94</textoffsety>
					<textwidth>120</textwidth>
				  <angle>90</angle>
					<textcolor>99grey</textcolor>
					<focusedcolor>white</focusedcolor>
					<label>20181</label>
				</control>
		
				<control type="button" id="21">
					<description>'Done' button</description>
					<left>186</left>
					<top>128</top>
					<width>48</width>
					<height>100</height>
					<onleft>19</onleft>
					<onright>17</onright>
					<onup>23</onup>
					<ondown>23</ondown>
					<texturenofocus border="6,8,6,8">dialogs/keyboard/button_nf.png</texturenofocus>
					<texturefocus border="6,8,6,8">dialogs/keyboard/button_fo.png</texturefocus>
					<align>left</align>
					<aligny>top</aligny>
					<font>FontSize_15B</font>
					<textoffsetx>21</textoffsetx>
					<textoffsety>92</textoffsety>
					<textwidth>120</textwidth>
				  <angle>90</angle>
					<textcolor>99grey</textcolor>
					<focusedcolor>white</focusedcolor>
					<label>20177</label>
				</control>
			</control>
		</control>

	</controls>
</window>