<?xml version="1.0" encoding="UTF-8"?>
<window>
  <backgroundcolor>0</backgroundcolor>
	<onload>ClearProperty(TVGuide.MondayList,Home)</onload>
	<onload>ClearProperty(TVGuide.TuesdayList,Home)</onload>
	<onload>ClearProperty(TVGuide.WednesdayList,Home)</onload>
	<onload>ClearProperty(TVGuide.ThursdayList,Home)</onload>
	<onload>ClearProperty(TVGuide.FridayList,Home)</onload>
	<onload>ClearProperty(TVGuide.SaturdayList,Home)</onload>
	<onload>ClearProperty(TVGuide.SundayList,Home)</onload>
	<onload condition="IsEmpty(Skin.String(PreviewThumb))">Skin.SetString(PreviewThumb,1)</onload>
	<controls>
	 <include>BackgroundItems</include>

	 <control type="group">
	  <include>Window_OpenClose_Animation</include>
    <include>DialogZoomInOutAnimation</include>
    <animation type="Conditional" reversible="true" condition="Window.IsActive(ShutdownMenu) | Window.IsActive(addonsettings)">
      <effect type="fade" start="100" end="0" time="300" tween="cubic" easing="inout" />
      <effect type="slide" start="0,0" end="0,35" time="350" tween="cubic" easing="inout" />
    </animation>
		<control type="image">
			<description>background image</description>
			<texture background="true">windows/tvguide/bg_half.png</texture>
		  <visible>!Skin.HasSetting(HideExtraInfo)</visible>
		</control>
		<control type="image">
			<description>background image</description>
			<texture background="true">windows/tvguide/bg_full.png</texture>
		  <visible>Skin.HasSetting(HideExtraInfo)</visible>
		</control>

		<control type="group">
			<description>Extra Info</description>
		  <visible>!Skin.HasSetting(HideExtraInfo)</visible>
			<!-- Preview Thumbs -->
			<control type="image">
				<description>BlackBorder</description>
				<left>60</left>
				<top>138</top>
				<width>295</width>
				<height>168</height>
				<aspectratio aligny="center" align="center">stretch</aspectratio>
				<texture background="true" border="39">thumbs/thumb_border.png</texture>
			</control>
			<control type="image">
				<description>Landscape Preview Thumb</description>
				<left>60</left>
				<top>138</top>
				<width>295</width>
				<height>168</height>
        <fadetime>IconCrossfadeTime</fadetime>
				<aspectratio aligny="center" align="center">stretch</aspectratio>
				<texture background="true" fallback="thumbs/fallback_fanart_tp.png">$VAR[TVGuideLandscape]</texture>
				<bordersize>6</bordersize>
				<visible>Stringcompare(Skin.String(PreviewThumb),1)</visible>
			</control>
			<control type="image">
				<description>ClearLogo Preview Thumb</description>
				<left>60</left>
				<top>138</top>
				<width>295</width>
				<height>168</height>
        <fadetime>IconCrossfadeTime</fadetime>
				<aspectratio aligny="center" align="center">keep</aspectratio>
				<texture background="true" fallback="thumbs/fallback_fanart_tp.png">$VAR[TVGuideLogo]</texture>
				<bordersize>20</bordersize>
				<visible>Stringcompare(Skin.String(PreviewThumb),2)</visible>
			</control>
			<control type="image">
				<description>Fanart Preview Thumb</description>
				<left>60</left>
				<top>138</top>
				<width>295</width>
				<height>168</height>
        <fadetime>IconCrossfadeTime</fadetime>
				<aspectratio aligny="center" align="center">stretch</aspectratio>
				<texture background="true" fallback="thumbs/fallback_fanart_tp.png">$VAR[TVGuideFanart]</texture>
				<bordersize>6</bordersize>
				<visible>Stringcompare(Skin.String(PreviewThumb),3)</visible>
			</control>
			<!-- Studio -->
			<control type="image">
				<description>Studio Border</description>
				<left>1085</left>
				<top>140</top>
				<width>134</width>
				<height>80</height>
				<aspectratio aligny="center" align="center">stretch</aspectratio>
				<texture background="true" border="10">thumbs/thumb_border.png</texture>
        <fadetime>100</fadetime>
				<visible>!Stringcompare(Skin.String(PreviewThumb),3)</visible>
			</control>
			<control type="image">
				<description>Studio</description>
				<left>1082</left>
				<top>140</top>
				<width>134</width>
				<height>80</height>
				<aspectratio aligny="center" align="center">scale</aspectratio>
				<texture background="true" fallback="flags/studios/fallbackstudio.png" border="6">$VAR[TVGuideStudio]</texture>
				<colordiffuse>77ffffff</colordiffuse>
        <fadetime>100</fadetime>
				<visible>!Stringcompare(Skin.String(PreviewThumb),3)</visible>
			</control>
			<!-- ClearArt -->
			<control type="image">
				<description>clearart</description>
				<left>965</left>
				<top>173</top>
				<width>250</width>
				<height>140</height>
				<aspectratio aligny="center" align="right">stretch</aspectratio>
				<texture background="true">$VAR[TVGuideClearart]</texture>
        <fadetime>100</fadetime>
				<colordiffuse>ddffffff</colordiffuse>
				<visible>Stringcompare(Skin.String(PreviewThumb),3)</visible>
			</control>			
			<!-- Extra Info Labels -->
			<control type="label">
				<left>367</left>
				<top>140</top>
				<width>650</width>
				<height>35</height>
				<label>$VAR[NextAiredLabel]</label>
				<align>left</align>
				<aligny>center</aligny>
				<font>FontSize_36</font>
				<textcolor>white</textcolor>
        <include>VisibleFadeEffect2</include>
			</control>
			<control type="label">
				<left>369</left>
				<top>170</top>
				<width>650</width>
				<height>35</height>
				<label>$VAR[NextAiredGenre]</label>
				<align>left</align>
				<aligny>center</aligny>
				<font>FontSize_20</font>
				<textcolor>77white</textcolor>
        <include>VisibleFadeEffect2</include>
			</control>
			<control type="grouplist">
				<left>369</left>
				<top>223</top>
				<width>650</width>
        <height>35</height>
			  <orientation>horizontal</orientation>
				<control type="label">
					<width min="10" max="650">auto</width>
					<height>35</height>
					<label>$LOCALIZE[209] $LOCALIZE[20359]:</label>
					<font>FontSize_18B</font>
				  <textcolor>77white</textcolor>
				</control>
				<control type="label">
					<width min="10" max="500">auto</width>
					<height>35</height>
				  <label fallback="195">$VAR[NextAiredNumber,,. ]$VAR[NextAiredTitle]</label>
					<font>FontSize_18</font>
				  <textcolor>77white</textcolor>
				  <scroll>false</scroll>
				</control>
			</control>
			<control type="grouplist">
				<left>369</left>
				<top>248</top>
				<width>650</width>
        <height>35</height>
			  <orientation>horizontal</orientation>
				<control type="label">
					<width min="10" max="650">auto</width>
					<height>35</height>
					<label>$LOCALIZE[31214]:</label>
					<font>FontSize_18B</font>
				  <textcolor>77white</textcolor>
				</control>
				<control type="label">
					<width min="10" max="650">auto</width>
					<height>35</height>
				  <label fallback="195">$VAR[NextAiredDate]$VAR[NextAiredDay,  ]$VAR[NextAiredShortTime, at ]</label>
					<font>FontSize_18</font>
				  <textcolor>77white</textcolor>
				  <scroll>false</scroll>
				  <visible>!Stringcompare(Skin.String(PreviewThumb),3)</visible>
				</control>
				<control type="label">
					<width min="10" max="650">auto</width>
					<height>35</height>
				  <label fallback="195">$VAR[NextAiredDate]$VAR[NextAiredDay,  ]$VAR[NextAiredShortTime, at ]$VAR[NextAiredStudio, on ]</label>
					<font>FontSize_18</font>
				  <textcolor>77white</textcolor>
				  <scroll>false</scroll>
				  <visible>Stringcompare(Skin.String(PreviewThumb),3)</visible>
				</control>
			</control>
			<control type="grouplist">
				<left>369</left>
				<top>273</top>
				<width>650</width>
        <height>35</height>
			  <orientation>horizontal</orientation>
				<control type="label">
					<width min="10" max="650">auto</width>
					<height>35</height>
					<label>$LOCALIZE[2050]:</label>
					<font>FontSize_18B</font>
				  <textcolor>77white</textcolor>
				</control>
				<control type="label">
					<width min="10" max="650">auto</width>
					<height>35</height>
				  <label fallback="195">$VAR[NextAiredRunTime]</label>
					<font>FontSize_18</font>
				  <textcolor>77white</textcolor>
				  <scroll>false</scroll>
				</control>
			</control>
	  </control>

		<control type="grouplist" id="2000">
			<left>68</left>
			<top>317</top>
			<width>1150</width>
			<height>660</height>
			<orientation>horizontal</orientation>
			<align>left</align>
			<itemgap>4</itemgap>
			<animation effect="slide" start="0,0" end="0,-168" condition="Skin.HasSetting(HideExtraInfo)">Conditional</animation>
			<control type="group">
				<description>Monday</description>
				<width>160</width>
				<height>320</height>
				<control type="image">
					<left>0</left>
					<top>0</top>
					<width>160</width>
					<height>35</height>
					<texture>buttons/focus.png</texture>
				  <visible>Control.HasFocus(200)</visible>
	        <include>VisibleFadeEffect2</include>
		 <!-- <colordiffuse>90FFFFFF</colordiffuse> -->
				</control>
				<control type="label">
					<left>0</left>
					<top>0</top>
					<width>160</width>
					<height>35</height>
					<label>$LOCALIZE[11]</label>
					<align>center</align>
					<aligny>center</aligny>
					<font>FontSize_20</font>
					<textcolor>white</textcolor>
				  <visible>Control.HasFocus(200)</visible>
	        <include>VisibleFadeEffect2</include>
				</control>
				<control type="label">
					<left>0</left>
					<top>0</top>
					<width>160</width>
					<height>35</height>
					<label>$LOCALIZE[11]</label>
					<align>center</align>
					<aligny>center</aligny>
					<font>FontSize_20</font>
					<textcolor>77white</textcolor>
				  <visible>!Control.HasFocus(200)</visible>
	        <include>VisibleFadeEffect2</include>
				</control>
				<control type="panel" id="200">
					<left>0</left>
					<top>39</top>
					<width>160</width>
	        <include condition="!Skin.HasSetting(HideExtraInfo)">TVGuideLayoutHalf</include>
	        <include condition="Skin.HasSetting(HideExtraInfo)">TVGuideLayoutFull</include>
			    <scrolltime tween="Cubic" easing="Out">350</scrolltime>
					<onup>9000</onup>
					<ondown>200</ondown>
					<onleft>200</onleft>
					<onright>201</onright>
					<include>TVGuideLayout</include>
				</control>
				<control type="image">
					<left>70</left>
					<top>292</top>
					<width>21</width>
					<height>18</height>
					<align>center</align>
					<aligny>center</aligny>
					<texture flipy="true">views/scrollbar/arrow.png</texture>
			    <animation effect="slide" start="0,0" end="0,167" condition="Skin.HasSetting(HideExtraInfo)">Conditional</animation>
					<animation type="Conditional" reversible="false" condition="!Control.HasFocus(200)">
					  <effect type="fade" start="100" end="30" tween="sine" easing="inout" time="300"/>
					</animation>
					<animation type="Conditional" reversible="false" condition="Control.HasFocus(200)" pulse="true">
					  <effect type="fade" start="30" end="100" tween="sine" easing="inout" time="1200"/>
						<effect type="slide" start="0,0" end="0,3" tween="sine" easing="inout" time="1200"/>
					</animation>
				  <visible>Container(200).HasNext</visible>
			  </control>
			</control>
			<control type="group">
				<description>Tuesday</description>
				<width>160</width>
				<height>320</height>
				<control type="image">
					<left>0</left>
					<top>0</top>
					<width>160</width>
					<height>35</height>
					<texture>buttons/focus.png</texture>
				  <visible>Control.HasFocus(201)</visible>
	        <include>VisibleFadeEffect2</include>
				</control>
				<control type="label">
					<left>0</left>
					<top>0</top>
					<width>160</width>
					<height>35</height>
					<label>$LOCALIZE[12]</label>
					<align>center</align>
					<aligny>center</aligny>
					<font>FontSize_20</font>
					<textcolor>white</textcolor>
				  <visible>Control.HasFocus(201)</visible>
	        <include>VisibleFadeEffect2</include>
				</control>
				<control type="label">
					<left>0</left>
					<top>0</top>
					<width>160</width>
					<height>35</height>
					<label>$LOCALIZE[12]</label>
					<align>center</align>
					<aligny>center</aligny>
					<font>FontSize_20</font>
					<textcolor>77white</textcolor>
				  <visible>!Control.HasFocus(201)</visible>
	        <include>VisibleFadeEffect2</include>
				</control>
				<control type="panel" id="201">
					<left>0</left>
					<top>39</top>
					<width>160</width>
	        <include condition="!Skin.HasSetting(HideExtraInfo)">TVGuideLayoutHalf</include>
	        <include condition="Skin.HasSetting(HideExtraInfo)">TVGuideLayoutFull</include>
			    <scrolltime tween="Cubic" easing="Out">350</scrolltime>
					<onup>9000</onup>
					<ondown>201</ondown>
					<onleft>200</onleft>
					<onright>202</onright>
					<include>TVGuideLayout</include>
				</control>
				<control type="image">
					<left>70</left>
					<top>292</top>
					<width>21</width>
					<height>18</height>
					<align>center</align>
					<aligny>center</aligny>
					<texture flipy="true">views/scrollbar/arrow.png</texture>
			    <animation effect="slide" start="0,0" end="0,167" condition="Skin.HasSetting(HideExtraInfo)">Conditional</animation>
					<animation type="Conditional" reversible="false" condition="!Control.HasFocus(201)">
					  <effect type="fade" start="100" end="30" tween="sine" easing="inout" time="300"/>
					</animation>
					<animation type="Conditional" reversible="false" condition="Control.HasFocus(201)" pulse="true">
					  <effect type="fade" start="30" end="100" tween="sine" easing="inout" time="1200"/>
						<effect type="slide" start="0,0" end="0,3" tween="sine" easing="inout" time="1200"/>
					</animation>
				  <visible>Container(201).HasNext</visible>
			  </control>
			</control>
			<control type="group">
				<description>Wednesday</description>
				<width>160</width>
				<height>320</height>
				<control type="image">
					<left>0</left>
					<top>0</top>
					<width>160</width>
					<height>35</height>
					<texture>buttons/focus.png</texture>
				  <visible>Control.HasFocus(202)</visible>
	        <include>VisibleFadeEffect2</include>
				</control>
				<control type="label">
					<left>0</left>
					<top>0</top>
					<width>160</width>
					<height>35</height>
					<label>$LOCALIZE[13]</label>
					<align>center</align>
					<aligny>center</aligny>
					<font>FontSize_20</font>
					<textcolor>white</textcolor>
				  <visible>Control.HasFocus(202)</visible>
	        <include>VisibleFadeEffect2</include>
				</control>
				<control type="label">
					<left>0</left>
					<top>0</top>
					<width>160</width>
					<height>35</height>
					<label>$LOCALIZE[13]</label>
					<align>center</align>
					<aligny>center</aligny>
					<font>FontSize_20</font>
					<textcolor>77white</textcolor>
				  <visible>!Control.HasFocus(202)</visible>
	        <include>VisibleFadeEffect2</include>
				</control>
				<control type="panel" id="202">
					<left>0</left>
					<top>39</top>
					<width>160</width>
	        <include condition="!Skin.HasSetting(HideExtraInfo)">TVGuideLayoutHalf</include>
	        <include condition="Skin.HasSetting(HideExtraInfo)">TVGuideLayoutFull</include>
			    <scrolltime tween="Cubic" easing="Out">350</scrolltime>
					<onup>9000</onup>
					<ondown>202</ondown>
					<onleft>201</onleft>
					<onright>203</onright>
					<include>TVGuideLayout</include>
				</control>
				<control type="image">
					<left>70</left>
					<top>292</top>
					<width>21</width>
					<height>18</height>
					<align>center</align>
					<aligny>center</aligny>
					<texture flipy="true">views/scrollbar/arrow.png</texture>
			    <animation effect="slide" start="0,0" end="0,167" condition="Skin.HasSetting(HideExtraInfo)">Conditional</animation>
					<animation type="Conditional" reversible="false" condition="!Control.HasFocus(202)">
					  <effect type="fade" start="100" end="30" tween="sine" easing="inout" time="300"/>
					</animation>
					<animation type="Conditional" reversible="false" condition="Control.HasFocus(202)" pulse="true">
					  <effect type="fade" start="30" end="100" tween="sine" easing="inout" time="1200"/>
						<effect type="slide" start="0,0" end="0,3" tween="sine" easing="inout" time="1200"/>
					</animation>
				  <visible>Container(202).HasNext</visible>
			  </control>
			</control>
			<control type="group">
				<description>Thursday</description>
				<width>160</width>
				<height>320</height>
				<control type="image">
					<left>0</left>
					<top>0</top>
					<width>160</width>
					<height>35</height>
					<texture>buttons/focus.png</texture>
				  <visible>Control.HasFocus(203)</visible>
	        <include>VisibleFadeEffect2</include>
				</control>
				<control type="label">
					<left>0</left>
					<top>0</top>
					<width>160</width>
					<height>35</height>
					<label>$LOCALIZE[14]</label>
					<align>center</align>
					<aligny>center</aligny>
					<font>FontSize_20</font>
					<textcolor>white</textcolor>
				  <visible>Control.HasFocus(203)</visible>
	        <include>VisibleFadeEffect2</include>
				</control>
				<control type="label">
					<left>0</left>
					<top>0</top>
					<width>160</width>
					<height>35</height>
					<label>$LOCALIZE[14]</label>
					<align>center</align>
					<aligny>center</aligny>
					<font>FontSize_20</font>
					<textcolor>77white</textcolor>
				  <visible>!Control.HasFocus(203)</visible>
	        <include>VisibleFadeEffect2</include>
				</control>
				<control type="panel" id="203">
					<left>0</left>
					<top>39</top>
					<width>160</width>
	        <include condition="!Skin.HasSetting(HideExtraInfo)">TVGuideLayoutHalf</include>
	        <include condition="Skin.HasSetting(HideExtraInfo)">TVGuideLayoutFull</include>
			    <scrolltime tween="Cubic" easing="Out">350</scrolltime>
					<onup>9000</onup>
					<ondown>203</ondown>
					<onleft>202</onleft>
					<onright>204</onright>
					<include>TVGuideLayout</include>
				</control>
				<control type="image">
					<left>70</left>
					<top>292</top>
					<width>21</width>
					<height>18</height>
					<align>center</align>
					<aligny>center</aligny>
					<texture flipy="true">views/scrollbar/arrow.png</texture>
			    <animation effect="slide" start="0,0" end="0,167" condition="Skin.HasSetting(HideExtraInfo)">Conditional</animation>
					<animation type="Conditional" reversible="false" condition="!Control.HasFocus(203)">
					  <effect type="fade" start="100" end="30" tween="sine" easing="inout" time="300"/>
					</animation>
					<animation type="Conditional" reversible="false" condition="Control.HasFocus(203)" pulse="true">
					  <effect type="fade" start="30" end="100" tween="sine" easing="inout" time="1200"/>
						<effect type="slide" start="0,0" end="0,3" tween="sine" easing="inout" time="1200"/>
					</animation>
				  <visible>Container(203).HasNext</visible>
			  </control>
			</control>
			<control type="group">
				<description>Friday</description>
				<width>160</width>
				<height>320</height>
				<control type="image">
					<left>0</left>
					<top>0</top>
					<width>160</width>
					<height>35</height>
					<texture>buttons/focus.png</texture>
				  <visible>Control.HasFocus(204)</visible>
	        <include>VisibleFadeEffect2</include>
				</control>
				<control type="label">
					<left>0</left>
					<top>0</top>
					<width>160</width>
					<height>35</height>
					<label>$LOCALIZE[15]</label>
					<align>center</align>
					<aligny>center</aligny>
					<font>FontSize_20</font>
					<textcolor>white</textcolor>
				  <visible>Control.HasFocus(204)</visible>
	        <include>VisibleFadeEffect2</include>
				</control>
				<control type="label">
					<left>0</left>
					<top>0</top>
					<width>160</width>
					<height>35</height>
					<label>$LOCALIZE[15]</label>
					<align>center</align>
					<aligny>center</aligny>
					<font>FontSize_20</font>
					<textcolor>77white</textcolor>
				  <visible>!Control.HasFocus(204)</visible>
	        <include>VisibleFadeEffect2</include>
				</control>
				<control type="panel" id="204">
					<left>0</left>
					<top>39</top>
					<width>160</width>
	        <include condition="!Skin.HasSetting(HideExtraInfo)">TVGuideLayoutHalf</include>
	        <include condition="Skin.HasSetting(HideExtraInfo)">TVGuideLayoutFull</include>
			    <scrolltime tween="Cubic" easing="Out">350</scrolltime>
					<onup>9000</onup>
					<ondown>204</ondown>
					<onleft>203</onleft>
					<onright>205</onright>
					<include>TVGuideLayout</include>
				</control>
				<control type="image">
					<left>70</left>
					<top>292</top>
					<width>21</width>
					<height>18</height>
					<align>center</align>
					<aligny>center</aligny>
					<texture flipy="true">views/scrollbar/arrow.png</texture>
			    <animation effect="slide" start="0,0" end="0,167" condition="Skin.HasSetting(HideExtraInfo)">Conditional</animation>
					<animation type="Conditional" reversible="false" condition="!Control.HasFocus(204)">
					  <effect type="fade" start="100" end="30" tween="sine" easing="inout" time="300"/>
					</animation>
					<animation type="Conditional" reversible="false" condition="Control.HasFocus(204)" pulse="true">
					  <effect type="fade" start="30" end="100" tween="sine" easing="inout" time="1200"/>
						<effect type="slide" start="0,0" end="0,3" tween="sine" easing="inout" time="1200"/>
					</animation>
				  <visible>Container(204).HasNext</visible>
			  </control>
			</control>
			<control type="group">
				<description>Saturday</description>
				<width>160</width>
				<height>320</height>
				<control type="image">
					<left>0</left>
					<top>0</top>
					<width>160</width>
					<height>35</height>
					<texture>buttons/focus.png</texture>
				  <visible>Control.HasFocus(205)</visible>
	        <include>VisibleFadeEffect2</include>
				</control>
				<control type="label">
					<left>0</left>
					<top>0</top>
					<width>160</width>
					<height>35</height>
					<label>$LOCALIZE[16]</label>
					<align>center</align>
					<aligny>center</aligny>
					<font>FontSize_20</font>
					<textcolor>white</textcolor>
				  <visible>Control.HasFocus(205)</visible>
	        <include>VisibleFadeEffect2</include>
				</control>
				<control type="label">
					<left>0</left>
					<top>0</top>
					<width>160</width>
					<height>35</height>
					<label>$LOCALIZE[16]</label>
					<align>center</align>
					<aligny>center</aligny>
					<font>FontSize_20</font>
					<textcolor>77white</textcolor>
				  <visible>!Control.HasFocus(205)</visible>
	        <include>VisibleFadeEffect2</include>
				</control>
				<control type="panel" id="205">
					<left>0</left>
					<top>39</top>
					<width>160</width>
	        <include condition="!Skin.HasSetting(HideExtraInfo)">TVGuideLayoutHalf</include>
	        <include condition="Skin.HasSetting(HideExtraInfo)">TVGuideLayoutFull</include>
			    <scrolltime tween="Cubic" easing="Out">350</scrolltime>
					<onup>9000</onup>
					<ondown>205</ondown>
					<onleft>204</onleft>
					<onright>206</onright>
					<include>TVGuideLayout</include>
				</control>
				<control type="image">
					<left>70</left>
					<top>292</top>
					<width>21</width>
					<height>18</height>
					<align>center</align>
					<aligny>center</aligny>
					<texture flipy="true">views/scrollbar/arrow.png</texture>
			    <animation effect="slide" start="0,0" end="0,167" condition="Skin.HasSetting(HideExtraInfo)">Conditional</animation>
					<animation type="Conditional" reversible="false" condition="!Control.HasFocus(205)">
					  <effect type="fade" start="100" end="30" tween="sine" easing="inout" time="300"/>
					</animation>
					<animation type="Conditional" reversible="false" condition="Control.HasFocus(205)" pulse="true">
					  <effect type="fade" start="30" end="100" tween="sine" easing="inout" time="1200"/>
						<effect type="slide" start="0,0" end="0,3" tween="sine" easing="inout" time="1200"/>
					</animation>
				  <visible>Container(205).HasNext</visible>
			  </control>
			</control>
			<control type="group">
				<description>Sunday</description>
				<width>160</width>
				<height>320</height>
				<control type="image">
					<left>0</left>
					<top>0</top>
					<width>160</width>
					<height>35</height>
					<texture>buttons/focus.png</texture>
				  <visible>Control.HasFocus(206)</visible>
	        <include>VisibleFadeEffect2</include>
				</control>
				<control type="label">
					<left>0</left>
					<top>0</top>
					<width>160</width>
					<height>35</height>
					<label>$LOCALIZE[17]</label>
					<align>center</align>
					<aligny>center</aligny>
					<font>FontSize_20</font>
					<textcolor>white</textcolor>
				  <visible>Control.HasFocus(206)</visible>
	        <include>VisibleFadeEffect2</include>
				</control>
				<control type="label">
					<left>0</left>
					<top>0</top>
					<width>160</width>
					<height>35</height>
					<label>$LOCALIZE[17]</label>
					<align>center</align>
					<aligny>center</aligny>
					<font>FontSize_20</font>
					<textcolor>77white</textcolor>
				  <visible>!Control.HasFocus(206)</visible>
	        <include>VisibleFadeEffect2</include>
				</control>
				<control type="panel" id="206">
					<left>0</left>
					<top>39</top>
					<width>160</width>
	        <include condition="!Skin.HasSetting(HideExtraInfo)">TVGuideLayoutHalf</include>
	        <include condition="Skin.HasSetting(HideExtraInfo)">TVGuideLayoutFull</include>
			    <scrolltime tween="Cubic" easing="Out">350</scrolltime>
					<onup>9000</onup>
					<ondown>206</ondown>
					<onleft>205</onleft>
					<onright>206</onright>
					<include>TVGuideLayout</include>
				</control>
				<control type="image">
					<left>70</left>
					<top>292</top>
					<width>21</width>
					<height>18</height>
					<align>center</align>
					<aligny>center</aligny>
					<texture flipy="true">views/scrollbar/arrow.png</texture>
			    <animation effect="slide" start="0,0" end="0,167" condition="Skin.HasSetting(HideExtraInfo)">Conditional</animation>
					<animation type="Conditional" reversible="false" condition="!Control.HasFocus(206)">
					  <effect type="fade" start="100" end="30" tween="sine" easing="inout" time="300"/>
					</animation>
					<animation type="Conditional" reversible="false" condition="Control.HasFocus(206)" pulse="true">
					  <effect type="fade" start="30" end="100" tween="sine" easing="inout" time="1200"/>
						<effect type="slide" start="0,0" end="0,3" tween="sine" easing="inout" time="1200"/>
					</animation>
				  <visible>Container(206).HasNext</visible>
			  </control>
			</control>
		</control>

		<control type="group">
      <description>Current weekday image</description>
      <left>68</left>
			<top>317</top>
			<animation effect="slide" start="0,0" end="0,-168" condition="Skin.HasSetting(HideExtraInfo)">Conditional</animation>
      <animation effect="slide" end="164,0" time="0" condition="stringcompare(System.Date(DDD),$LOCALIZE[12])">Conditional</animation>
      <animation effect="slide" end="328,0" time="0" condition="stringcompare(System.Date(DDD),$LOCALIZE[13])">Conditional</animation>
      <animation effect="slide" end="492,0" time="0" condition="stringcompare(System.Date(DDD),$LOCALIZE[14])">Conditional</animation>
      <animation effect="slide" end="656,0" time="0" condition="stringcompare(System.Date(DDD),$LOCALIZE[15])">Conditional</animation>
      <animation effect="slide" end="820,0" time="0" condition="stringcompare(System.Date(DDD),$LOCALIZE[16])">Conditional</animation>
      <animation effect="slide" end="984,0" time="0" condition="stringcompare(System.Date(DDD),$LOCALIZE[17])">Conditional</animation>
			<control type="image">
				<width>160</width>
				<height>35</height>
				<texture>dialogs/selectdialog/selected.png</texture>
			</control>
    </control>

	 </control>

	 <include>CommonItems</include>

   <!-- ==================== -->
   <!-- Top Options Controls -->
   <!-- ==================== -->
	 <control type="group"  id="9000">
			<left>45</left>
			<top>-10</top>
      <include>TopOptionsSlideAnimations</include>
			<visible>!Skin.HasSetting(EnableKioskMode)</visible>
	    <visible allowhiddenfocus="true">ControlGroup(9111).HasFocus + !Window.IsActive(ShutdownMenu) + !Window.IsActive(favourites)</visible>
      <!-- Head Labels -->
			<control type="grouplist">
				<left>0</left>
				<top>0</top>
				<height>70</height>
				<width>1000</width>
				<align>left</align>
				<aligny>center</aligny>
				<itemgap>20</itemgap>
				<orientation>horizontal</orientation>
        <include>TopOptionsSlideAnimations</include>
				<control type="label">
				  <include>TopBigLabel</include>
					<label>$LOCALIZE[33063] $LOCALIZE[33061]</label>
				</control>
				<control type="label">
				  <include>TopZoomedSmallLabel</include>
			    <label>$LOCALIZE[4]</label>
				</control>
			</control>
      <!-- Main Options -->
			<control type="grouplist" id="9111">
  			<left>0</left>
  			<top>50</top>
  			<width>460</width>
  			<height max="520">auto</height>
  			<itemgap>0</itemgap>
  			<onleft>2000</onleft>
  			<onright>2000</onright>
  			<onup>9111</onup>
  			<ondown>9111</ondown>
        <include>TopOptionsSlideAnimations</include>
				<control type="togglebutton" id="10">
					<description>Fanart Toggle</description>
				  <include>TopLeftMenusButton</include>
					<label>$LOCALIZE[20445]: $LOCALIZE[31011]</label>
					<altlabel>$LOCALIZE[20445]: $LOCALIZE[31012]</altlabel>
					<onclick>Skin.ToggleSetting(HideTVGuideFanart)</onclick>
					<usealttexture>Skin.HasSetting(HideTVGuideFanart)</usealttexture>
				</control>
				<control type="togglebutton" id="11">
					<description>ExtraInfo Toggle</description>
				  <include>TopLeftMenusButton</include>
					<label>$LOCALIZE[31220]: $LOCALIZE[31011]</label>
					<altlabel>$LOCALIZE[31220]: $LOCALIZE[31012]</altlabel>
					<onclick>Skin.ToggleSetting(HideExtraInfo)</onclick>
			    <onclick>Reloadskin</onclick>
					<usealttexture>Skin.HasSetting(HideExtraInfo)</usealttexture>
				</control>
				<control type="button" id="9">
					<description>Preview Thumb</description>
	        <label>$LOCALIZE[31217]: $VAR[TVGuidePreviewThumbsLabels]</label>
			    <onclick condition="Stringcompare(Skin.String(PreviewThumb),3)">Skin.SetString(PreviewThumb,1)</onclick>
			    <onclick condition="Stringcompare(Skin.String(PreviewThumb),2)">Skin.SetString(PreviewThumb,3)</onclick>
			    <onclick condition="Stringcompare(Skin.String(PreviewThumb),1)">Skin.SetString(PreviewThumb,2)</onclick>
			    <onclick condition="Stringcompare(Skin.String(PreviewThumb),3)">Skin.SetString(PreviewThumb,1)</onclick>
				  <include>TopLeftMenusButton</include>
		      <visible>!Skin.HasSetting(HideExtraInfo)</visible>
				</control>
				<control type="button" id="8">
					<description>Settings</description>
					<onclick>SetFocus(2000)</onclick>
				  <label>$LOCALIZE[5]</label>
				  <include>TopLeftMenusButton</include>
				</control>
			</control>
	 </control>

	 <include>CommonWeatherAndClock</include>

   <!-- ================ -->
   <!-- Top Content Info -->
   <!-- ================ -->
   <control type="group">
		<left>45</left>
		<top>25</top>
	  <visible>!ControlGroup(9000).HasFocus + !Window.IsActive(ShutdownMenu) + !Window.IsActive(favourites)</visible>
	  <include>CommonSlideAnimations</include>
		<control type="grouplist">
			<left>0</left>
			<top>0</top>
			<height>70</height>
			<width>1000</width>
			<align>left</align>
			<itemgap>20</itemgap>
			<orientation>horizontal</orientation>
	    <include>CommonSlideAnimations</include>
			<control type="label">
			  <include>TopBigLabel</include>
				<label>$LOCALIZE[4]</label>
			</control>
	    <control type="fadelabel">
			  <description>Totals</description>
			  <include>TopZoomedSmallLabel</include>
		    <label>$INFO[Window(Home).Property(NextAired.Total),,  $LOCALIZE[31239]]</label>
		    <label>$INFO[Window(Home).Property(NextAired.TodayTotal),,  $LOCALIZE[31240]]</label>
	      <scroll>false</scroll>
	      <scrollout>false</scrollout>
	      <scrollspeed>100</scrollspeed>
	      <pauseatend>7000</pauseatend>
        <visible>!IntegerGreaterThan(Window(Home).Property(NextAired.TodayTotal,0))</visible>
		    <animation effect="fade" start="0" end="100" time="400" tween="sine" easing="inout">Visible</animation>
		    <animation effect="fade" start="100" end="0" time="400" tween="sine" easing="inout">Hidden</animation>
			</control>
	    <control type="fadelabel">
			  <description>Totals</description>
			  <include>TopZoomedSmallLabel</include>
		    <label>$INFO[Window(Home).Property(NextAired.Total),,  $LOCALIZE[31239]]</label>
		    <label>31238</label>
	      <scroll>false</scroll>
	      <scrollout>false</scrollout>
	      <scrollspeed>100</scrollspeed>
	      <pauseatend>7000</pauseatend>
        <visible>IntegerGreaterThan(Window(Home).Property(NextAired.TodayTotal,0))</visible>
		    <animation effect="fade" start="0" end="100" time="400" tween="sine" easing="inout">Visible</animation>
		    <animation effect="fade" start="100" end="0" time="400" tween="sine" easing="inout">Hidden</animation>
			</control>
		</control>
		<control type="label">
			<left>2</left>
			<top>45</top>
			<width>300</width>
			<height>20</height>
			<font>FontSize_18</font>
			<textcolor>blue</textcolor>
			<scroll>false</scroll>
			<align>left</align>
			<aligny>center</aligny>
			<label>$VAR[TVGuideNumItems]</label>
	    <include>CommonSlideAnimations</include>
		</control>
   </control>
	</controls>
</window>
