<?xml version="1.0" encoding="UTF-8"?>
<window>
	<defaultcontrol always="true">8000</defaultcontrol>
	<allowoverlay>no</allowoverlay>
	<backgroundcolor>0</backgroundcolor>
	<onload condition="IsEmpty(Skin.String(QuickNavWidgetMoviesType))">Skin.SetString(QuickNavWidgetMoviesType,1)</onload>
	<onload condition="IsEmpty(Skin.String(QuickNavWidgetMoviesName))">Skin.SetString(QuickNavWidgetMoviesName,$LOCALIZE[31241])</onload>
	<onload condition="IsEmpty(Skin.String(QuickNavWidgetTVShowsType))">Skin.SetString(QuickNavWidgetTVShowsType,1)</onload>
	<onload condition="IsEmpty(Skin.String(QuickNavWidgetTVShowsName))">Skin.SetString(QuickNavWidgetTVShowsName,$LOCALIZE[31242])</onload>
	<onload condition="IsEmpty(Skin.String(QuickNavWidgetMusicType))">Skin.SetString(QuickNavWidgetMusicType,1)</onload>
	<onload condition="IsEmpty(Skin.String(QuickNavWidgetMusicName))">Skin.SetString(QuickNavWidgetMusicName,$LOCALIZE[31243])</onload>
	<onload condition="[System.HasAddon(script.extendedinfo) + IsEmpty(Skin.String(RSSVideoFeedName))]">Skin.SetString(RSSVideoFeedName,Euronews)</onload>
	<onload condition="[System.HasAddon(script.extendedinfo) + IsEmpty(Skin.String(RSSVideoFeedURL))]">Skin.SetString(RSSVideoFeedURL,Euronews)</onload>
	<onunload condition="[stringcompare(Skin.String(RSSVideoFeedName),Custom) + IsEmpty(Skin.String(SearchStringName))]">Skin.SetString(RSSVideoFeedName,Euronews)</onunload>
	<onunload condition="[stringcompare(Skin.String(RSSVideoFeedName),Custom) + IsEmpty(Skin.String(SearchStringURL))]">Skin.SetString(RSSVideoFeedURL,Euronews)</onunload>
	<onunload>ClearProperty(ManageWidgets)</onunload>
	<controls>
		<include>BackgroundItems</include>

		<control type="group">
			<include>Window_OpenClose_Animation</include>
			<visible>![Window.IsActive(PlayerControls) + ![Skin.HasSetting(DisableQuickNav) + !Player.HasMedia]] + !Window.IsActive(virtualkeyboard) + !Window.IsActive(ShutdownMenu) + !Window.IsActive(favourites) + !Window.IsActive(addonsettings) + !Window.IsActive(filebrowser) + !Window.IsActive(yesnodialog) + !Window.IsActive(selectdialog) + !Window.IsActive(DialogSelect.xml) + !Window.IsActive(script-skinshortcuts.xml) + !Window.IsActive(1117) + !Window.IsActive(1118) + !Window.IsActive(1119)</visible>

			<control type="group">
				<include>Window_OpenClose_Animation</include>
				<control type="image">
					<include>FullscreenDimensions</include>
					<texture background="true">windows/settings/bg_settings.png</texture>
				</control>
			</control>			

			<!-- ======================== -->
			<!-- == Categories Buttons == -->
			<!-- ======================== -->
			<control type="group" id="8000">
				<left>100</left>
				<top>166</top>
				<include>Window_OpenClose_Animation</include>
				<control type="list" id="8800">
					<left>0</left>
					<top>0</top>
					<width>295</width>
					<height>414</height>
					<itemgap>2</itemgap>
					<onleft>9000</onleft>
					<onright>8900</onright>
					<onup>8800</onup>
					<ondown>8800</ondown>
					<pagecontrol>-</pagecontrol>
					<scrolltime>300</scrolltime>
					<itemlayout height="52" width="295">
						<control type="image">
							<left>0</left>
							<top>0</top>
							<width>295</width>
							<height>50</height>
							<texture>buttons/catbullet_nf.png</texture>
						</control>
						<control type="label">
							<left>40</left>
							<top>0</top>
							<width>295</width>
							<height>50</height>
							<font>FontSize_20</font>
							<textcolor>77white</textcolor>
							<align>left</align>
							<aligny>center</aligny>
							<label>$INFO[ListItem.Label]</label>
						</control>
					</itemlayout>
					<focusedlayout height="52" width="295">
						<control type="image">
							<left>0</left>
							<top>0</top>
							<width>295</width>
							<height>50</height>
							<texture>buttons/catbullet_fo.png</texture>
							<animation effect="fade" start="100" end="50" time="100" condition="!Control.HasFocus(8800)">Conditional</animation>
						</control>
						<control type="label">
							<left>40</left>
							<top>0</top>
							<width>295</width>
							<height>50</height>
							<font>FontSize_20</font>
							<textcolor>white</textcolor>
							<align>left</align>
							<aligny>center</aligny>
							<label>$INFO[ListItem.Label]</label>
						</control>
					</focusedlayout>
					<content>
						<!-- General -->
						<item id="1">
							<label>$LOCALIZE[128]</label>
							<onclick>noop</onclick>
						</item>
						<!-- Home Window 
						<item id="2">
							<label>$LOCALIZE[513]</label>
							<onclick>noop</onclick>
						</item> -->
						<!-- menu & widgets -->
						<item id="3">
							<label>$LOCALIZE[31379]</label>
							<onclick>noop</onclick>
						</item>
						<!-- Backgrounds -->
						<item id="4">
							<label>$LOCALIZE[33069]</label>
							<onclick>noop</onclick>
						</item>
						<!-- Views -->
						<item id="5">
							<label>$LOCALIZE[31421]</label>
							<onclick>noop</onclick>
						</item>
						<!-- Addons -->
						<item id="6">
							<label>$LOCALIZE[24001]</label>
							<onclick>noop</onclick>
						</item>
						<!-- Quick Nav -->
						<item id="7">
							<label>$LOCALIZE[31374]</label>
							<onclick>noop</onclick>
						</item>
					</content>
				</control>

				<control type="group" id="8900">

					<!-- ============= -->
					<!-- == General == -->
					<!-- ============= -->
					<control type="grouplist" id="8100">
						<include>CloseAnimation</include>
						<visible>Container(8800).Hasfocus(1)</visible>
						<left>297</left>
						<top>0</top>
						<width>782</width>
						<height>414</height>
						<itemgap>2</itemgap>
						<pagecontrol>60</pagecontrol>
						<onleft>8800</onleft>
						<onright>9000</onright>
						<onup>8100</onup>
						<ondown>8100</ondown>						
						<control type="radiobutton" id="8109">
							<include>SettingsRadioButton</include>
							<label>31014</label>
							<onclick>Skin.ToggleSetting(KodiIntro.enabled)</onclick>
							<selected>Skin.HasSetting(KodiIntro.enabled)</selected>
						</control>
						<control type="radiobutton" id="8101">
							<include>SettingsRadioButton</include>
							<label>20189</label>
							<onclick>Skin.ToggleSetting(AutoScroll)</onclick>
							<selected>Skin.HasSetting(AutoScroll)</selected>
						</control>						
						<control type="radiobutton" id="8206">
							<description>Hide Home NP VideoInfo</description>
							<include>SettingsRadioButton</include>
							<label>31104</label>
							<onclick>Skin.ToggleSetting(HideHomeNPCovers)</onclick>
							<selected>Skin.HasSetting(HideHomeNPCovers)</selected>
						</control>
						<control type="radiobutton" id="8102">
							<include>SettingsRadioButton</include>
							<label>21398</label>
							<onclick>Skin.Reset(Startup_Playlist_Path)</onclick>
							<onclick>Skin.ToggleSetting(Use_Startup_Playlist)</onclick>
							<selected>Skin.HasSetting(Use_Startup_Playlist)</selected>
						</control>
						<control type="button" id="8103">
							<include>SettingsButton</include>
							<label> • $LOCALIZE[15311]</label>
							<label2>$INFO[Skin.String(Startup_Playlist_Path)]</label2>
							<onclick>Skin.SetFile(Startup_Playlist_Path,.m3u|.xsp,special://profile/playlists/)</onclick>
							<visible>Skin.HasSetting(Use_Startup_Playlist)</visible>
						</control>
						<control type="radiobutton" id="8104">
							<include>SettingsRadioButton</include>
							<label>31139</label>
							<onclick>Skin.ToggleSetting(EnableAddonsNotifications)</onclick>
							<selected>Skin.HasSetting(EnableAddonsNotifications)</selected>
						</control>
						<control type="radiobutton" id="8105">
							<include>SettingsRadioButton</include>
							<label>31140</label>
							<onclick>Skin.ToggleSetting(EnableWeatherAlertsNotifications)</onclick>
							<selected>Skin.HasSetting(EnableWeatherAlertsNotifications)</selected>
						</control>
						<control type="radiobutton" id="8108">
							<include>SettingsRadioButton</include>
							<label>31162</label>
							<onclick>Skin.ToggleSetting(EnableKioskMode)</onclick>
							<selected>Skin.HasSetting(EnableKioskMode)</selected>
						</control>
						<control type="radiobutton" id="8106">
							<include>SettingsRadioButton</include>
							<label>31151</label>
							<onclick>Skin.ToggleSetting(EnableGlobalRSS)</onclick>
							<selected>Skin.HasSetting(EnableGlobalRSS)</selected>
							<enable>System.Getbool(lookandfeel.enablerssfeeds)</enable>
						</control>
						<control type="radiobutton" id="8107">
							<include>SettingsRadioButton</include>
							<label>31159</label>
							<onclick>Skin.ToggleSetting(ShowVideoInfo)</onclick>
							<selected>Skin.HasSetting(ShowVideoInfo)</selected>
						</control>
						<control type="radiobutton" id="8205">
							<description>Hide Library Totals</description>
							<include>SettingsRadioButton</include>
							<label>31161</label>
							<onclick>Skin.ToggleSetting(ShowLibraryTotals)</onclick>
							<selected>Skin.HasSetting(ShowLibraryTotals)</selected>
						</control>
						<control type="radiobutton" id="8110">
							<include>SettingsRadioButton</include>
							<label>31291</label>
							<onclick>Skin.ToggleSetting(ShowSkinDebugTools)</onclick>
							<selected>Skin.HasSetting(ShowSkinDebugTools)</selected>
						</control>
					</control>

					<!-- =========== -->
					<!-- == widgets == -->
					<!-- =========== -->
					<control type="grouplist" id="8300">
						<include>CloseAnimation</include>
						<visible>Container(8800).Hasfocus(3)</visible>
						<left>297</left>
						<top>0</top>
						<width>782</width>
						<height>414</height>
						<itemgap>2</itemgap>
						<pagecontrol>60</pagecontrol>
						<onleft>8800</onleft>
						<onright>9000</onright>
						<onup>8500</onup>
						<ondown>8500</ondown>
						<control type="button" id="8201">
							<description>Home Menu Customizer</description>
							<include>SettingsRadioButton</include>
							<label>$ADDON[script.skinshortcuts 32071]</label>
							<onclick>RunScript(script.skinshortcuts,type=manage&amp;nolabels=True&amp;group=mainmenu)</onclick>
						</control>
						<control type="button" id="8305">							
							<include>SettingsButton</include>
							<label> • $LOCALIZE[31178]</label>
							<onclick condition="!stringcompare(Window.Property(ManageWidgets),2)">SetProperty(ManageWidgets,2)</onclick>
							<onclick condition="stringcompare(Window.Property(ManageWidgets),1)">SetProperty(ManageWidgets,2)</onclick>
							<onclick condition="stringcompare(Window.Property(ManageWidgets),2)">ClearProperty(ManageWidgets)</onclick>
						</control>
						<!-- common widgets -->
						<control type="button" id="83051">							
							<include>SettingsButton</include>
							<label>$LOCALIZE[31094]</label>
							<label2>[COLOR=selected]$INFO[Skin.String(QuickNavWidgetMoviesName)][/COLOR]</label2>
							<onclick>SetProperty(Dialog.1.Label,$LOCALIZE[31241])</onclick>								
							<onclick>SetProperty(Dialog.1.BuiltIn,Skin.SetString(QuickNavWidgetMoviesType,1)||Skin.SetString(QuickNavWidgetMoviesName,$LOCALIZE[31241]))</onclick>
							<onclick>SetProperty(Dialog.2.Label,$LOCALIZE[342] $LOCALIZE[575])</onclick>
							<onclick>SetProperty(Dialog.2.BuiltIn,Skin.SetString(QuickNavWidgetMoviesType,2)||Skin.SetString(QuickNavWidgetMoviesName,$LOCALIZE[342] $LOCALIZE[575]))</onclick>
							<onclick>SetProperty(Dialog.3.Label,$LOCALIZE[31248])</onclick>
							<onclick>SetProperty(Dialog.3.BuiltIn,Skin.SetString(QuickNavWidgetMoviesType,3)||Skin.SetString(QuickNavWidgetMoviesName,$LOCALIZE[31247]))</onclick>
							<onclick>SetProperty(Dialog.4.Label,$LOCALIZE[31256])</onclick>
							<onclick>SetProperty(Dialog.4.BuiltIn,Skin.SetString(QuickNavWidgetMoviesType,4)||Skin.SetString(QuickNavWidgetMoviesName,$LOCALIZE[31256]))</onclick>	
							<onclick>SetProperty(Dialog.5.Label,$LOCALIZE[31257])</onclick>
							<onclick>SetProperty(Dialog.5.BuiltIn,Skin.SetString(QuickNavWidgetMoviesType,5)||Skin.SetString(QuickNavWidgetMoviesName,$LOCALIZE[31257]))</onclick>	
							<onclick>RunScript(script.toolbox,info=selectdialog,header=$LOCALIZE[31094])</onclick>
							<visible>stringcompare(Window.Property(ManageWidgets),2)</visible>
						</control>
						<control type="button" id="83062">							
							<include>SettingsButton</include>
							<label>$LOCALIZE[31095]</label>
							<label2>[COLOR=selected]$INFO[Skin.String(QuickNavWidgetTVShowsName)][/COLOR]</label2>
							<onclick>SetProperty(Dialog.1.Label,$LOCALIZE[31242])</onclick>								
							<onclick>SetProperty(Dialog.1.BuiltIn,Skin.SetString(QuickNavWidgetTVShowsType,1)||Skin.SetString(QuickNavWidgetTVShowsName,$LOCALIZE[31242]))</onclick>
							<onclick>SetProperty(Dialog.2.Label,$LOCALIZE[31002] $LOCALIZE[575])</onclick>
							<onclick>SetProperty(Dialog.2.BuiltIn,Skin.SetString(QuickNavWidgetTVShowsType,2)||Skin.SetString(QuickNavWidgetTVShowsName,$LOCALIZE[31002] $LOCALIZE[575]))</onclick>
							<onclick>SetProperty(Dialog.3.Label,$LOCALIZE[31248])</onclick>
							<onclick>SetProperty(Dialog.3.BuiltIn,Skin.SetString(QuickNavWidgetTVShowsType,3)||Skin.SetString(QuickNavWidgetTVShowsName,$LOCALIZE[31248]))</onclick>
							<onclick>SetProperty(Dialog.4.Label,$LOCALIZE[31258])</onclick>
							<onclick>SetProperty(Dialog.4.BuiltIn,Skin.SetString(QuickNavWidgetTVShowsType,4)||Skin.SetString(QuickNavWidgetTVShowsName,$LOCALIZE[31258]))</onclick>
							<onclick>RunScript(script.toolbox,info=selectdialog,header=$LOCALIZE[31095])</onclick>
							<visible>stringcompare(Window.Property(ManageWidgets),2)</visible>
						</control>
						<control type="button" id="83073">							
							<include>SettingsButton</include>
							<label>$LOCALIZE[31096]</label>
							<label2>[COLOR=selected]$INFO[Skin.String(QuickNavWidgetMusicName)][/COLOR]</label2>
							<onclick>SetProperty(Dialog.1.Label,$LOCALIZE[31243])</onclick>								
							<onclick>SetProperty(Dialog.1.BuiltIn,Skin.SetString(QuickNavWidgetMusicType,1)||Skin.SetString(QuickNavWidgetMusicName,$LOCALIZE[31243]))</onclick>
							<onclick>SetProperty(Dialog.2.Label,$LOCALIZE[2] $LOCALIZE[575])</onclick>
							<onclick>SetProperty(Dialog.2.BuiltIn,Skin.SetString(QuickNavWidgetMusicType,2)||Skin.SetString(QuickNavWidgetMusicName,$LOCALIZE[2] $LOCALIZE[575]))</onclick>
							<onclick>SetProperty(Dialog.3.Label,$LOCALIZE[31249])</onclick>
							<onclick>SetProperty(Dialog.3.BuiltIn,Skin.SetString(QuickNavWidgetMusicType,3)||Skin.SetString(QuickNavWidgetMusicName,$LOCALIZE[31249]))</onclick>
							<onclick>SetProperty(Dialog.4.Label,$LOCALIZE[31259])</onclick>
							<onclick>SetProperty(Dialog.4.BuiltIn,Skin.SetString(QuickNavWidgetMusicType,4)||Skin.SetString(QuickNavWidgetMusicName,$LOCALIZE[31259]))</onclick>	
							<onclick>SetProperty(Dialog.5.Label,$LOCALIZE[517])</onclick>
							<onclick>SetProperty(Dialog.5.BuiltIn,Skin.SetString(QuickNavWidgetMusicType,5)||Skin.SetString(QuickNavWidgetMusicName,$LOCALIZE[517]))</onclick>	
							<onclick>RunScript(script.toolbox,info=selectdialog,header=$LOCALIZE[31096])</onclick>
							<visible>stringcompare(Window.Property(ManageWidgets),2)</visible>
						</control>
						<control type="button" id="83084">							
							<include>SettingsButton</include>
							<label>$LOCALIZE[31288]</label>
							<label2>[COLOR=selected]$INFO[Skin.String(QuickNavWidgetTuneInName)][/COLOR]</label2>
							<onclick>SetProperty(Dialog.1.Label,$LOCALIZE[31286])</onclick>								
							<onclick>SetProperty(Dialog.1.BuiltIn,Skin.SetString(QuickNavWidgetTuneInType,1)||Skin.SetString(QuickNavWidgetTuneInName,$LOCALIZE[31286]))</onclick>
							<onclick>SetProperty(Dialog.2.Label,$LOCALIZE[31287])</onclick>
							<onclick>SetProperty(Dialog.2.BuiltIn,Skin.SetString(QuickNavWidgetTuneInType,2)||Skin.SetString(QuickNavWidgetTuneInName,$LOCALIZE[31287]))</onclick>
							<onclick>SetProperty(Dialog.3.Label,$LOCALIZE[31292])</onclick>
							<onclick>SetProperty(Dialog.3.BuiltIn,Skin.SetString(QuickNavWidgetTuneInType,3)||Skin.SetString(QuickNavWidgetTuneInName,$LOCALIZE[31292]))</onclick>			
							<onclick>RunScript(script.toolbox,info=selectdialog,header=$LOCALIZE[31288])</onclick>
							<enable>System.HasAddon(plugin.audio.tuneinradio)</enable>
							<visible>stringcompare(Window.Property(ManageWidgets),2)</visible>
						</control>
						<control type="button" id="83089">							
							<include>SettingsButton</include>
							<label>$LOCALIZE[31105] $LOCALIZE[31058]</label>
							<label2>[COLOR=selected]$INFO[Skin.String(QuickNavWidgetAmazonDBName)][/COLOR]</label2>
							<!--watchlist-->
							<onclick>SetProperty(Dialog.1.Label,$LOCALIZE[31055])</onclick>											
							<onclick>SetProperty(Dialog.1.BuiltIn,Skin.SetString(QuickNavWidgetAmazonDBType,1)||Skin.SetString(QuickNavWidgetAmazonDBName,$LOCALIZE[31055]))</onclick>
							<!--new movies-->
							<onclick>SetProperty(Dialog.2.Label,$LOCALIZE[31241])</onclick>
							<onclick>SetProperty(Dialog.2.BuiltIn,Skin.SetString(QuickNavWidgetAmazonDBType,2)||Skin.SetString(QuickNavWidgetAmazonDBName,$LOCALIZE[31241]))</onclick>
							<!--new shows-->
							<onclick>SetProperty(Dialog.3.Label,$LOCALIZE[31242])</onclick>
							<onclick>SetProperty(Dialog.3.BuiltIn,Skin.SetString(QuickNavWidgetAmazonDBType,3)||Skin.SetString(QuickNavWidgetAmazonDBName,$LOCALIZE[31242]))</onclick>	
							<!--popular movies-->
							<onclick>SetProperty(Dialog.4.Label,$LOCALIZE[31257])</onclick>
							<onclick>SetProperty(Dialog.4.BuiltIn,Skin.SetString(QuickNavWidgetAmazonDBType,4)||Skin.SetString(QuickNavWidgetAmazonDBName,$LOCALIZE[31257]))</onclick>
							<!--popular shows-->
							<onclick>SetProperty(Dialog.5.Label,$LOCALIZE[31258])</onclick>
							<onclick>SetProperty(Dialog.5.BuiltIn,Skin.SetString(QuickNavWidgetAmazonDBType,5)||Skin.SetString(QuickNavWidgetAmazonDBName,$LOCALIZE[31258]))</onclick>				
							<onclick>RunScript(script.toolbox,info=selectdialog,header=$LOCALIZE[31052] $LOCALIZE[31058])</onclick>
							<enable>System.HasAddon(plugin.video.amazon)</enable>
							<visible>stringcompare(Window.Property(ManageWidgets),2)</visible>
						</control>
						<control type="button" id="83088">							
							<include>SettingsButton</include>
							<label>$LOCALIZE[31106] $LOCALIZE[31058]</label>
							<label2>[COLOR=selected]$INFO[Skin.String(QuickNavWidgetAmazonName)][/COLOR]</label2>
							<!--watchlist movies-->
							<onclick>SetProperty(Dialog.1.Label,$LOCALIZE[31055]: $LOCALIZE[36901])</onclick>
							<onclick>SetProperty(Dialog.1.BuiltIn,Skin.SetString(QuickNavWidgetAmazonType,1)||Skin.SetString(QuickNavWidgetAmazonName,$LOCALIZE[31055]: $LOCALIZE[36901]))</onclick>
							<!--watchlist shows-->
							<onclick>SetProperty(Dialog.2.Label,$LOCALIZE[31055]: $LOCALIZE[36903])</onclick>
							<onclick>SetProperty(Dialog.2.BuiltIn,Skin.SetString(QuickNavWidgetAmazonType,2)||Skin.SetString(QuickNavWidgetAmazonName,$LOCALIZE[31055]: $LOCALIZE[36903]))</onclick>
							<!--new movies-->
							<onclick>SetProperty(Dialog.3.Label,$LOCALIZE[31241])</onclick>
							<onclick>SetProperty(Dialog.3.BuiltIn,Skin.SetString(QuickNavWidgetAmazonType,3)||Skin.SetString(QuickNavWidgetAmazonName,$LOCALIZE[31241]))</onclick>
							<!--new shows-->
							<onclick>SetProperty(Dialog.4.Label,$LOCALIZE[31242])</onclick>
							<onclick>SetProperty(Dialog.4.BuiltIn,Skin.SetString(QuickNavWidgetAmazonType,4)||Skin.SetString(QuickNavWidgetAmazonName,$LOCALIZE[31242]))</onclick>	
							<!--popular movies-->
							<onclick>SetProperty(Dialog.5.Label,$LOCALIZE[31257])</onclick>
							<onclick>SetProperty(Dialog.5.BuiltIn,Skin.SetString(QuickNavWidgetAmazonType,5)||Skin.SetString(QuickNavWidgetAmazonName,$LOCALIZE[31257]))</onclick>
							<!--popular shows-->
							<onclick>SetProperty(Dialog.6.Label,$LOCALIZE[31258])</onclick>
							<onclick>SetProperty(Dialog.6.BuiltIn,Skin.SetString(QuickNavWidgetAmazonType,6)||Skin.SetString(QuickNavWidgetAmazonName,$LOCALIZE[31258]))</onclick>
							<onclick>RunScript(script.toolbox,info=selectdialog,header=$LOCALIZE[31052] $LOCALIZE[31058])</onclick>
							<enable>System.HasAddon(plugin.video.prime_instant)</enable>
							<visible>stringcompare(Window.Property(ManageWidgets),2)</visible>
						</control>
						<control type="button" id="83095">							
							<include>SettingsButton</include>
							<label>$LOCALIZE[31097]</label>
							<label2>[COLOR=selected]$INFO[Skin.String(RSSVideoFeedURL)][/COLOR]</label2>
							<onclick>SetProperty(Dialog.1.Label,Custom)</onclick>								
							<onclick>SetProperty(Dialog.1.BuiltIn,Skin.SetString(RSSVideoFeedURL)||Skin.SetString(RSSVideoFeedName,Custom))</onclick>
							<onclick>SetProperty(Dialog.2.Label,GameTrailers)</onclick>
							<onclick>SetProperty(Dialog.2.BuiltIn,Skin.SetString(RSSVideoFeedURL,GameTrailers)||Skin.SetString(RSSVideoFeedName,GameTrailers))</onclick>
							<onclick>SetProperty(Dialog.3.Label,NBA)</onclick>
							<onclick>SetProperty(Dialog.3.BuiltIn,Skin.SetString(RSSVideoFeedURL,NBA)||Skin.SetString(RSSVideoFeedName,NBA))</onclick>
							<onclick>SetProperty(Dialog.4.Label,Comedy Central)</onclick>
							<onclick>SetProperty(Dialog.4.BuiltIn,Skin.SetString(RSSVideoFeedURL,Comedy Central)||Skin.SetString(RSSVideoFeedName,Comedy Central))</onclick>	
							<onclick>SetProperty(Dialog.5.Label,Funny Or Die)</onclick>
							<onclick>SetProperty(Dialog.5.BuiltIn,Skin.SetString(RSSVideoFeedURL,Funny Or Die)||Skin.SetString(RSSVideoFeedName,Funny Or Die))</onclick>	
							<onclick>SetProperty(Dialog.6.Label,VEVO)</onclick>
							<onclick>SetProperty(Dialog.6.BuiltIn,Skin.SetString(RSSVideoFeedURL,VEVO)||Skin.SetString(RSSVideoFeedName,VEVO))</onclick>	
							<onclick>SetProperty(Dialog.7.Label,VH1)</onclick>
							<onclick>SetProperty(Dialog.7.BuiltIn,Skin.SetString(RSSVideoFeedURL,VH1)||Skin.SetString(RSSVideoFeedName,VH1))</onclick>	
							<onclick>SetProperty(Dialog.8.Label,TEDx Talks)</onclick>
							<onclick>SetProperty(Dialog.8.BuiltIn,Skin.SetString(RSSVideoFeedURL,TEDx Talks)||Skin.SetString(RSSVideoFeedName,TEDx Talks))</onclick>
							<onclick>SetProperty(Dialog.9.Label,The Ellen Show)</onclick>
							<onclick>SetProperty(Dialog.9.BuiltIn,Skin.SetString(RSSVideoFeedURL,The Ellen Show)||Skin.SetString(RSSVideoFeedName,The Ellen Show))</onclick>	
							<onclick>SetProperty(Dialog.10.Label,TMZ)</onclick>
							<onclick>SetProperty(Dialog.10.BuiltIn,Skin.SetString(RSSVideoFeedURL,TMZ)||Skin.SetString(RSSVideoFeedName,TMZ))</onclick>	
							<onclick>SetProperty(Dialog.11.Label,Vice)</onclick>
							<onclick>SetProperty(Dialog.11.BuiltIn,Skin.SetString(RSSVideoFeedURL,Vice)||Skin.SetString(RSSVideoFeedName,Vice))</onclick>	
							<onclick>SetProperty(Dialog.12.Label,BBC News)</onclick>
							<onclick>SetProperty(Dialog.12.BuiltIn,Skin.SetString(RSSVideoFeedURL,BBC News)||Skin.SetString(RSSVideoFeedName,BBC News))</onclick>	
							<onclick>SetProperty(Dialog.13.Label,Euronews)</onclick>
							<onclick>SetProperty(Dialog.13.BuiltIn,Skin.SetString(RSSVideoFeedURL,Euronews)||Skin.SetString(RSSVideoFeedName,Euronews))</onclick>	
							<onclick>RunScript(script.toolbox,info=selectdialog,header=$LOCALIZE[31097])</onclick>
							<visible>stringcompare(Window.Property(ManageWidgets),2)</visible>
						</control>
						<!-- common widgets end-->
						<control type="button" id="8301">							
							<include>SettingsButton</include>
							<label> • $LOCALIZE[31177]</label>
							<onclick condition="!stringcompare(Window.Property(ManageWidgets),1)">SetProperty(ManageWidgets,1)</onclick>
							<onclick condition="stringcompare(Window.Property(ManageWidgets),2)">SetProperty(ManageWidgets,1)</onclick>
							<onclick condition="stringcompare(Window.Property(ManageWidgets),1)">ClearProperty(ManageWidgets)</onclick>
						</control>
						<!-- custom widgets -->
						<control type="button" id="83011">							
							<include>SettingsButton</include>
							<label>$LOCALIZE[31380] #1</label>
							<label2>[COLOR=selected]$INFO[Skin.String(widgetgroup1)][/COLOR]</label2>
							<onclick>Skin.SetString(widgetgroup1)</onclick>
							<onclick>RunScript(script.skinshortcuts,type=manage&amp;nolabels=True&amp;group=widgetgroup1)</onclick>
							<visible>stringcompare(Window.Property(ManageWidgets),1)</visible>
						</control>
						<control type="button" id="83022">							
							<include>SettingsButton</include>
							<label>$LOCALIZE[31380] #2</label>
							<label2>[COLOR=selected]$INFO[Skin.String(widgetgroup2)][/COLOR]</label2>
							<onclick>Skin.SetString(widgetgroup2)</onclick>
							<onclick>RunScript(script.skinshortcuts,type=manage&amp;nolabels=True&amp;group=widgetgroup2)</onclick>
							<visible>stringcompare(Window.Property(ManageWidgets),1)</visible>
						</control>
						<control type="button" id="83033">							
							<include>SettingsButton</include>
							<label>$LOCALIZE[31380] #3</label>
							<label2>[COLOR=selected]$INFO[Skin.String(widgetgroup3)][/COLOR]</label2>
							<onclick>Skin.SetString(widgetgroup3)</onclick>
							<onclick>RunScript(script.skinshortcuts,type=manage&amp;nolabels=True&amp;group=widgetgroup3)</onclick>
							<visible>stringcompare(Window.Property(ManageWidgets),1)</visible>
						</control>
						<control type="button" id="83044">							
							<include>SettingsButton</include>
							<label>$LOCALIZE[31380] #4</label>
							<label2>[COLOR=selected]$INFO[Skin.String(widgetgroup4)][/COLOR]</label2>
							<onclick>Skin.SetString(widgetgroup4)</onclick>
							<onclick>RunScript(script.skinshortcuts,type=manage&amp;nolabels=True&amp;group=widgetgroup4)</onclick>
							<visible>stringcompare(Window.Property(ManageWidgets),1)</visible>
						</control>	
						<control type="radiobutton" id="8202">
							<description>Enable HomeMenu Animation</description>
							<include>SettingsRadioButton</include>
							<label>31013</label>
							<onclick>Skin.ToggleSetting(HomeMenuAnimation)</onclick>
							<selected>Skin.HasSetting(HomeMenuAnimation)</selected>
						</control>
						<control type="radiobutton" id="8203">
							<description>Enable HomeMenu Arrow Animation</description>
							<include>SettingsRadioButton</include>
							<label>31045</label>
							<onclick>Skin.ToggleSetting(HomeMenuArrowAnimation)</onclick>
							<selected>Skin.HasSetting(HomeMenuArrowAnimation)</selected>
						</control>
						<control type="radiobutton" id="8204">
							<description>Enable HomeWidget Arrow Animation</description>
							<include>SettingsRadioButton</include>
							<label>31046</label>
							<onclick>Skin.ToggleSetting(HomeWidgetArrowAnimation)</onclick>
							<selected>Skin.HasSetting(HomeWidgetArrowAnimation)</selected>
						</control>
						<control type="radiobutton" id="8205">
							<description>Disable libary refresh button</description>
							<include>SettingsRadioButton</include>
							<label>31064</label>
							<onclick>Skin.ToggleSetting(DisableLibraryRefreshButton)</onclick>
							<selected>!Skin.HasSetting(DisableLibraryRefreshButton)</selected>
						</control>						
					</control>

					<!-- ================= -->
					<!-- == Backgrounds == -->
					<!-- ================= -->
					<control type="grouplist" id="8400">
						<include>CloseAnimation</include>
						<visible>Container(8800).Hasfocus(4)</visible>
						<left>297</left>
						<top>0</top>
						<width>782</width>
						<height>414</height>
						<itemgap>2</itemgap>
						<pagecontrol>60</pagecontrol>
						<onleft>8800</onleft>
						<onright>9000</onright>
						<onup>8400</onup>
						<ondown>8400</ondown>						
						<control type="radiobutton" id="8401">
							<include>SettingsRadioButton</include>
							<label>31130</label>
							<onclick>Skin.ToggleSetting(HideBGFanart)</onclick>
							<selected>Skin.HasSetting(HideBGFanart)</selected>
						</control>						
						<control type="radiobutton" id="8407">
							<include>SettingsRadioButton</include>
							<label>31051</label>
							<onclick>Skin.ToggleSetting(ViewsExtraFanart)</onclick>
							<selected>Skin.HasSetting(ViewsExtraFanart)</selected>
							<enable>!Skin.HasSetting(HideBGFanart)</enable>
						</control>
						<control type="radiobutton" id="8402">
							<include>SettingsRadioButton</include>
							<label>31132</label>
							<onclick>Skin.ToggleSetting(HideBGVideo)</onclick>
							<selected>Skin.HasSetting(HideBGVideo)</selected>
						</control>
						<control type="radiobutton" id="8403">
							<include>SettingsRadioButton</include>
							<label>31133</label>
							<onclick>Skin.ToggleSetting(CustomBackground)</onclick>
							<selected>Skin.HasSetting(CustomBackground)</selected>
						</control>
						<control type="button" id="8404">
							<include>SettingsButton</include>
							<label> • $LOCALIZE[31135]</label>
							<label2>[COLOR=selected]$INFO[Skin.String(CustomImageBackgroundPath)][/COLOR]</label2>
							<onclick>Skin.Reset(CustomFolderBackgroundPath)</onclick>
							<onclick>Skin.SetImage(CustomImageBackgroundPath)</onclick>
							<visible>Skin.HasSetting(CustomBackground)</visible>
						</control>
						<control type="button" id="8405">
							<include>SettingsButton</include>
							<label> • $LOCALIZE[31136]</label>
							<label2>[COLOR=selected]$INFO[Skin.String(CustomFolderBackgroundPath)][/COLOR]</label2>
							<onclick>Skin.Reset(CustomImageBackgroundPath)</onclick>
							<onclick>Skin.SetPath(CustomFolderBackgroundPath)</onclick>
							<visible>Skin.HasSetting(CustomBackground)</visible>
						</control>
						<control type="radiobutton" id="8406">
							<include>SettingsRadioButton</include>
							<label> • $LOCALIZE[31131]</label>
							<onclick>Skin.ToggleSetting(ShowCustomBackgroundOnHomeOnly)</onclick>
							<selected>Skin.HasSetting(ShowCustomBackgroundOnHomeOnly)</selected>
							<visible>Skin.HasSetting(CustomBackground)</visible>
							<enable>!IsEmpty(Skin.String(CustomFolderBackgroundPath))</enable>
						</control>
					</control>

					<!-- =========== -->
					<!-- == Views == -->
					<!-- =========== -->
					<control type="grouplist" id="8500">
						<include>CloseAnimation</include>
						<visible>Container(8800).Hasfocus(5)</visible>
						<left>297</left>
						<top>0</top>
						<width>782</width>
						<height>414</height>
						<itemgap>2</itemgap>
						<pagecontrol>60</pagecontrol>
						<onleft>8800</onleft>
						<onright>9000</onright>
						<onup>8500</onup>
						<ondown>8500</ondown>
						<!-- Video Views -->
						<control type="button" id="8510">
							<description>Hide Video Views</description>
							<include>SettingsButton</include>
							<label>$LOCALIZE[31156]</label>
							<onclick>SetProperty(ManageButtons,managevideoviews)</onclick>
							<onclick>ActivateWindow(1118)</onclick>
						</control>
						<!-- Music Views -->
						<control type="button" id="8520">
							<description>Hide Music Views</description>
							<include>SettingsButton</include>
							<label>$LOCALIZE[31157]</label>
							<onclick>SetProperty(ManageButtons,managemusicviews)</onclick>
							<onclick>ActivateWindow(1118)</onclick>
						</control>
						<!-- Use local artworks CURRENTLY NOT USED-->
						<!--<control type="radiobutton" id="8537">
							<description>Use Local Artowrks</description>
							<include>SettingsRadioButton</include>
							<label>$LOCALIZE[31063]</label>							
							<onclick>Skin.ToggleSetting(LocalArtworks)</onclick>
							<selected>Skin.HasSetting(LocalArtworks)</selected>
							<enable>System.HasAddon(script.artwork.downloader)</enable>
						</control>
						<control type="button" id="8538">
							<include>SettingsButton</include>
							<label> • $LOCALIZE[31152]</label>
							<onclick>XBMC.RunScript(script.artwork.downloader,mode=custom,mediatype=tvshow,seasonposter,seasonthumb,seasonbanner)</onclick>
							<visible>System.HasAddon(script.artwork.downloader)</visible>
						</control>-->
						<!-- Artwork Downloader -->
						<control type="radiobutton" id="8529">
							<description>Artwork Downloader</description>
							<include>SettingsRadioButton</include>
							<label>$LOCALIZE[31047]</label>
							<onclick>Skin.ToggleSetting(AutoUpdateArt)</onclick>
							<selected>Skin.HasSetting(AutoUpdateArt)</selected>
							<enable>System.HasAddon(script.artwork.downloader)</enable>
						</control>
						<control type="button" id="8530">
							<include>SettingsButton</include>
							<label> • $LOCALIZE[31146]</label>
							<onclick>XBMC.RunScript(script.artwork.downloader,mode=custom,mediatype=tvshow,clearlogo)</onclick>
							<visible>System.HasAddon(script.artwork.downloader)</visible>
						</control>
						<control type="button" id="8531">
							<include>SettingsButton</include>
							<label> • $LOCALIZE[31147]</label>
							<onclick>XBMC.RunScript(script.artwork.downloader,mode=custom,mediatype=tvshow,clearart)</onclick>
							<visible>System.HasAddon(script.artwork.downloader)</visible>
						</control>
						<control type="button" id="8532">
							<include>SettingsButton</include>
							<label> • $LOCALIZE[31148]</label>
							<onclick>XBMC.RunScript(script.artwork.downloader,mode=custom,mediatype=tvshow,landscape)</onclick>
							<visible>System.HasAddon(script.artwork.downloader)</visible>
						</control>
						<control type="button" id="8533">
							<include>SettingsButton</include>
							<label> • $LOCALIZE[31149]</label>
							<onclick>XBMC.RunScript(script.artwork.downloader,mode=custom,mediatype=tvshow,banner)</onclick>
							<visible>System.HasAddon(script.artwork.downloader)</visible>
						</control>
						<control type="button" id="8534">
							<include>SettingsButton</include>
							<label> • $LOCALIZE[31150]</label>
							<onclick>XBMC.RunScript(script.artwork.downloader,mode=custom,mediatype=tvshow,poster)</onclick>
							<visible>System.HasAddon(script.artwork.downloader)</visible>
						</control>
						<control type="button" id="8535">
							<include>SettingsButton</include>
							<label> • $LOCALIZE[31165]</label>
							<onclick>XBMC.RunScript(script.artwork.downloader,mode=custom,mediatype=movie,discart)</onclick>
							<visible>System.HasAddon(script.artwork.downloader)</visible>
						</control>
						<control type="button" id="8536">
							<include>SettingsButton</include>
							<label> • $LOCALIZE[31160]</label>
							<onclick>XBMC.RunScript(script.artwork.downloader,mode=custom,mediatype=movie,clearlogo)</onclick>
							<visible>System.HasAddon(script.artwork.downloader)</visible>
						</control>
					</control>

					<!-- ============ -->
					<!-- == Addons == -->
					<!-- ============ -->
					<control type="grouplist" id="8600">
						<include>CloseAnimation</include>
						<visible>Container(8800).Hasfocus(6)</visible>
						<left>297</left>
						<top>0</top>
						<width>782</width>
						<height>414</height>
						<itemgap>2</itemgap>
						<pagecontrol>60</pagecontrol>
						<onleft>8800</onleft>
						<onright>9000</onright>
						<onup>8600</onup>
						<ondown>8600</ondown>
						<control type="button" id="8601">
							<include>SettingsButton</include>
							<label>$LOCALIZE[31141]</label>
							<label2>[COLOR=selected]$INFO[system.addontitle(Skin.String(LyricScript_Path))][/COLOR]</label2>
							<onclick>Skin.SetAddon(LyricScript_Path,xbmc.python.lyrics)</onclick>
						</control>
						<control type="button" id="8602">
							<include>SettingsButton</include>
							<label> • $LOCALIZE[1045]</label>
							<onclick>Addon.OpenSettings($INFO[Skin.String(LyricScript_Path)])</onclick>
							<visible>!IsEmpty(Skin.String(LyricScript_Path))</visible>
						</control> 
						<control type="button" id="8603">
							<include>SettingsButton</include>
							<label>$LOCALIZE[31154]</label>
							<label2>[COLOR=selected]$INFO[system.addontitle(Skin.String(TrailersAddon_Path))][/COLOR]</label2>
							<onclick>Skin.SetAddon(TrailersAddon_Path,xbmc.addon.video)</onclick>
							<enable>Skin.HasSetting(trailers)</enable>
						</control>
						<control type="button" id="8604">
							<include>SettingsButton</include>
							<label> • $LOCALIZE[1045]</label>
							<onclick>Addon.OpenSettings($INFO[Skin.String(TrailersAddon_Path)])</onclick>
							<visible>Skin.HasSetting(trailers) + !IsEmpty(Skin.String(TrailersAddon_Path))</visible>
						</control>
						<control type="radiobutton" id="8605">
							<include>SettingsRadioButton</include>
							<label>$LOCALIZE[31143]</label>
							<onclick>Skin.ToggleSetting(NextAiredEnabled)</onclick>
							<selected>Skin.HasSetting(NextAiredEnabled)</selected>
							<enable>System.HasAddon(script.tv.show.next.aired)</enable>
						</control>
						<control type="button" id="8606">
							<include>SettingsButton</include>
							<label> • $LOCALIZE[1045]</label>
							<onclick>Addon.OpenSettings(script.tv.show.next.aired)</onclick>
							<visible>Skin.HasSetting(NextAiredEnabled) + System.HasAddon(script.tv.show.next.aired)</visible>
						</control>
						<control type="radiobutton" id="8607">
							<include>SettingsRadioButton</include>
							<label> • $LOCALIZE[31137]</label>
							<onclick>Skin.ToggleSetting(EnableNextAiredNotifications)</onclick>
							<selected>Skin.HasSetting(EnableNextAiredNotifications)</selected>
							<visible>Skin.HasSetting(NextAiredEnabled) + System.HasAddon(script.tv.show.next.aired)</visible>
						</control>						
						<control type="radiobutton" id="8613">
							<include>SettingsRadioButton</include>
							<label>$LOCALIZE[31144]</label>
							<onclick>Skin.ToggleSetting(TVTunesEnabled)</onclick>
							<selected>Skin.HasSetting(TVTunesEnabled)</selected>
							<enable>System.HasAddon(script.tvtunes)</enable>
						</control>
						<control type="button" id="8614">
							<include>SettingsButton</include>
							<label> • $LOCALIZE[1045]</label>
							<onclick>Addon.OpenSettings(script.tvtunes)</onclick>
							<visible>Skin.HasSetting(TVTunesEnabled) + System.HasAddon(script.tvtunes)</visible>
						</control>
						<control type="button" id="8615">
							<include>SettingsButton</include>
							<label> • $LOCALIZE[31145]</label>
							<onclick>XBMC.RunScript(script.tvtunes)</onclick>
							<visible>Skin.HasSetting(TVTunesEnabled) + System.HasAddon(script.tvtunes)</visible>
						</control>
					</control>

					<!-- ====================== -->
					<!-- == Quick Navigation == -->
					<!-- ====================== -->
					<control type="grouplist" id="8700">
						<include>CloseAnimation</include>
						<visible>Container(8800).Hasfocus(7)</visible>
						<left>297</left>
						<top>0</top>
						<width>782</width>
						<height>414</height>
						<itemgap>2</itemgap>
						<pagecontrol>60</pagecontrol>
						<onleft>8800</onleft>
						<onright>9000</onright>
						<onup>8700</onup>
						<ondown>8700</ondown>
						<control type="radiobutton" id="8701">
							<include>SettingsRadioButton</include>
							<label>31375</label>
							<onclick>Skin.ToggleSetting(DisableQuickNav)</onclick>
							<selected>Skin.HasSetting(DisableQuickNav)</selected>
						</control>
						<control type="button" id="8702">
							<description>Default QuickNav Buttons</description>
							<include>SettingsButton</include>
							<label> • $LOCALIZE[31376]</label>
							<onclick>SetProperty(ManageButtons,defualtquicknav)</onclick>
							<onclick>ActivateWindow(1118)</onclick>
							<visible>!Skin.HasSetting(DisableQuickNav)</visible>
						</control>
						<control type="button" id="8703">
							<description>Custom QuickNav Buttons</description>
							<include>SettingsButton</include>
							<label> • $LOCALIZE[31377]</label>
							<onclick>ActivateWindow(1119)</onclick>
							<visible>!Skin.HasSetting(DisableQuickNav)</visible>
						</control>					
					</control>

					<control type="scrollbar" id="60">
						<left>1072</left>
						<top>0</top>
						<width>7</width>
						<height>414</height>
						<texturesliderbackground>thumbs/thumb75_back.png</texturesliderbackground>
						<texturesliderbar border="0,20,0,20">views/scrollbar/scrollbar.png</texturesliderbar>
						<texturesliderbarfocus border="0,14,0,14">views/scrollbar/scrollbar.png</texturesliderbarfocus>
						<textureslidernib>-</textureslidernib>
						<textureslidernibfocus>-</textureslidernibfocus>
						<onleft>8400</onleft>
						<onright>8800</onright>
						<showonepage>false</showonepage>
						<orientation>vertical</orientation>
						<animation effect="fade" start="100" end="0" time="300" condition="![ControlGroup(8300).HasFocus() | ControlGroup(8400).HasFocus() | ControlGroup(8500).HasFocus() | ControlGroup(8600).HasFocus() | ControlGroup(8100).HasFocus() | ControlGroup(8700).HasFocus()]">Conditional</animation>					
						<include>CloseAnimation</include>
					</control>
				</control>
			</control>

			<!-- ============================ -->
			<!-- == Header & Footer Labels == -->
			<!-- ============================ -->
			<control type="group">
				<left>120</left>
				<top>163</top>
				<visible>Window.IsVisible(SkinSettings)</visible>
				<include>Window_OpenClose_Animation</include>
				<control type="label">
					<description>Header Category Label</description>
					<left>0</left>
					<top>-50</top>
					<width>1075</width>
					<height>50</height>
					<font>FontSize_36</font>
					<label>$LOCALIZE[31420]</label>
					<align>center</align>
					<aligny>center</aligny>
					<textcolor>white</textcolor>
					<scroll>true</scroll>
					<shadowcolor>99000000</shadowcolor>
				</control>
				<control type="label">
					<description>Category Description</description>
					<left>0</left>
					<top>425</top>
					<width>1045</width>
					<height>30</height>
					<textcolor>33white</textcolor>
					<shadowcolor>44333333</shadowcolor>
					<font>FontSize_20</font>
					<align>left</align>
					<scroll>true</scroll>
					<label>$LOCALIZE[31409]</label>
				</control>
			</control>
		</control>

		<include>CommonDialogsFadeOutBG</include>
		<include>CommonNowPlaying</include>
		<include>SettingsMenu</include>
		<include>SettingsWeatherAndClock</include>
	</controls>
</window>
