<?xml version="1.0" encoding="UTF-8"?>
<includes> 

	<include name="HomeWidgets_ListVars">
		<left>-155</left>
		<top>220</top>
		<width>1900</width>
		<height>800</height>
    <onup>SetProperty(Movement,1)</onup>
    <ondown>ClearProperty(Movement)</ondown>
    <viewtype label="535">List</viewtype>
    <scrolltime tween="Quadratic" easing="out">300</scrolltime>
    <orientation>horizontal</orientation>
    <preloaditems>2</preloaditems>
    <focusposition>1</focusposition>
	</include>

	<include name="HomeWidgetsLists_VideoLabels">
		<control type="label">
			<left>215</left>
			<top>200</top>
			<height>30</height>
			<width>800</width>
			<textcolor>white</textcolor>
		  <shadowcolor>99000000</shadowcolor>
			<font>FontSize_38</font>
			<align>left</align>
			<label>$INFO[ListItem.label]</label>
		</control>
		<control type="label">
			<left>215</left>
			<top>230</top>
			<height>30</height>
			<width>800</width>
			<textcolor>77white</textcolor>
		  <shadowcolor>99000000</shadowcolor>
			<font>FontSize_22</font>
			<align>left</align>
			<label>$INFO[ListItem.Property(Label3)]</label>
		</control>
		<control type="label">
			<left>215</left>
			<top>232</top>
			<height>30</height>
			<width>800</width>
			<textcolor>77white</textcolor>
		  <shadowcolor>99000000</shadowcolor>
			<font>FontSize_22</font>
			<align>left</align>
			<label>$INFO[ListItem.Label2]</label>
			<animation effect="slide" start="0,0" end="45,0" condition="IsEmpty(ListItem.Property(Label3))">Conditional</animation>
		</control>
		<control type="image">
			<left>216</left>
			<top>237</top>
			<width>34</width>
			<height>22</height>
	    <colordiffuse>77white</colordiffuse>
	    <aspectratio align="left" aligny="center">stretch</aspectratio>
			<texture>$VAR[HomeWidgetsDefFlags]</texture>
		</control>
	</include>

	<include name="HomeWidgetsLists_MusicLabels">
		<control type="label">
			<left>255</left>
			<top>165</top>
			<height>30</height>
			<width>800</width>
			<textcolor>white</textcolor>
		  <shadowcolor>99000000</shadowcolor>
			<font>FontSize_38</font>
			<align>left</align>
			<label>$INFO[ListItem.label]</label>
		</control>
		<control type="label">
			<left>257</left>
			<top>195</top>
			<height>30</height>
			<width>800</width>
			<textcolor>77white</textcolor>
		  <shadowcolor>99000000</shadowcolor>
			<font>FontSize_22</font>
			<align>left</align>
			<label>$INFO[ListItem.Label2]</label>
		</control>
		<control type="label">
			<left>257</left>
			<top>195</top>
			<height>30</height>
			<width>800</width>
			<textcolor>77white</textcolor>
		  <shadowcolor>99000000</shadowcolor>
			<font>FontSize_22</font>
			<align>left</align>
			<label>$INFO[ListItem.Property(Label3)]</label>
		</control>
	</include>

	<include name="HomeWidgets_WeatherAndClock">
  	<control type="group">
  		<left>25</left>
  		<top>45</top>
      <include>WeatherAndClock</include>
  	</control>
	</include>

	<variable name="HomeWidgetsFanart">
		<value condition="Control.HasFocus(81)">$INFO[Container(81).ListItem.Property(FanartImage)]</value>
		<value condition="Control.HasFocus(82)">$INFO[Container(82).ListItem.Property(FanartImage)]</value>
		<value condition="Control.HasFocus(83)">$INFO[Container(83).ListItem.Property(FanartImage)]</value>
	</variable>
 
  <variable name="HomeWidgetsDefFlags">
    <value condition="Control.HasFocus(81) + IntegerGreaterThan(Container(81).ListItem.Property(VideoResolution),719)">flags/def/hd.png</value>
    <value condition="Control.HasFocus(81) + !IsEmpty(Container(81).ListItem.Property(VideoResolution))">flags/def/sd.png</value>
    <value condition="Control.HasFocus(82) + IntegerGreaterThan(Container(82).ListItem.Property(VideoResolution),719)">flags/def/hd.png</value>
    <value condition="Control.HasFocus(82) + !IsEmpty(Container(82).ListItem.Property(VideoResolution))">flags/def/sd.png</value>
    <value condition="Control.HasFocus(83) + IntegerGreaterThan(Container(83).ListItem.Property(VideoResolution),719)">flags/def/hd.png</value>
    <value condition="Control.HasFocus(83) + !IsEmpty(Container(83).ListItem.Property(VideoResolution))">flags/def/sd.png</value>
  </variable>

</includes>
