<?xml version="1.0" encoding="UTF-8"?>
<window id="136">
  <zorder>5</zorder>
	<controls>
	<control type="group">
		<left>45</left>
		<top>645</top>
		<control type="grouplist">
			<include>NowPlaying</include>
			<left>0</left>
			<top>0</top>
			<width>1000</width>
		  <height>60</height>
			<align>left</align>
			<itemgap>10</itemgap>
			<orientation>horizontal</orientation>
	    <control type="image">
	    	<width>46</width>
	    	<height>46</height>
		    <colordiffuse>CC05ADDA</colordiffuse>
	      <aspectratio>keep</aspectratio>
	    	<texture background="true">dialogs/busy/busy.png</texture>
	      <animation effect="rotate" start="0" end="-360" center="auto" time="1500" loop="true" condition="true">conditional</animation> -->
	    </control>
			<control type="label">
				<height>42</height>
				<width min="10" max="200">auto</width>
		    <label>$INFO[Control.GetLabel(10),,%]</label>
				<align>left</align>
				<aligny>center</aligny>
				<font>FontSize_50</font>
				<textcolor>blue</textcolor>
				<shadowcolor>77000000</shadowcolor>
				<visible>IntegerGreaterThan(Control.GetLabel(10),0)</visible>
			</control>
			<control type="fadelabel">
				<height>42</height>
				<width min="10" max="1000">auto</width>
				<label>$LOCALIZE[31006]</label>
				<label>$LOCALIZE[31007]</label>
				<align>left</align>
				<aligny>center</aligny>
				<font>FontSize_50</font>
				<textcolor>blue</textcolor>
				<shadowcolor>77000000</shadowcolor>
        <scroll>false</scroll>
        <scrollout>false</scrollout>
        <scrollspeed>100</scrollspeed>
        <pauseatend>5000</pauseatend>
			</control>
		</control>
		<control type="progress" id="10">
			<description>progress control</description>
			<texturebg>-</texturebg>
			<lefttexture>-</lefttexture>
			<midtexture>-</midtexture>
			<righttexture>-</righttexture>
			<overlaytexture>-</overlaytexture>
			<visible>false</visible>
		</control>
  </control>
	</controls>
</window>