<?xml version="1.0" encoding="UTF-8"?>
<window  type="dialog" id="134">
	<defaultcontrol always="true">450</defaultcontrol>
	<include>OnLoadDialogsClose</include>
	<onload condition="!IntegerGreaterThan(Container(450).NumItems,0)">ActivateWindow(1110)</onload>
	<controls>

		<control type="group">
	    <include>GlobalSearchSlideAnimations</include>
      <animation type="Conditional" reversible="true" condition="Window.IsActive(ShutdownMenu) | Window.IsActive(virtualkeyboard) | Window.IsActive(filebrowser) | Window.IsActive(playercontrols)">
        <effect type="fade" start="100" end="0" time="250" tween="sine" easing="inout" />
        <effect type="slide" start="0,0" end="0,35" time="300" tween="sine" easing="inout" />
      </animation>
      <animation type="Conditional" reversible="true" condition="Window.IsActive(ContextMenu)">
        <effect type="slide" start="0,0" end="0,120" time="280" tween="sine" easing="inout" />
      </animation>
			<control type="panel" id="450">
				<left>45</left>
				<top>145</top>
				<width>1220</width>
				<height>440</height>
				<onleft>450</onleft>
				<onright>450</onright>
				<onup>450</onup>
				<ondown>450</ondown>
        <scrolltime tween="Quadratic" easing="out">250</scrolltime>
				<viewtype label="536">icon</viewtype>
        <orientation>vertical</orientation>
				<itemlayout height="220" width="200">
					<control type="image">
						<left>0</left>
						<top>0</top>
						<width>190</width>
						<height>210</height>
						<aspectratio align="center" aligny="center">stretch</aspectratio>
						<texture border="31">views/other/panel.png</texture>
					</control>
					<control type="image">
						<left>4</left>
						<top>4</top>
						<width>182</width>
						<height>167</height>
						<aspectratio align="center" aligny="center">scale</aspectratio>
					  <texture background="true" fallback="thumbs/fallback_square_tp.png">$INFO[ListItem.Icon]</texture>
						<bordertexture border="6">thumbs/thumb_border.png</bordertexture>
					  <bordersize>6</bordersize>
					</control>
					<control type="label">
						<left>10</left>
						<top>170</top>
						<width>170</width>
						<height>33</height>
						<textcolor>white</textcolor>
						<shadowcolor>77000000</shadowcolor>
						<font>FontSize_20</font>
						<scroll>false</scroll>
						<align>center</align>
						<aligny>center</aligny>
						<label>$INFO[ListItem.Label]</label>
					</control>
				</itemlayout>
				<focusedlayout height="220" width="200">
					<control type="image">
						<left>0</left>
						<top>0</top>
						<width>190</width>
						<height>210</height>
						<aspectratio align="center" aligny="center">stretch</aspectratio>
						<texture border="31">views/other/panel.png</texture>
					</control>
					<control type="image">
						<left>4</left>
						<top>4</top>
						<width>182</width>
						<height>167</height>
						<aspectratio align="center" aligny="center">scale</aspectratio>
					  <texture background="true" fallback="thumbs/fallback_square_tp.png">$INFO[ListItem.Icon]</texture>
						<bordertexture border="6">thumbs/thumb_border.png</bordertexture>
					  <bordersize>6</bordersize>
					</control>
					<control type="label">
						<left>10</left>
						<top>170</top>
						<width>170</width>
						<height>33</height>
						<textcolor>blue</textcolor>
						<shadowcolor>77000000</shadowcolor>
						<font>FontSize_20</font>
						<scrollspeed>35</scrollspeed>
						<align>center</align>
						<aligny>center</aligny>
						<label>$INFO[ListItem.Label]</label>
					</control>
					<control type="image">
						<left>0</left>
						<top>0</top>
						<width>190</width>
						<height>210</height>
						<aspectratio align="center" aligny="center">stretch</aspectratio>
						<texture border="31">views/other/focus_blue.png</texture>
            <animation type="Focus">
              <effect type="zoom" start="95" end="100" time="150" tween="sine" easing="inout" center="auto" />
            </animation>
					</control>
				</focusedlayout>
			</control>
		</control>

	 <control type="group">
		  <left>45</left>
		  <top>25</top>
	    <include>TopOptionsSlideAnimations</include>
      <animation type="Conditional" reversible="true" condition="Window.IsActive(ShutdownMenu) | Window.IsActive(ContextMenu)">
        <effect type="fade" start="100" end="0" time="300" tween="sine" easing="inout" />
        <effect type="slide" start="0,0" end="0,35" time="350" tween="sine" easing="inout" />
      </animation>
		  <!--  Content Info  -->
			<control type="grouplist">
				<left>0</left>
				<top>0</top>
				<height>70</height>
				<width>1000</width>
				<align>left</align>
				<itemgap>20</itemgap>
				<orientation>horizontal</orientation>
		    <control type="label">
				  <include>TopBigLabel</include>
					<label>1036</label>
				</control>
			</control>
			<control type="label">
				<description>Page Count Label</description>
				<left>0</left>
				<top>45</top>
				<width>300</width>
				<height>20</height>
				<font>FontSize_18</font>
				<textcolor>blue</textcolor>
				<scroll>false</scroll>
				<align>left</align>
				<aligny>center</aligny>
				<label>$INFO[Container(450).NumItems,, $LOCALIZE[31025]]</label>
			  <visible>IntegerGreaterThan(Container(450).NumItems,0)</visible>
			</control>
	 </control>
	</controls>
</window>