<?xml version="1.0" encoding="UTF-8"?>
<window  id="146">
	<defaultcontrol always="true">9000</defaultcontrol>
	<allowoverlay>no</allowoverlay>
	<controls>
	
		<control type="group">
			<visible>!Window.IsVisible(AddonSettings) + !Window.IsVisible(TextViewer) + !Window.IsActive(contextmenu)</visible>
	    <include>DialogAnimation</include>
			<control type="group">
				<left>45</left>
				<top>170</top>
				<include>VisibleFadeEffect</include>
				<control type="image">
					<left>0</left>
					<top>0</top>
					<width>386</width>
					<height>386</height>
					<aspectratio align="center" aligny="center" scalediffuse="false">stretch</aspectratio>
					<texture diffuse="thumbs/video_diffuse.png">thumbs/thumb_back.png</texture>
				</control>
				<control type="image">
					<left>0</left>
					<top>0</top>
					<width>386</width>
					<height>386</height>
					<aspectratio align="center" aligny="center" scalediffuse="false">scale</aspectratio>
					<texture background="true" fallback="thumbs/fallback_square_big.png" diffuse="thumbs/music_diffuse_big.png">$INFO[ListItem.Thumb]</texture>
				</control>
				<control type="image">
					<left>-12</left>
					<top>-12</top>
					<width>410</width>
					<height>410</height>
					<aspectratio align="center" aligny="center">stretch</aspectratio>
					<texture background="true">thumbs/music_overlay_big.png</texture>
				</control>
				<control type="label">
					<description>Title</description>
					<left>410</left>
					<top>5</top>
					<width>775</width>
					<height>30</height>
					<font>FontSize_40</font>
					<label>$INFO[ListItem.Property(Addon.Name)]</label>
					<align>left</align>
					<aligny>center</aligny>
					<textcolor>white</textcolor>
					<shadowcolor>99000000</shadowcolor>
				</control>
				<control type="label">
					<description>Under Title</description>
					<left>410</left>
					<top>37</top>
					<width>775</width>
					<height>30</height>
					<font>FontSize_22</font>
					<label>$VAR[DialogsInfo]</label>
					<align>left</align>
					<aligny>center</aligny>
					<textcolor>99white</textcolor>
					<shadowcolor>99000000</shadowcolor>
				</control>
				<control type="textbox">
					<description>Description Value</description>
					<left>410</left>
					<top>220</top>
					<width>775</width>
					<height>155</height>
					<font>FontSize_22</font>
					<align>justify</align>
					<textcolor>99white</textcolor>
					<shadowcolor>99000000</shadowcolor>
					<label fallback="195">$VAR[GlobalPlotDescription]</label>
					<autoscroll time="3000" delay="5000" repeat="5000">Skin.HasSetting(AutoScroll)</autoscroll>
					<visible>IsEmpty(ListItem.Property(Addon.Broken)) + IsEmpty(ListItem.Property(Addon.Status))</visible>
				</control>
				<control type="textbox">
					<description>Description Value</description>
					<left>410</left>
					<top>225</top>
					<width>775</width>
					<height>130</height>
					<font>FontSize_22</font>
					<align>justify</align>
					<textcolor>99white</textcolor>
					<shadowcolor>99000000</shadowcolor>
					<label fallback="195">$VAR[GlobalPlotDescription]</label>
					<autoscroll time="3000" delay="5000" repeat="5000">Skin.HasSetting(AutoScroll)</autoscroll>
					<visible>!IsEmpty(ListItem.Property(Addon.Status)) + IsEmpty(ListItem.Property(Addon.Broken))</visible>
				</control>
				<control type="textbox">
					<description>Description Value</description>
					<left>410</left>
					<top>220</top>
					<width>775</width>
					<height>120</height>
					<font>FontSize_22</font>
					<align>justify</align>
					<textcolor>99white</textcolor>
					<shadowcolor>99000000</shadowcolor>
					<label fallback="195">$VAR[GlobalPlotDescription]</label>
					<autoscroll time="3000" delay="5000" repeat="5000">Skin.HasSetting(AutoScroll)</autoscroll>
					<visible>!IsEmpty(ListItem.Property(Addon.Broken))</visible>
				</control>
				<control type="label">
					<description>Status</description>
					<left>410</left>
					<top>355</top>
					<width>775</width>
					<height>30</height>
					<font>FontSize_22</font>
					<label>$INFO[ListItem.Property(Addon.Status),* ]</label>
					<align>left</align>
					<aligny>center</aligny>
					<textcolor>white</textcolor>
					<shadowcolor>99000000</shadowcolor>
					<visible>IsEmpty(ListItem.Property(Addon.Broken))</visible>
				</control>
				<!-- Broken Message -->
				<control type="grouplist">
					<left>410</left>
					<top>345</top>
					<width>775</width>
	        <height>50</height>
				  <orientation>horizontal</orientation>
					<visible>!IsEmpty(ListItem.Property(Addon.Broken))</visible>
					<control type="image">
						<description>little pic</description>
						<width>40</width>
						<height>40</height>
						<aspectratio>stretch</aspectratio>
					  <texture>icons/notification_error_alt.png</texture>
						<align>left</align>
						<aligny>center</aligny>
						<colordiffuse>red</colordiffuse>
					</control>
					<control type="label">
						<textcolor>red</textcolor>
						<shadowcolor>99000000</shadowcolor>
						<font>FontSize_22</font>
						<width min="10" max="730">auto</width>
						<height>36</height>
					  <label fallback="195">$INFO[ListItem.Property(Addon.Broken)]</label>
		      </control>
				</control>
			</control>

			<control type="group">
				<left>455</left>
				<top>252</top>
				<!-- ID label -->
				<control type="grouplist">
					<left>0</left>
					<top>0</top>
					<width>775</width>
	        <height>30</height>
				  <orientation>horizontal</orientation>
					<control type="label">
						<textcolor>white</textcolor>
						<shadowcolor>99000000</shadowcolor>
						<font>FontSize_22</font>
						<width min="10" max="675">auto</width>
						<label>$LOCALIZE[24000] $LOCALIZE[560]: </label>
					</control>
					<control type="label">
						<textcolor>99white</textcolor>
						<shadowcolor>99000000</shadowcolor>
						<font>FontSize_22</font>
						<width min="10" max="675">auto</width>
						<height>30</height>
						<label fallback="195">$INFO[ListItem.Property(Addon.ID)]</label>
					</control>
				</control>
				<!-- Creator label -->
				<control type="grouplist">
					<left>0</left>
					<top>25</top>
					<width>775</width>
	        <height>30</height>
				  <orientation>horizontal</orientation>
					<control type="label">
						<textcolor>white</textcolor>
						<shadowcolor>99000000</shadowcolor>
						<font>FontSize_22</font>
						<width min="10" max="705">auto</width>
						<height>30</height>
						<label>$LOCALIZE[21863]: </label>
					</control>
					<control type="label">
						<textcolor>99white</textcolor>
						<shadowcolor>99000000</shadowcolor>
						<font>FontSize_22</font>
						<width min="10" max="705">auto</width>
						<height>30</height>
						<label fallback="195">$INFO[ListItem.Property(Addon.Creator)]</label>
					</control>
				</control>
				<!-- Version label -->
				<control type="grouplist">
					<left>0</left>
					<top>50</top>
					<width>775</width>
	        <height>30</height>
				  <orientation>horizontal</orientation>
					<control type="label">
						<textcolor>white</textcolor>
						<shadowcolor>99000000</shadowcolor>
						<font>FontSize_22</font>
						<width min="10" max="705">auto</width>
						<height>30</height>
						<label>$LOCALIZE[24051] </label>
					</control>
					<control type="label">
						<textcolor>99white</textcolor>
						<shadowcolor>99000000</shadowcolor>
						<font>FontSize_22</font>
						<width min="10" max="705">auto</width>
						<height>30</height>
						<label fallback="195">$INFO[ListItem.Property(Addon.Version)]</label>
					</control>
				</control>
				<!-- Disclaimer label -->
				<control type="grouplist">
					<left>0</left>
					<top>75</top>
					<width>775</width>
	        <height>30</height>
				  <orientation>horizontal</orientation>
					<control type="label">
						<textcolor>white</textcolor>
						<shadowcolor>99000000</shadowcolor>
						<font>FontSize_22</font>
						<width min="10" max="675">auto</width>
						<height>30</height>
						<label>$LOCALIZE[24052]: </label>
					</control>
					<control type="label">
						<textcolor>99white</textcolor>
						<shadowcolor>99000000</shadowcolor>
						<font>FontSize_22</font>
						<width min="10" max="675">auto</width>
						<height>30</height>
						<label fallback="195">$INFO[ListItem.Property(Addon.Disclaimer)]</label>
					</control>
				</control>
				<!-- Path label -->
				<control type="grouplist">
					<left>0</left>
					<top>100</top>
					<width>775</width>
	        <height>30</height>
				  <orientation>horizontal</orientation>
					<control type="label">
						<textcolor>white</textcolor>
						<shadowcolor>99000000</shadowcolor>
						<font>FontSize_22</font>
						<width min="10" max="720">auto</width>
						<height>30</height>
						<label>$LOCALIZE[15311] </label>
					</control>
					<control type="label">
						<textcolor>99white</textcolor>
						<shadowcolor>99000000</shadowcolor>
						<font>FontSize_22</font>
						<width min="10" max="720">auto</width>
						<height>30</height>
					  <label fallback="195">$INFO[ListItem.Property(Addon.Path)]</label>
		      </control>
				</control>
			</control>
		</control>


    <!-- ================== -->
    <!-- Top Buttons Labels -->
    <!-- ================== -->    
	  <control type="group">
			<left>45</left>
			<top>25</top>
			<visible>!Window.IsActive(contextmenu) + !Window.IsActive(script-NextAired-TVGuide.xml)</visible>
	    <animation type="WindowOpen" reversible="false">
        <effect type="fade" start="0" end="100" time="300" tween="sine" easing="in"  />
        <effect type="slide" start="0,-55" end="0,0" time="350" tween="cubic" easing="out" />
	    </animation>
	    <animation type="WindowClose" condition="!Window.IsActive(shutdownmenu)" reversible="false">
        <effect type="fade" start="100" end="0" time="300" tween="sine" easing="out" />
        <effect type="slide" start="0,0" end="0,-55" time="350" tween="sine" easing="out" />
	    </animation>
	    <animation type="WindowClose" condition="Window.IsActive(shutdownmenu)" reversible="false">
        <effect type="fade" start="100" end="0" time="300" tween="sine" easing="out" />
        <effect type="slide" start="0,0" end="0,55" time="350" tween="sine" easing="out" />
	    </animation>
	    <animation type="Visible" reversible="false">
        <effect type="fade" start="0" end="100" time="300" tween="sine" easing="in"  />
        <effect type="slide" start="0,55" end="0,0" time="350" tween="cubic" easing="out" />
	    </animation>
	    <animation type="Hidden" reversible="false">
        <effect type="fade" start="100" end="0" time="300" tween="sine" easing="out" />
        <effect type="slide" start="0,0" end="0,55" time="350" tween="sine" easing="out" />
	    </animation>
			<!-- NumberRating -->
			<control type="grouplist">
				<left>0</left>
				<top>6</top>
				<height>0</height>
				<width>1190</width>
				<itemgap>5</itemgap>
				<align>right</align>
				<orientation>horizontal</orientation>
			  <animation type="Conditional" reversible="false" condition="!Window.IsActive(VolumeBar)">
		      <effect type="fade" start="0" end="100" time="300" tween="sine" easing="in"  />
		      <effect type="slide" start="0,35" end="0,0" time="350" tween="cubic" easing="out" />
			  </animation>
			  <animation type="Conditional" reversible="false" condition="Window.IsActive(VolumeBar)">
		      <effect type="fade" start="100" end="0" time="300" tween="sine" easing="out" />
		      <effect type="slide" start="0,0" end="0,35" time="350" tween="sine" easing="out" />
			  </animation>
				<control type="image">
					<width>40</width>
					<height>38</height>
	        <aspectratio>keep</aspectratio>
					<texture>rating/star_big_full.png</texture>
					<visible>!IsEmpty(ListItem.Rating)</visible>
				</control>
				<control type="label">
					<height>40</height>
					<width min="10" max="1280">auto</width>
					<font>FontSize_40</font>
					<textcolor>white</textcolor>
					<shadowcolor>99000000</shadowcolor>
			    <align>left</align>
			    <aligny>center</aligny>
					<scroll>false</scroll>
				  <label>$INFO[ListItem.Rating]</label>
				</control>
			</control>
      <!-- Buttons -->
			<control type="grouplist" id="9000">
				<left>0</left>
				<top>0</top>
				<width>0</width>
				<height>0</height>
				<itemgap>0</itemgap>
				<align>left</align>
				<orientation>horizontal</orientation>
				<onleft>9000</onleft>
				<onright>9000</onright>
				<ondown>50</ondown>
				<control type="button" id="9">
					<description>Update</description>
				  <include>TopButton</include>
					<label>24020</label>
				</control>
				<control type="button" id="8">
					<description>Configure</description>
				  <include>TopButton</include>
					<label>24069</label>
				</control>
				<control type="button" id="6">
					<description>Install/UnInstall</description>
				  <include>TopButton</include>
					<label>24022</label>
				</control>
<!--
				<control type="button" id="12">
					<description>Launch</description>
				  <include>TopButton</include>
					<label>518</label>
				</control>
-->
				<control type="button" id="7">
					<description>Enable/Disable</description>
				  <include>TopButton</include>
					<label>24021</label>
				</control>
				<control type="button" id="11">
					<description>Rollback</description>
				  <include>TopButton</include>
					<label>24048</label>
				</control>
				<control type="button" id="10">
					<description>Changelog</description>
				  <include>TopButton</include>
					<label>24036</label>
				</control>
			</control>
      <!-- Labels -->
			<control type="grouplist">
	      <animation type="Visible" reversible="false">
          <effect type="fade" start="0" end="100" time="300" tween="sine" easing="out"  />
          <effect type="slide" start="0,35" end="0,0" time="350" tween="sine" easing="out" />
	      </animation>
	      <animation type="Hidden" reversible="false">
          <effect type="fade" start="100" end="0" time="300" tween="sine" easing="out" />
          <effect type="slide" start="0,0" end="0,35" time="350" tween="sine" easing="out" />
	      </animation>
        <animation type="Conditional" condition="!stringcompare(System.Language,English (US)) + !stringcompare(System.Language,English)">
          <effect type="fade" start="0" end="100" tween="sine" easing="in" time="250" />
          <effect type="zoom" end="0,0,1590,70" tween="cubic" easing="out" time="300" />
        </animation>
				<left>0</left>
				<top>0</top>
				<height>70</height>
				<width>1700</width>
				<itemgap>8</itemgap>
				<align>left</align>
				<orientation>horizontal</orientation>
				<control type="label">
				  <include>TopBigLabel</include>
				  <label>$LOCALIZE[24000] $LOCALIZE[31023]:</label>
				</control>
				<control type="label">
					<description>Update</description>
				  <include>TopSmallLabel</include>
					<label>$INFO[Control.GetLabel(9)]</label>
					<animation effect="fade" start="100" end="60" time="200" tween="cubic" easing="inout" condition="!Control.IsEnabled(9)" reversible="true">Conditional</animation>
					<animation effect="fade" start="100" end="70" time="200" tween="cubic" easing="inout" condition="!Control.HasFocus(9)" reversible="true">Conditional</animation>
          <animation effect="zoom" start="100" end="90" time="200" tween="cubic" easing="inout" center="auto" condition="!Control.HasFocus(9)" reversible="true">Conditional</animation>
				</control>
				<control type="label">
					<description>Configure</description>
				  <include>TopSmallLabel</include>
					<label>$INFO[Control.GetLabel(8)]</label>
					<animation effect="fade" start="100" end="60" time="200" tween="cubic" easing="inout" condition="!Control.IsEnabled(8)" reversible="true">Conditional</animation>
					<animation effect="fade" start="100" end="70" time="200" tween="cubic" easing="inout" condition="!Control.HasFocus(8)" reversible="true">Conditional</animation>
          <animation effect="zoom" start="100" end="90" time="200" tween="cubic" easing="inout" center="auto" condition="!Control.HasFocus(8)" reversible="true">Conditional</animation>
				</control>
				<control type="label">
					<description>Install/UnInstall</description>
				  <include>TopSmallLabel</include>
					<label>$INFO[Control.GetLabel(6)]</label>
					<animation effect="fade" start="100" end="60" time="200" tween="cubic" easing="inout" condition="!Control.IsEnabled(6)" reversible="true">Conditional</animation>
					<animation effect="fade" start="100" end="70" time="200" tween="cubic" easing="inout" condition="!Control.HasFocus(6)" reversible="true">Conditional</animation>
          <animation effect="zoom" start="100" end="90" time="200" tween="cubic" easing="inout" center="auto" condition="!Control.HasFocus(6)" reversible="true">Conditional</animation>
				</control>
<!--
				<control type="label">
					<description>Launch</description>
				  <include>TopSmallLabel</include>
					<label>$INFO[Control.GetLabel(12)]</label>
					<animation effect="fade" start="100" end="60" time="200" tween="cubic" easing="inout" condition="!Control.IsEnabled(12)" reversible="true">Conditional</animation>
					<animation effect="fade" start="100" end="70" time="200" tween="cubic" easing="inout" condition="!Control.HasFocus(12)" reversible="true">Conditional</animation>
          <animation effect="zoom" start="100" end="90" time="200" tween="cubic" easing="inout" center="auto" condition="!Control.HasFocus(12)" reversible="true">Conditional</animation>
				</control>
-->
				<control type="label">
					<description>Enable/Disable</description>
				  <include>TopSmallLabel</include>
          <label>$INFO[Control.GetLabel(7)]</label>
					<animation effect="fade" start="100" end="60" time="200" tween="cubic" easing="inout" condition="!Control.IsEnabled(7)" reversible="true">Conditional</animation>
					<animation effect="fade" start="100" end="70" time="200" tween="cubic" easing="inout" condition="!Control.HasFocus(7)" reversible="true">Conditional</animation>
          <animation effect="zoom"  start="100" end="90" time="200" tween="cubic" easing="inout" center="auto" condition="!Control.HasFocus(7)" reversible="true">Conditional</animation>
				</control>
				<control type="label">
					<description>Rollback</description>
				  <include>TopSmallLabel</include>
					<label>$INFO[Control.GetLabel(11)]</label>
					<animation effect="fade" start="100" end="60" time="200" tween="cubic" easing="inout" condition="!Control.IsEnabled(11)" reversible="true">Conditional</animation>
					<animation effect="fade" start="100" end="70" time="200" tween="cubic" easing="inout" condition="!Control.HasFocus(11)" reversible="true">Conditional</animation>
          <animation effect="zoom"  start="100" end="90" time="200" tween="cubic" easing="inout" center="auto" condition="!Control.HasFocus(11)" reversible="true">Conditional</animation>
				</control>
				<control type="label">
					<description>Changelog</description>
				  <include>TopSmallLabel</include>
					<label>$INFO[Control.GetLabel(10)]</label>
					<animation effect="fade" start="100" end="60" time="200" tween="cubic" easing="inout" condition="!Control.IsEnabled(10)" reversible="true">Conditional</animation>
					<animation effect="fade" start="100" end="70" time="200" tween="cubic" easing="inout" condition="!Control.HasFocus(10)" reversible="true">Conditional</animation>
          <animation effect="zoom"  start="100" end="90" time="200" tween="cubic" easing="inout" center="auto" condition="!Control.HasFocus(10)" reversible="true">Conditional</animation>
				</control>
			</control>
		</control>


    <!-- ================ -->
    <!-- Top Content Info -->
    <!-- ================ -->
		<control type="group">
			<left>45</left>
			<top>70</top>
			<include>TopOptionsSlideAnimations</include>
	    <animation type="Conditional" condition="!Window.IsActive(contextmenu)" reversible="false">
        <effect type="fade" start="0" end="100" time="300" tween="sine" easing="in"  />
        <effect type="slide" start="0,55" end="0,0" time="350" tween="cubic" easing="out" />
	    </animation>
	    <animation type="Conditional" condition="Window.IsActive(contextmenu)" reversible="false">
        <effect type="fade" start="100" end="0" time="300" tween="sine" easing="out" />
        <effect type="slide" start="0,0" end="0,55" time="350" tween="sine" easing="out" />
	    </animation>
			<control type="label">
				<width>300</width>
				<height>20</height>
				<font>FontSize_18</font>
				<textcolor>blue</textcolor>
				<scroll>false</scroll>
				<align>left</align>
				<aligny>center</aligny>
				<label>$INFO[Container.Property(AddonCategory)]</label>
			</control>
			<control type="label">
				<width>300</width>
				<height>20</height>
				<font>FontSize_18</font>
				<textcolor>blue</textcolor>
				<scroll>false</scroll>
				<align>left</align>
				<aligny>center</aligny>
				<label>1037</label>
				<visible>Window.IsVisible(Videos)</visible>
			</control>
			<control type="label">
				<width>300</width>
				<height>20</height>
				<font>FontSize_18</font>
				<textcolor>blue</textcolor>
				<scroll>false</scroll>
				<align>left</align>
				<aligny>center</aligny>
				<label>1038</label>
				<visible>Window.IsVisible(MusicLibrary) | Window.IsVisible(MusicFiles)</visible>
			</control>
			<control type="label">
				<width>300</width>
				<height>20</height>
				<font>FontSize_18</font>
				<textcolor>blue</textcolor>
				<scroll>false</scroll>
				<align>left</align>
				<aligny>center</aligny>
				<label>1039</label>
				<visible>Window.IsVisible(Pictures)</visible>
			</control>
			<control type="label">
				<width>300</width>
				<height>20</height>
				<font>FontSize_18</font>
				<textcolor>blue</textcolor>
				<scroll>false</scroll>
				<align>left</align>
				<aligny>center</aligny>
				<label>1043</label>
				<visible>Window.IsVisible(Programs)</visible>
			</control>
		</control>
	</controls>
</window>