<?xml version="1.0" encoding="UTF-8"?>
<window  id="126">
	<defaultcontrol always="true">450</defaultcontrol>
  <zorder>3</zorder>
  <onload condition="Window.IsActive(networksetup)">SetProperty(ShowDialog,1,home)</onload>
  <onload condition="Window.IsActive(networksetup)">SetProperty(ShowDialog,1)</onload>
  <onunload>ClearProperty(ShowDialog,home)</onunload>
	<controls>
		<control type="group">
      <include>DialogAnimation</include>
		  <visible>!Window.IsActive(virtualkeyboard) + !Window.IsActive(locksettings) + ![Window.IsActive(networksetup) + IsEmpty(Window.Property(ShowDialog))]</visible>
  	  <control type="image">
  			<left>311</left>
  			<top>171</top>
  		  <width>658</width>
  		  <height>57</height>
  		  <colordiffuse>blue</colordiffuse>
  		  <texture background="true" border="9">dialogs/other/header.png</texture>
  	  </control>
  	  <control type="image">
  			<left>311</left>
  			<top>225</top>
  		  <width>658</width>
  		  <height>310</height>
  		  <texture background="true" border="39,19,39,19">dialogs/other/body.png</texture>
  	  </control>
	    <control type="image">
		    <description>background image</description>
		    <include>FullscreenDimensions</include>
				<texture background="true">dialogs/other/bg_filebrowser.png</texture>
		  </control>
  		 <control type="image">
  			<left>313</left>
  			<top>224</top>
  			<width>654</width>
  			<height>4</height>
  			<aspectratio>stretch</aspectratio>
  			<texture background="true">dialogs/other/header_line.png</texture>
  		 </control>
  		<control type="label" id="411">
  			<description>header label</description>
				<left>325</left>
				<top>185</top>
				<width>580</width>
  	    <include>DialogsHeaderLabel</include>
        <label>Remove ID to Test, Remove ID to Test, Remove</label>
  		</control>
  		<control type="label">
  			<description>Page Count Label</description>
  			<left>406</left>
  			<top>193</top>
  			<width>553</width>
  			<height>35</height>
  			<font>FontSize_16B</font>
  			<textcolor>88white</textcolor>
    		<shadowcolor>99000000</shadowcolor>
  			<scroll>false</scroll>
  			<align>right</align>
  			<aligny>center</aligny>
  			<label>$VAR[ContainerNumItems]</label>
  		</control>
			<control type="label" id="412">
				<description>Path</description>
				<left>330</left>
				<top>230</top>
				<width>620</width>
				<height>30</height>
				<font>FontSize_16B</font>
				<align>left</align>
				<aligny>center</aligny>
				<textcolor>44white</textcolor>
				<shadowcolor>99000000</shadowcolor>
				<scroll>true</scroll>
				<scrollspeed>20</scrollspeed>
			</control>
			<control type="image">
				<description>Large Icon Image</description>
				<left>780</left>
				<top>263</top>
				<width>171</width>
				<height>249</height>
				<aspectratio align="center" aligny="center">keep</aspectratio>
				<texture background="true">$INFO[Listitem.Icon]</texture>
				<bordersize>1</bordersize>
			</control>
					
			<!-- List -->
			<control type="list" id="450">
				<left>328</left>
				<top>262</top>
				<width>447</width>
				<height>255</height>
				<onup>450</onup>
				<onleft>10000</onleft>
				<onright>10000</onright>
				<ondown>450</ondown>
			  <scrolltime tween="quadratic" easing="out">250</scrolltime>
				<itemlayout height="51" width="447">
					<control type="label">
						<left>10</left>
						<top>0</top>
						<width>427</width>
						<height>47</height>
						<info>ListItem.Label</info>
						<font>FontSize_20</font>
						<align>left</align>
						<aligny>center</aligny>
						<textcolor>77white</textcolor>
						<shadowcolor>99000000</shadowcolor>
						<scroll>false</scroll>
					</control>
				</itemlayout>
				<focusedlayout height="51" width="447">
					<control type="image">
						<left>0</left>
						<top>0</top>
						<width>447</width>
						<height>47</height>
						<align>left</align>
						<aligny>center</aligny>
					  <texture>buttons/focus.png</texture>
			      <animation effect="slide" start="0,25" end="0,0" time="200" reversible="false" tween="back" easing="out" condition="Container(450).OnPrevious">focus</animation>
			      <animation effect="slide" start="0,-25" end="0,0" time="200" reversible="false" tween="back" easing="out" condition="Container(450).OnNext">focus</animation>
            <visible>Control.HasFocus(450)</visible>
					</control>
					<control type="label">
						<left>10</left>
						<top>0</top>
						<width>427</width>
						<height>47</height>
						<info>ListItem.Label</info>
						<font>FontSize_20</font>
						<align>left</align>
						<aligny>center</aligny>
						<textcolor>white</textcolor>
						<shadowcolor>99000000</shadowcolor>
						<scroll>true</scroll>
						<scrollspeed>20</scrollspeed>
						<visible>Control.HasFocus(450)</visible>
					</control>
					<control type="label">
						<left>10</left>
						<top>0</top>
						<width>427</width>
						<height>47</height>
						<info>ListItem.Label</info>
						<font>FontSize_20</font>
						<align>left</align>
						<aligny>center</aligny>
						<textcolor>77white</textcolor>
						<shadowcolor>99000000</shadowcolor>
						<scroll>true</scroll>
						<scrollspeed>20</scrollspeed>
						<visible>!Control.HasFocus(450)</visible>
					</control>
				</focusedlayout>
			</control>

      <!-- Control Buttons -->
	    <control type="group"  id="10000">
  			<left>974</left>
  			<top>490</top>
    		<control type="button" id="413">
				  <description>Save</description>
      		<width>150</width>
  	      <include>DialogsButtonsText</include>
      		<texturefocus border="49,0,49,0">dialogs/buttons/save_focus.png</texturefocus>
      		<texturenofocus border="49,0,49,0">dialogs/buttons/save_nofocus.png</texturenofocus>
    			<onleft>450</onleft>
    			<onright>450</onright>
    			<onup>414</onup>
    			<ondown>415</ondown>
  				<label>$LOCALIZE[190]</label>
    		</control>
    		<control type="button" id="414">
					<description>Cancel</description>
    			<top>-50</top>
      		<width>150</width>
  	      <include>DialogsButtonsText</include>
      		<texturefocus border="49,0,49,0">dialogs/buttons/cancel_focus.png</texturefocus>
      		<texturenofocus border="49,0,49,0">dialogs/buttons/cancel_nofocus.png</texturenofocus>
    			<onleft>450</onleft>
    			<onright>450</onright>
    			<onup>415</onup>
    			<ondown>413</ondown>
  				<label>$LOCALIZE[222]</label>
    		</control>
    		<control type="button" id="415">
				  <description>New Folder</description>
    			<top>-100</top>
      		<width>170</width>
		      <textwidth>120</textwidth>
  	      <include>DialogsButtonsText</include>
      		<texturefocus border="49,0,49,0">dialogs/buttons/newfolder_focus.png</texturefocus>
      		<texturenofocus border="49,0,49,0">dialogs/buttons/newfolder_nofocus.png</texturenofocus>
    			<onleft>450</onleft>
    			<onright>450</onright>
    			<onup>413</onup>
    			<ondown>414</ondown>
  				<label>$LOCALIZE[119]</label>
          <animation effect="fade" start="100" end="50" time="0" condition="!Control.IsEnabled(415)">Conditional</animation>
    		</control>
	    </control>
		</control>
	</controls>
</window>
