<?xml version="1.0" encoding="UTF-8"?>
<window  id="0">
	<defaultcontrol always="true">20</defaultcontrol>	
	<onload condition="!Skin.HasSetting(BelloFredoFirstRun)">ActivateWindow(startup)</onload>
	<onload>Dialog.Close(movieinformation)</onload>
	<onload>Dialog.Close(musicinformation)</onload>
	<onload>Dialog.Close(pvrguideinfo)</onload>
	<onload>Dialog.Close(pvrrecordinginfo)</onload>
	<onload>Dialog.Close(addoninformation)</onload>
	<onload>Dialog.Close(songinformation)</onload>
	<onload>Dialog.Close(pictureinfo)</onload>
	<onload>SetProperty(RefreshList,1,Home)</onload>
	<onload>RunScript(script.skinshortcuts,type=buildxml&amp;mainmenuID=20&amp;group=mainmenu|widgetgroup1|widgetgroup2|widgetgroup3|widgetgroup4)</onload>
  <allowoverlay>yes</allowoverlay>
  <backgroundcolor>0</backgroundcolor>
	<controls>		
		<include>BackgroundContent</include>
		<include>BackgroundVignette</include>			
		<control type="group">
			<animation type="Conditional" condition="Window.Previous(startup) + Skin.HasSetting(KodiIntro.enabled) + !Skin.HasSetting(Use_Startup_Playlist)" reversible="false">
				<effect type="fade" start="0" end="100" time="1000" delay="10500" tween="sine" easing="in"  />					
			</animation>
			<include>HomeMenuWraplist</include>
			<include>HomeSubMenus</include>
			<include condition="!Skin.HasSetting(HideHomeNPCovers)">CoversNowPlaying</include>
			<include condition="Skin.HasSetting(HideHomeNPCovers)">CommonNowPlaying</include>
			<include>TopHomeMenu</include>
			<include>HomeWeatherAndClock</include>
			<control type="group">
			<animation type="Conditional" condition="Window.IsVisible(contextmenu)" reversible="false">
				<effect type="slide" end="0,-25" time="350" tween="cubic" easing="out" />			
			</animation>
			<animation type="Conditional" condition="!Window.IsVisible(contextmenu)" reversible="false">
				<effect type="slide" start="0,-25" end="0,0" time="350" tween="sine" easing="out" />			
			</animation>
				<include>FredHomeWidgets</include>			
			</control>
			<include>CommonDialogsFadeOutBG</include>
		</control>	
	</controls>	
</window>
