<?xml version="1.0" encoding="UTF-8"?>
<includes> 

  <!-- TV Guide Layout -->
	<include name="TVGuideLayout">
		<itemlayout width="160" height="84">
			<control type="image">
				<description>Banner</description>
				<left>0</left>
				<top>0</top>
				<width>160</width>
				<height>90</height>
				<aspectratio aligny="top" align="center">keep</aspectratio>
				<texture background="true">$INFO[ListItem.Property(Art(banner))]</texture>
				<bordertexture border="6">thumbs/thumb_border.png</bordertexture>
				<bordersize>6</bordersize>
			</control>
			<control type="label">
				<description>Episode Number</description>
				<left>0</left>
				<top>29</top>
				<width>150</width>
				<height>35</height>
				<label>$INFO[ListItem.Property(NextNumber),$LOCALIZE[20359] ]</label>
				<textcolor>77white</textcolor>
				<font>FontSize_16</font>
				<align>center</align>
			</control>
			<control type="label">
				<description>Next air date/time</description>
				<left>0</left>
				<top>49</top>
				<width>150</width>
				<height>35</height>
				<label>$INFO[ListItem.Property(NextDate)]$INFO[ListItem.Property(ShortTime), (,)]</label>
				<textcolor>77white</textcolor>
				<font>FontSize_16</font>
				<align>center</align>
			</control>
		</itemlayout>
		<focusedlayout width="160" height="84">
			<control type="image">
				<left>0</left>
				<top>0</top>
				<width>160</width>
				<height>80</height>
				<texture border="20">buttons/focus.png</texture>
	      <include>VisibleFadeEffect2</include>
			</control>
			<control type="image">
				<description>Banner</description>
				<left>0</left>
				<top>0</top>
				<width>160</width>
				<height>90</height>
				<aspectratio aligny="top" align="center">keep</aspectratio>
				<texture background="true">$INFO[ListItem.Property(Art(banner))]</texture>
				<bordertexture border="6">thumbs/thumb_border.png</bordertexture>
				<bordersize>6</bordersize>
			</control>
			<control type="label">
				<description>Episode Number</description>
				<left>0</left>
				<top>29</top>
				<width>150</width>
				<height>35</height>
				<label>$INFO[ListItem.Property(NextNumber),$LOCALIZE[20359] ]</label>
				<textcolor>white</textcolor>
				<font>FontSize_16</font>
				<align>center</align>
			</control>
			<control type="label">
				<description>Next air date/time</description>
				<left>0</left>
				<top>49</top>
				<width>150</width>
				<height>35</height>
				<label>$INFO[ListItem.Property(NextDate)]$INFO[ListItem.Property(ShortTime), (,)]</label>
				<textcolor>white</textcolor>
				<font>FontSize_16</font>
				<align>center</align>
			</control>
		</focusedlayout>
	</include>

  <include name="TVGuideLayoutHalf">
    <height>252</height>
  </include>
  <include name="TVGuideLayoutFull">
    <height>420</height>
  </include>

	<variable name="TVGuidePreviewThumbsLabels">
		<value condition="Stringcompare(Skin.String(PreviewThumb),1)">$LOCALIZE[31218]</value>
		<value condition="Stringcompare(Skin.String(PreviewThumb),2)">$LOCALIZE[31219]</value>
		<value condition="Stringcompare(Skin.String(PreviewThumb),3)">$LOCALIZE[20445]</value>
	</variable>
	
  <!-- TV Guide Art -->
	<variable name="TVGuideFanart">
    <value condition="ControlGroup(2000).HasFocus(200)">$INFO[Container(200).ListItem.Property(Fanart)]</value>
    <value condition="ControlGroup(2000).HasFocus(201)">$INFO[Container(201).ListItem.Property(Fanart)]</value>
    <value condition="ControlGroup(2000).HasFocus(202)">$INFO[Container(202).ListItem.Property(Fanart)]</value>
    <value condition="ControlGroup(2000).HasFocus(203)">$INFO[Container(203).ListItem.Property(Fanart)]</value>
    <value condition="ControlGroup(2000).HasFocus(204)">$INFO[Container(204).ListItem.Property(Fanart)]</value>
    <value condition="ControlGroup(2000).HasFocus(205)">$INFO[Container(205).ListItem.Property(Fanart)]</value>
    <value condition="ControlGroup(2000).HasFocus(206)">$INFO[Container(206).ListItem.Property(Fanart)]</value>
    <value condition="ControlGroup(2000).HasFocus(207)">$INFO[Container(207).ListItem.Property(Fanart)]</value>
    <value condition="ControlGroup(2000).HasFocus(208)">$INFO[Container(208).ListItem.Property(Fanart)]</value>
    <value condition="ControlGroup(2000).HasFocus(209)">$INFO[Container(209).ListItem.Property(Fanart)]</value>
    <value condition="ControlGroup(2000).HasFocus(210)">$INFO[Container(210).ListItem.Property(Fanart)]</value>
    <value condition="ControlGroup(2000).HasFocus(211)">$INFO[Container(211).ListItem.Property(Fanart)]</value>
    <value condition="ControlGroup(2000).HasFocus(212)">$INFO[Container(212).ListItem.Property(Fanart)]</value>
    <value condition="ControlGroup(2000).HasFocus(213)">$INFO[Container(213).ListItem.Property(Fanart)]</value>
    <value condition="ControlGroup(2000).HasFocus(214)">$INFO[Container(214).ListItem.Property(Fanart)]</value>
    <value condition="ControlGroup(2000).HasFocus(215)">$INFO[Container(215).ListItem.Property(Fanart)]</value>
	</variable>
	<variable name="TVGuideLandscape">
		<value condition="ControlGroup(2000).HasFocus(200)">$INFO[Container(200).ListItem.Property(Art(landscape))]</value>
		<value condition="ControlGroup(2000).HasFocus(201)">$INFO[Container(201).ListItem.Property(Art(landscape))]</value>
		<value condition="ControlGroup(2000).HasFocus(202)">$INFO[Container(202).ListItem.Property(Art(landscape))]</value>
		<value condition="ControlGroup(2000).HasFocus(203)">$INFO[Container(203).ListItem.Property(Art(landscape))]</value>
		<value condition="ControlGroup(2000).HasFocus(204)">$INFO[Container(204).ListItem.Property(Art(landscape))]</value>
		<value condition="ControlGroup(2000).HasFocus(205)">$INFO[Container(205).ListItem.Property(Art(landscape))]</value>
		<value condition="ControlGroup(2000).HasFocus(206)">$INFO[Container(206).ListItem.Property(Art(landscape))]</value>
    <value condition="ControlGroup(2000).HasFocus(207)">$INFO[Container(207).ListItem.Property(Art(landscape))]</value>
    <value condition="ControlGroup(2000).HasFocus(208)">$INFO[Container(208).ListItem.Property(Art(landscape))]</value>
    <value condition="ControlGroup(2000).HasFocus(209)">$INFO[Container(209).ListItem.Property(Art(landscape))]</value>
    <value condition="ControlGroup(2000).HasFocus(210)">$INFO[Container(210).ListItem.Property(Art(landscape))]</value>
    <value condition="ControlGroup(2000).HasFocus(211)">$INFO[Container(211).ListItem.Property(Art(landscape))]</value>
    <value condition="ControlGroup(2000).HasFocus(212)">$INFO[Container(212).ListItem.Property(Art(landscape))]</value>
    <value condition="ControlGroup(2000).HasFocus(213)">$INFO[Container(213).ListItem.Property(Art(landscape))]</value>
    <value condition="ControlGroup(2000).HasFocus(214)">$INFO[Container(214).ListItem.Property(Art(landscape))]</value>
    <value condition="ControlGroup(2000).HasFocus(215)">$INFO[Container(215).ListItem.Property(Art(landscape))]</value>
	</variable>
	<variable name="TVGuideLogo">
		<value condition="ControlGroup(2000).HasFocus(200)">$INFO[Container(200).ListItem.Property(Art(clearlogo))]</value>
		<value condition="ControlGroup(2000).HasFocus(201)">$INFO[Container(201).ListItem.Property(Art(clearlogo))]</value>
		<value condition="ControlGroup(2000).HasFocus(202)">$INFO[Container(202).ListItem.Property(Art(clearlogo))]</value>
		<value condition="ControlGroup(2000).HasFocus(203)">$INFO[Container(203).ListItem.Property(Art(clearlogo))]</value>
		<value condition="ControlGroup(2000).HasFocus(204)">$INFO[Container(204).ListItem.Property(Art(clearlogo))]</value>
		<value condition="ControlGroup(2000).HasFocus(205)">$INFO[Container(205).ListItem.Property(Art(clearlogo))]</value>
		<value condition="ControlGroup(2000).HasFocus(206)">$INFO[Container(206).ListItem.Property(Art(clearlogo))]</value>
    <value condition="ControlGroup(2000).HasFocus(207)">$INFO[Container(207).ListItem.Property(Art(clearlogo))]</value>
    <value condition="ControlGroup(2000).HasFocus(208)">$INFO[Container(208).ListItem.Property(Art(clearlogo))]</value>
    <value condition="ControlGroup(2000).HasFocus(209)">$INFO[Container(209).ListItem.Property(Art(clearlogo))]</value>
    <value condition="ControlGroup(2000).HasFocus(210)">$INFO[Container(210).ListItem.Property(Art(clearlogo))]</value>
    <value condition="ControlGroup(2000).HasFocus(211)">$INFO[Container(211).ListItem.Property(Art(clearlogo))]</value>
    <value condition="ControlGroup(2000).HasFocus(212)">$INFO[Container(212).ListItem.Property(Art(clearlogo))]</value>
    <value condition="ControlGroup(2000).HasFocus(213)">$INFO[Container(213).ListItem.Property(Art(clearlogo))]</value>
    <value condition="ControlGroup(2000).HasFocus(214)">$INFO[Container(214).ListItem.Property(Art(clearlogo))]</value>
    <value condition="ControlGroup(2000).HasFocus(215)">$INFO[Container(215).ListItem.Property(Art(clearlogo))]</value>
	</variable>
	<variable name="TVGuideClearart">
		<value condition="ControlGroup(2000).HasFocus(200)">$INFO[Container(200).ListItem.Property(Art(clearart))]</value>
		<value condition="ControlGroup(2000).HasFocus(201)">$INFO[Container(201).ListItem.Property(Art(clearart))]</value>
		<value condition="ControlGroup(2000).HasFocus(202)">$INFO[Container(202).ListItem.Property(Art(clearart))]</value>
		<value condition="ControlGroup(2000).HasFocus(203)">$INFO[Container(203).ListItem.Property(Art(clearart))]</value>
		<value condition="ControlGroup(2000).HasFocus(204)">$INFO[Container(204).ListItem.Property(Art(clearart))]</value>
		<value condition="ControlGroup(2000).HasFocus(205)">$INFO[Container(205).ListItem.Property(Art(clearart))]</value>
		<value condition="ControlGroup(2000).HasFocus(206)">$INFO[Container(206).ListItem.Property(Art(clearart))]</value>
    <value condition="ControlGroup(2000).HasFocus(207)">$INFO[Container(207).ListItem.Property(Art(clearart))]</value>
    <value condition="ControlGroup(2000).HasFocus(208)">$INFO[Container(208).ListItem.Property(Art(clearart))]</value>
    <value condition="ControlGroup(2000).HasFocus(209)">$INFO[Container(209).ListItem.Property(Art(clearart))]</value>
    <value condition="ControlGroup(2000).HasFocus(210)">$INFO[Container(210).ListItem.Property(Art(clearart))]</value>
    <value condition="ControlGroup(2000).HasFocus(211)">$INFO[Container(211).ListItem.Property(Art(clearart))]</value>
    <value condition="ControlGroup(2000).HasFocus(212)">$INFO[Container(212).ListItem.Property(Art(clearart))]</value>
    <value condition="ControlGroup(2000).HasFocus(213)">$INFO[Container(213).ListItem.Property(Art(clearart))]</value>
    <value condition="ControlGroup(2000).HasFocus(214)">$INFO[Container(214).ListItem.Property(Art(clearart))]</value>
    <value condition="ControlGroup(2000).HasFocus(215)">$INFO[Container(215).ListItem.Property(Art(clearart))]</value>
	</variable>
	<variable name="TVGuideStudio">
		<value condition="ControlGroup(2000).HasFocus(200)">$INFO[Container(200).ListItem.Property(Network),flags/studios/,.png]</value>
		<value condition="ControlGroup(2000).HasFocus(201)">$INFO[Container(201).ListItem.Property(Network),flags/studios/,.png]</value>
		<value condition="ControlGroup(2000).HasFocus(202)">$INFO[Container(202).ListItem.Property(Network),flags/studios/,.png]</value>
		<value condition="ControlGroup(2000).HasFocus(203)">$INFO[Container(203).ListItem.Property(Network),flags/studios/,.png]</value>
		<value condition="ControlGroup(2000).HasFocus(204)">$INFO[Container(204).ListItem.Property(Network),flags/studios/,.png]</value>
		<value condition="ControlGroup(2000).HasFocus(205)">$INFO[Container(205).ListItem.Property(Network),flags/studios/,.png]</value>
		<value condition="ControlGroup(2000).HasFocus(206)">$INFO[Container(206).ListItem.Property(Network),flags/studios/,.png]</value>
    <value condition="ControlGroup(2000).HasFocus(207)">$INFO[Container(207).ListItem.Property(Network),flags/studios/,.png]</value>
    <value condition="ControlGroup(2000).HasFocus(208)">$INFO[Container(208).ListItem.Property(Network),flags/studios/,.png]</value>
    <value condition="ControlGroup(2000).HasFocus(209)">$INFO[Container(209).ListItem.Property(Network),flags/studios/,.png]</value>
    <value condition="ControlGroup(2000).HasFocus(210)">$INFO[Container(210).ListItem.Property(Network),flags/studios/,.png]</value>
    <value condition="ControlGroup(2000).HasFocus(211)">$INFO[Container(211).ListItem.Property(Network),flags/studios/,.png]</value>
    <value condition="ControlGroup(2000).HasFocus(212)">$INFO[Container(212).ListItem.Property(Network),flags/studios/,.png]</value>
    <value condition="ControlGroup(2000).HasFocus(213)">$INFO[Container(213).ListItem.Property(Network),flags/studios/,.png]</value>
    <value condition="ControlGroup(2000).HasFocus(214)">$INFO[Container(214).ListItem.Property(Network),flags/studios/,.png]</value>
    <value condition="ControlGroup(2000).HasFocus(215)">$INFO[Container(215).ListItem.Property(Network),flags/studios/,.png]</value>
	</variable>
	

  <!-- TV Guide Labels -->	
	<variable name="NextAiredLabel">
    <value condition="ControlGroup(2000).HasFocus(200)">$INFO[Container(200).ListItem.Label]</value>
    <value condition="ControlGroup(2000).HasFocus(201)">$INFO[Container(201).ListItem.Label]</value>
    <value condition="ControlGroup(2000).HasFocus(202)">$INFO[Container(202).ListItem.Label]</value>
    <value condition="ControlGroup(2000).HasFocus(203)">$INFO[Container(203).ListItem.Label]</value>
    <value condition="ControlGroup(2000).HasFocus(204)">$INFO[Container(204).ListItem.Label]</value>
    <value condition="ControlGroup(2000).HasFocus(205)">$INFO[Container(205).ListItem.Label]</value>
    <value condition="ControlGroup(2000).HasFocus(206)">$INFO[Container(206).ListItem.Label]</value>	
    <value condition="ControlGroup(2000).HasFocus(207)">$INFO[Container(207).ListItem.Label]</value>
    <value condition="ControlGroup(2000).HasFocus(208)">$INFO[Container(208).ListItem.Label]</value>
    <value condition="ControlGroup(2000).HasFocus(209)">$INFO[Container(209).ListItem.Label]</value>
    <value condition="ControlGroup(2000).HasFocus(210)">$INFO[Container(210).ListItem.Label]</value>
    <value condition="ControlGroup(2000).HasFocus(211)">$INFO[Container(211).ListItem.Label]</value>
    <value condition="ControlGroup(2000).HasFocus(212)">$INFO[Container(212).ListItem.Label]</value>
    <value condition="ControlGroup(2000).HasFocus(213)">$INFO[Container(213).ListItem.Label]</value>
    <value condition="ControlGroup(2000).HasFocus(214)">$INFO[Container(214).ListItem.Label]</value>
    <value condition="ControlGroup(2000).HasFocus(215)">$INFO[Container(215).ListItem.Label]</value>
	</variable>
	<variable name="NextAiredGenre">
		<value condition="ControlGroup(2000).HasFocus(200)">$INFO[Container(200).ListItem.Property(Genre)]</value>
		<value condition="ControlGroup(2000).HasFocus(201)">$INFO[Container(201).ListItem.Property(Genre)]</value>
		<value condition="ControlGroup(2000).HasFocus(202)">$INFO[Container(202).ListItem.Property(Genre)]</value>
		<value condition="ControlGroup(2000).HasFocus(203)">$INFO[Container(203).ListItem.Property(Genre)]</value>
		<value condition="ControlGroup(2000).HasFocus(204)">$INFO[Container(204).ListItem.Property(Genre)]</value>
		<value condition="ControlGroup(2000).HasFocus(205)">$INFO[Container(205).ListItem.Property(Genre)]</value>
		<value condition="ControlGroup(2000).HasFocus(206)">$INFO[Container(206).ListItem.Property(Genre)]</value>
    <value condition="ControlGroup(2000).HasFocus(207)">$INFO[Container(207).ListItem.Property(Genre)]</value>
    <value condition="ControlGroup(2000).HasFocus(208)">$INFO[Container(208).ListItem.Property(Genre)]</value>
    <value condition="ControlGroup(2000).HasFocus(209)">$INFO[Container(209).ListItem.Property(Genre)]</value>
    <value condition="ControlGroup(2000).HasFocus(210)">$INFO[Container(210).ListItem.Property(Genre)]</value>
    <value condition="ControlGroup(2000).HasFocus(211)">$INFO[Container(211).ListItem.Property(Genre)]</value>
    <value condition="ControlGroup(2000).HasFocus(212)">$INFO[Container(212).ListItem.Property(Genre)]</value>
    <value condition="ControlGroup(2000).HasFocus(213)">$INFO[Container(213).ListItem.Property(Genre)]</value>
    <value condition="ControlGroup(2000).HasFocus(214)">$INFO[Container(214).ListItem.Property(Genre)]</value>
    <value condition="ControlGroup(2000).HasFocus(215)">$INFO[Container(215).ListItem.Property(Genre)]</value>
	</variable>
	<variable name="NextAiredTitle">
		<value condition="ControlGroup(2000).HasFocus(200)">$INFO[Container(200).ListItem.Property(NextTitle)]</value>
		<value condition="ControlGroup(2000).HasFocus(201)">$INFO[Container(201).ListItem.Property(NextTitle)]</value>
		<value condition="ControlGroup(2000).HasFocus(202)">$INFO[Container(202).ListItem.Property(NextTitle)]</value>
		<value condition="ControlGroup(2000).HasFocus(203)">$INFO[Container(203).ListItem.Property(NextTitle)]</value>
		<value condition="ControlGroup(2000).HasFocus(204)">$INFO[Container(204).ListItem.Property(NextTitle)]</value>
		<value condition="ControlGroup(2000).HasFocus(205)">$INFO[Container(205).ListItem.Property(NextTitle)]</value>
		<value condition="ControlGroup(2000).HasFocus(206)">$INFO[Container(206).ListItem.Property(NextTitle)]</value>
    <value condition="ControlGroup(2000).HasFocus(207)">$INFO[Container(207).ListItem.Property(NextTitle)]</value>
    <value condition="ControlGroup(2000).HasFocus(208)">$INFO[Container(208).ListItem.Property(NextTitle)]</value>
    <value condition="ControlGroup(2000).HasFocus(209)">$INFO[Container(209).ListItem.Property(NextTitle)]</value>
    <value condition="ControlGroup(2000).HasFocus(210)">$INFO[Container(210).ListItem.Property(NextTitle)]</value>
    <value condition="ControlGroup(2000).HasFocus(211)">$INFO[Container(211).ListItem.Property(NextTitle)]</value>
    <value condition="ControlGroup(2000).HasFocus(212)">$INFO[Container(212).ListItem.Property(NextTitle)]</value>
    <value condition="ControlGroup(2000).HasFocus(213)">$INFO[Container(213).ListItem.Property(NextTitle)]</value>
    <value condition="ControlGroup(2000).HasFocus(214)">$INFO[Container(214).ListItem.Property(NextTitle)]</value>
    <value condition="ControlGroup(2000).HasFocus(215)">$INFO[Container(215).ListItem.Property(NextTitle)]</value>
	</variable>
	<variable name="NextAiredNumber">
		<value condition="ControlGroup(2000).HasFocus(200)">$INFO[Container(200).ListItem.Property(NextNumber)]</value>
		<value condition="ControlGroup(2000).HasFocus(201)">$INFO[Container(201).ListItem.Property(NextNumber)]</value>
		<value condition="ControlGroup(2000).HasFocus(202)">$INFO[Container(202).ListItem.Property(NextNumber)]</value>
		<value condition="ControlGroup(2000).HasFocus(203)">$INFO[Container(203).ListItem.Property(NextNumber)]</value>
		<value condition="ControlGroup(2000).HasFocus(204)">$INFO[Container(204).ListItem.Property(NextNumber)]</value>
		<value condition="ControlGroup(2000).HasFocus(205)">$INFO[Container(205).ListItem.Property(NextNumber)]</value>
		<value condition="ControlGroup(2000).HasFocus(206)">$INFO[Container(206).ListItem.Property(NextNumber)]</value>
    <value condition="ControlGroup(2000).HasFocus(207)">$INFO[Container(207).ListItem.Property(NextNumber)]</value>
    <value condition="ControlGroup(2000).HasFocus(208)">$INFO[Container(208).ListItem.Property(NextNumber)]</value>
    <value condition="ControlGroup(2000).HasFocus(209)">$INFO[Container(209).ListItem.Property(NextNumber)]</value>
    <value condition="ControlGroup(2000).HasFocus(210)">$INFO[Container(210).ListItem.Property(NextNumber)]</value>
    <value condition="ControlGroup(2000).HasFocus(211)">$INFO[Container(211).ListItem.Property(NextNumber)]</value>
    <value condition="ControlGroup(2000).HasFocus(212)">$INFO[Container(212).ListItem.Property(NextNumber)]</value>
    <value condition="ControlGroup(2000).HasFocus(213)">$INFO[Container(213).ListItem.Property(NextNumber)]</value>
    <value condition="ControlGroup(2000).HasFocus(214)">$INFO[Container(214).ListItem.Property(NextNumber)]</value>
    <value condition="ControlGroup(2000).HasFocus(215)">$INFO[Container(215).ListItem.Property(NextNumber)]</value>
	</variable>
	<variable name="NextAiredDay">
		<value condition="ControlGroup(2000).HasFocus(200)">$INFO[Container(200).ListItem.Property(AirDay)]</value>
		<value condition="ControlGroup(2000).HasFocus(201)">$INFO[Container(201).ListItem.Property(AirDay)]</value>
		<value condition="ControlGroup(2000).HasFocus(202)">$INFO[Container(202).ListItem.Property(AirDay)]</value>
		<value condition="ControlGroup(2000).HasFocus(203)">$INFO[Container(203).ListItem.Property(AirDay)]</value>
		<value condition="ControlGroup(2000).HasFocus(204)">$INFO[Container(204).ListItem.Property(AirDay)]</value>
		<value condition="ControlGroup(2000).HasFocus(205)">$INFO[Container(205).ListItem.Property(AirDay)]</value>
		<value condition="ControlGroup(2000).HasFocus(206)">$INFO[Container(206).ListItem.Property(AirDay)]</value>
    <value condition="ControlGroup(2000).HasFocus(207)">$INFO[Container(207).ListItem.Property(AirDay)]</value>
    <value condition="ControlGroup(2000).HasFocus(208)">$INFO[Container(208).ListItem.Property(AirDay)]</value>
    <value condition="ControlGroup(2000).HasFocus(209)">$INFO[Container(209).ListItem.Property(AirDay)]</value>
    <value condition="ControlGroup(2000).HasFocus(210)">$INFO[Container(210).ListItem.Property(AirDay)]</value>
    <value condition="ControlGroup(2000).HasFocus(211)">$INFO[Container(211).ListItem.Property(AirDay)]</value>
    <value condition="ControlGroup(2000).HasFocus(212)">$INFO[Container(212).ListItem.Property(AirDay)]</value>
    <value condition="ControlGroup(2000).HasFocus(213)">$INFO[Container(213).ListItem.Property(AirDay)]</value>
    <value condition="ControlGroup(2000).HasFocus(214)">$INFO[Container(214).ListItem.Property(AirDay)]</value>
    <value condition="ControlGroup(2000).HasFocus(215)">$INFO[Container(215).ListItem.Property(AirDay)]</value>
	</variable>
	<variable name="NextAiredDate">
		<value condition="ControlGroup(2000).HasFocus(200)">$INFO[Container(200).ListItem.Property(NextDate)]</value>
		<value condition="ControlGroup(2000).HasFocus(201)">$INFO[Container(201).ListItem.Property(NextDate)]</value>
		<value condition="ControlGroup(2000).HasFocus(202)">$INFO[Container(202).ListItem.Property(NextDate)]</value>
		<value condition="ControlGroup(2000).HasFocus(203)">$INFO[Container(203).ListItem.Property(NextDate)]</value>
		<value condition="ControlGroup(2000).HasFocus(204)">$INFO[Container(204).ListItem.Property(NextDate)]</value>
		<value condition="ControlGroup(2000).HasFocus(205)">$INFO[Container(205).ListItem.Property(NextDate)]</value>
		<value condition="ControlGroup(2000).HasFocus(206)">$INFO[Container(206).ListItem.Property(NextDate)]</value>
    <value condition="ControlGroup(2000).HasFocus(207)">$INFO[Container(207).ListItem.Property(NextDate)]</value>
    <value condition="ControlGroup(2000).HasFocus(208)">$INFO[Container(208).ListItem.Property(NextDate)]</value>
    <value condition="ControlGroup(2000).HasFocus(209)">$INFO[Container(209).ListItem.Property(NextDate)]</value>
    <value condition="ControlGroup(2000).HasFocus(210)">$INFO[Container(210).ListItem.Property(NextDate)]</value>
    <value condition="ControlGroup(2000).HasFocus(211)">$INFO[Container(211).ListItem.Property(NextDate)]</value>
    <value condition="ControlGroup(2000).HasFocus(212)">$INFO[Container(212).ListItem.Property(NextDate)]</value>
    <value condition="ControlGroup(2000).HasFocus(213)">$INFO[Container(213).ListItem.Property(NextDate)]</value>
    <value condition="ControlGroup(2000).HasFocus(214)">$INFO[Container(214).ListItem.Property(NextDate)]</value>
    <value condition="ControlGroup(2000).HasFocus(215)">$INFO[Container(215).ListItem.Property(NextDate)]</value>
	</variable>	
	<variable name="NextAiredShortTime">
		<value condition="ControlGroup(2000).HasFocus(200)">$INFO[Container(200).ListItem.Property(ShortTime)]</value>
		<value condition="ControlGroup(2000).HasFocus(201)">$INFO[Container(201).ListItem.Property(ShortTime)]</value>
		<value condition="ControlGroup(2000).HasFocus(202)">$INFO[Container(202).ListItem.Property(ShortTime)]</value>
		<value condition="ControlGroup(2000).HasFocus(203)">$INFO[Container(203).ListItem.Property(ShortTime)]</value>
		<value condition="ControlGroup(2000).HasFocus(204)">$INFO[Container(204).ListItem.Property(ShortTime)]</value>
		<value condition="ControlGroup(2000).HasFocus(205)">$INFO[Container(205).ListItem.Property(ShortTime)]</value>
		<value condition="ControlGroup(2000).HasFocus(206)">$INFO[Container(206).ListItem.Property(ShortTime)]</value>
    <value condition="ControlGroup(2000).HasFocus(207)">$INFO[Container(207).ListItem.Property(ShortTime)]</value>
    <value condition="ControlGroup(2000).HasFocus(208)">$INFO[Container(208).ListItem.Property(ShortTime)]</value>
    <value condition="ControlGroup(2000).HasFocus(209)">$INFO[Container(209).ListItem.Property(ShortTime)]</value>
    <value condition="ControlGroup(2000).HasFocus(210)">$INFO[Container(210).ListItem.Property(ShortTime)]</value>
    <value condition="ControlGroup(2000).HasFocus(211)">$INFO[Container(211).ListItem.Property(ShortTime)]</value>
    <value condition="ControlGroup(2000).HasFocus(212)">$INFO[Container(212).ListItem.Property(ShortTime)]</value>
    <value condition="ControlGroup(2000).HasFocus(213)">$INFO[Container(213).ListItem.Property(ShortTime)]</value>
    <value condition="ControlGroup(2000).HasFocus(214)">$INFO[Container(214).ListItem.Property(ShortTime)]</value>
    <value condition="ControlGroup(2000).HasFocus(215)">$INFO[Container(215).ListItem.Property(ShortTime)]</value>
	</variable>
	<variable name="NextAiredRunTime">
		<value condition="ControlGroup(2000).HasFocus(200)">$INFO[Container(200).ListItem.Property(RunTime),, $LOCALIZE[12391]]</value>
		<value condition="ControlGroup(2000).HasFocus(201)">$INFO[Container(201).ListItem.Property(RunTime),, $LOCALIZE[12391]]</value>
		<value condition="ControlGroup(2000).HasFocus(202)">$INFO[Container(202).ListItem.Property(RunTime),, $LOCALIZE[12391]]</value>
		<value condition="ControlGroup(2000).HasFocus(203)">$INFO[Container(203).ListItem.Property(RunTime),, $LOCALIZE[12391]]</value>
		<value condition="ControlGroup(2000).HasFocus(204)">$INFO[Container(204).ListItem.Property(RunTime),, $LOCALIZE[12391]]</value>
		<value condition="ControlGroup(2000).HasFocus(205)">$INFO[Container(205).ListItem.Property(RunTime),, $LOCALIZE[12391]]</value>
		<value condition="ControlGroup(2000).HasFocus(206)">$INFO[Container(206).ListItem.Property(RunTime),, $LOCALIZE[12391]]</value>
    <value condition="ControlGroup(2000).HasFocus(207)">$INFO[Container(207).ListItem.Property(RunTime),, $LOCALIZE[12391]]</value>
    <value condition="ControlGroup(2000).HasFocus(208)">$INFO[Container(208).ListItem.Property(RunTime),, $LOCALIZE[12391]]</value>
    <value condition="ControlGroup(2000).HasFocus(209)">$INFO[Container(209).ListItem.Property(RunTime),, $LOCALIZE[12391]]</value>
    <value condition="ControlGroup(2000).HasFocus(210)">$INFO[Container(210).ListItem.Property(RunTime),, $LOCALIZE[12391]]</value>
    <value condition="ControlGroup(2000).HasFocus(211)">$INFO[Container(211).ListItem.Property(RunTime),, $LOCALIZE[12391]]</value>
    <value condition="ControlGroup(2000).HasFocus(212)">$INFO[Container(212).ListItem.Property(RunTime),, $LOCALIZE[12391]]</value>
    <value condition="ControlGroup(2000).HasFocus(213)">$INFO[Container(213).ListItem.Property(RunTime),, $LOCALIZE[12391]]</value>
    <value condition="ControlGroup(2000).HasFocus(214)">$INFO[Container(214).ListItem.Property(RunTime),, $LOCALIZE[12391]]</value>
    <value condition="ControlGroup(2000).HasFocus(215)">$INFO[Container(215).ListItem.Property(RunTime),, $LOCALIZE[12391]]</value>
	</variable>
	<variable name="NextAiredStudio">
		<value condition="ControlGroup(2000).HasFocus(200)">$INFO[Container(200).ListItem.Property(Network)]</value>
		<value condition="ControlGroup(2000).HasFocus(201)">$INFO[Container(201).ListItem.Property(Network)]</value>
		<value condition="ControlGroup(2000).HasFocus(202)">$INFO[Container(202).ListItem.Property(Network)]</value>
		<value condition="ControlGroup(2000).HasFocus(203)">$INFO[Container(203).ListItem.Property(Network)]</value>
		<value condition="ControlGroup(2000).HasFocus(204)">$INFO[Container(204).ListItem.Property(Network)]</value>
		<value condition="ControlGroup(2000).HasFocus(205)">$INFO[Container(205).ListItem.Property(Network)]</value>
		<value condition="ControlGroup(2000).HasFocus(206)">$INFO[Container(206).ListItem.Property(Network)]</value>
    <value condition="ControlGroup(2000).HasFocus(207)">$INFO[Container(207).ListItem.Property(Network)]</value>
    <value condition="ControlGroup(2000).HasFocus(208)">$INFO[Container(208).ListItem.Property(Network)]</value>
    <value condition="ControlGroup(2000).HasFocus(209)">$INFO[Container(209).ListItem.Property(Network)]</value>
    <value condition="ControlGroup(2000).HasFocus(210)">$INFO[Container(210).ListItem.Property(Network)]</value>
    <value condition="ControlGroup(2000).HasFocus(211)">$INFO[Container(211).ListItem.Property(Network)]</value>
    <value condition="ControlGroup(2000).HasFocus(212)">$INFO[Container(212).ListItem.Property(Network)]</value>
    <value condition="ControlGroup(2000).HasFocus(213)">$INFO[Container(213).ListItem.Property(Network)]</value>
    <value condition="ControlGroup(2000).HasFocus(214)">$INFO[Container(214).ListItem.Property(Network)]</value>
    <value condition="ControlGroup(2000).HasFocus(215)">$INFO[Container(215).ListItem.Property(Network)]</value>
	</variable>
	<variable name="TVGuideNumItems">
		<value condition="ControlGroup(2000).HasFocus(200)">$INFO[Container(200).ListItem.Property(NextDate)] $INFO[Container(200).NumItems,(, Shows)]</value>
		<value condition="ControlGroup(2000).HasFocus(201)">$INFO[Container(201).ListItem.Property(NextDate)] $INFO[Container(201).NumItems,(, Shows)]</value>
		<value condition="ControlGroup(2000).HasFocus(202)">$INFO[Container(202).ListItem.Property(NextDate)] $INFO[Container(202).NumItems,(, Shows)]</value>
		<value condition="ControlGroup(2000).HasFocus(203)">$INFO[Container(203).ListItem.Property(NextDate)] $INFO[Container(203).NumItems,(, Shows)]</value>
		<value condition="ControlGroup(2000).HasFocus(204)">$INFO[Container(204).ListItem.Property(NextDate)] $INFO[Container(204).NumItems,(, Shows)]</value>
		<value condition="ControlGroup(2000).HasFocus(205)">$INFO[Container(205).ListItem.Property(NextDate)] $INFO[Container(205).NumItems,(, Shows)]</value>
		<value condition="ControlGroup(2000).HasFocus(206)">$INFO[Container(206).ListItem.Property(NextDate)] $INFO[Container(206).NumItems,(, Shows)]</value>
    <value condition="ControlGroup(2000).HasFocus(207)">$INFO[Container(207).ListItem.Property(NextDate)] $INFO[Container(207).NumItems,(, Shows)]</value>
    <value condition="ControlGroup(2000).HasFocus(208)">$INFO[Container(208).ListItem.Property(NextDate)] $INFO[Container(208).NumItems,(, Shows)]</value>
    <value condition="ControlGroup(2000).HasFocus(209)">$INFO[Container(209).ListItem.Property(NextDate)] $INFO[Container(209).NumItems,(, Shows)]</value>
    <value condition="ControlGroup(2000).HasFocus(210)">$INFO[Container(210).ListItem.Property(NextDate)] $INFO[Container(210).NumItems,(, Shows)]</value>
    <value condition="ControlGroup(2000).HasFocus(211)">$INFO[Container(211).ListItem.Property(NextDate)] $INFO[Container(211).NumItems,(, Shows)]</value>
    <value condition="ControlGroup(2000).HasFocus(212)">$INFO[Container(212).ListItem.Property(NextDate)] $INFO[Container(212).NumItems,(, Shows)]</value>
    <value condition="ControlGroup(2000).HasFocus(213)">$INFO[Container(213).ListItem.Property(NextDate)] $INFO[Container(213).NumItems,(, Shows)]</value>
    <value condition="ControlGroup(2000).HasFocus(214)">$INFO[Container(214).ListItem.Property(NextDate)] $INFO[Container(214).NumItems,(, Shows)]</value>
    <value condition="ControlGroup(2000).HasFocus(215)">$INFO[Container(215).ListItem.Property(NextDate)] $INFO[Container(215).NumItems,(, Shows)]</value>
	</variable>	


</includes>

				
				
				
