<?xml version="1.0" encoding="UTF-8"?>
<window>
	<defaultcontrol always="true">30000</defaultcontrol>
  <onunload condition="Window.IsVisible(home) + !StringCompare(Window.Property(groupname),mainmenu)">ReplaceWindow(home)</onunload>
	<onunload condition="![Window.IsVisible(home) | StringCompare(Window.Property(groupname),mainmenu)]">RunScript(script.skinshortcuts,type=buildxml&amp;mainmenuID=20&amp;group=mainmenu|widgetgroup1|widgetgroup2|widgetgroup3|widgetgroup4)</onunload>
	<onload>SetProperty(level)</onload>
	<controls>

	 <control type="group">
    <include>DialogAnimation</include>
		<!--<visible>![Window.IsActive(PlayerControls) + ![Skin.HasSetting(DisableQuickNav) + !Player.HasMedia]] + !Window.IsActive(virtualkeyboard) + !Window.IsActive(ShutdownMenu) + !Window.IsActive(favourites) + !Window.IsActive(addonsettings) + !Window.IsActive(filebrowser) + !Window.IsActive(yesnodialog) + !Window.IsActive(selectdialog) + !Window.IsActive(DialogSelect.xml) + !Window.IsActive(script-skinshortcuts.xml) + !Window.IsActive(1117) + !Window.IsActive(1118) + !Window.IsActive(1119)</visible>-->
		<visible>!Window.IsActive(ShutdownMenu) + !Window.IsActive(PlayerControls) + IsEmpty(Window.Property(additionalDialog)) + !Window.IsActive(1118) + !Window.IsActive(SelectDialog) + !Window.IsActive(DialogSelect.xml) + !Window.IsActive(FileBrowser) + !Window.IsActive(VirtualKeyboard) + !Window.IsActive(progressdialog) + !Window.IsActive(okdialog) + !Window.IsActive(yesnodialog)</visible>
	  <control type="image">-->
			<left>213</left>
			<top>116</top>
		  <width>852</width>
		  <height>60</height>
		  <colordiffuse>blue</colordiffuse>
		  <texture background="true" border="9">dialogs/other/header.png</texture>
	  </control>
	  <control type="image">
			<left>213</left>
			<top>173</top>
		  <width>852</width>
		  <height>387</height>
		  <texture background="true" border="39,19,39,19">dialogs/other/body.png</texture>
	  </control>
		<control type="image">
			<left>215</left>
			<top>172</top>
			<width>848</width>
			<height>4</height>
			<aspectratio>stretch</aspectratio>
			<texture background="true">dialogs/other/header_line.png</texture>
		</control>
		<control type="image">
			<description>background image</description>
			<include>FullscreenDimensions</include>
			<texture background="true">dialogs/other/bg_manageshortcuts.png</texture>
		</control>
		<control type="label" id="5001">
			<description>header label</description>
			<left>225</left>
			<top>132</top>
			<width>775</width>
	    <include>DialogsHeaderLabel</include>
			<label>$VAR[MenuGroupHeader]</label>
		</control>
		<control type="label">
			<description>Page Count Label</description>
			<left>280</left>
			<top>142</top>
			<width>775</width>
			<height>35</height>
			<font>FontSize_16B</font>
			<textcolor>88white</textcolor>
  		<shadowcolor>99000000</shadowcolor>
			<scroll>false</scroll>
			<align>right</align>
			<aligny>center</aligny>
			<label>$VAR[ContainerNumItems]</label>
		</control>
		<control type="group"  id="10002">
			<!-- Left Part - Submenu's Shortcusts List -->
			<control type="list" id="211">
				<left>230</left>
				<top>190</top>
				<width>400</width>
				<height>308</height>
				<onup>211</onup>
				<ondown>211</ondown>
				<onleft>20000</onleft>
				<onright>30000</onright>
  			
			  <scrolltime tween="quadratic" easing="out">200</scrolltime>
      	<visible>!Window.IsActive(contextmenu)</visible>
				<itemlayout height="44" width="400">
					<control type="image">
						<left>-8</left>
						<top>-6</top>
						<width>60</width>
						<height>56</height>
						<colordiffuse>77white</colordiffuse>
					  <aspectratio align="center" aligny="center">keep</aspectratio>
						<texture fallback="DefaultShortcut.png">$INFO[ListItem.ActualIcon]</texture>
					</control>
					<control type="label">
						<left>47</left>
						<top>0</top>
						<width>335</width>
						<height>42</height>
						<font>FontSize_20</font>
						<textcolor>77white</textcolor>
						<selectedcolor>selected</selectedcolor>
						<align>left</align>
						<aligny>center</aligny>
						<label>$INFO[ListItem.Label]</label>
					</control>
				</itemlayout>
				<focusedlayout height="44" width="400">
					<control type="image">
						<left>0</left>
						<top>0</top>
						<width>400</width>
						<height>40</height>
						<texture>buttons/focus.png</texture>
	          <include>ListFocusAnimation</include>
					  <animation effect="fade" start="100" end="30" time="100" condition="!Control.HasFocus(211)">conditional</animation>
					</control>
					<control type="image">
						<left>0</left>
						<top>0</top>
						<width>400</width>
						<height>40</height>
					  <texture>dialogs/selectdialog/selected.png</texture>
      			<visible>!Control.HasFocus(211)</visible>
					</control>
					<control type="image">
						<left>-8</left>
						<top>-6</top>
						<width>60</width>
						<height>56</height>
					  <aspectratio align="center" aligny="center">keep</aspectratio>
						<texture fallback="DefaultShortcut.png">$INFO[ListItem.ActualIcon]</texture>
					  <animation effect="fade" start="100" end="50" time="100" condition="!Control.HasFocus(211)">conditional</animation>
					</control>
					<control type="label">
						<left>47</left>
						<top>0</top>
						<width>335</width>
						<height>42</height>
						<font>FontSize_20</font>
						<textcolor>white</textcolor>
						<selectedcolor>selected</selectedcolor>
						<align>left</align>
						<aligny>center</aligny>
						<label>$INFO[ListItem.Label]</label>
					  <animation effect="fade" start="100" end="50" time="100" condition="!Control.HasFocus(211)">conditional</animation>
					</control>
				</focusedlayout>
			</control>

			<!-- Left Part - Delete/Move Buttons -->
			<control type="group" id="20000">
				<left>230</left>
				<top>498</top>
				<control type="button" id ="303">
					<description>Move UP</description>
					<width>131</width>
			    <height>40</height>
					<font>FontSize_16B</font>
					<textcolor>77white</textcolor>
					<focusedcolor>white</focusedcolor>
				  <disabledcolor>33white</disabledcolor>
					<shadowcolor>99000000</shadowcolor>
					<texturefocus>buttons/focus.png</texturefocus>
					<texturenofocus>-</texturenofocus>
					<align>center</align>
					<aligny>top</aligny>
					<textoffsetx>5</textoffsetx>
					<textoffsety>9</textoffsety>
					<pulseonselect>true</pulseonselect>
					<label>$ADDON[script.skinshortcuts 32002]</label>
					<onleft>211</onleft>
					<onright>304</onright>
					<onup>211</onup>
					<ondown>10001</ondown>
				</control>
				<control type="button" id ="304">
					<description>Move DOWN</description>
					<left>135</left>
					<width>131</width>
			    <height>40</height>
					<font>FontSize_16B</font>
					<textcolor>77white</textcolor>
					<focusedcolor>white</focusedcolor>
				  <disabledcolor>33white</disabledcolor>
					<shadowcolor>99000000</shadowcolor>
					<texturefocus>buttons/focus.png</texturefocus>
					<texturenofocus>-</texturenofocus>
					<align>center</align>
					<aligny>top</aligny>
					<textoffsetx>5</textoffsetx>
					<textoffsety>9</textoffsety>
					<pulseonselect>true</pulseonselect>
					<label>$ADDON[script.skinshortcuts 32003]</label>
					<onleft>303</onleft>
					<onright>302</onright>
					<onup>211</onup>
					<ondown>10001</ondown>
				</control>
				<control type="button" id ="302">
					<description>Delete</description>
					<left>270</left>
					<width>130</width>
			    <height>40</height>
					<font>FontSize_16B</font>
					<textcolor>77white</textcolor>
					<focusedcolor>white</focusedcolor>
				  <disabledcolor>33white</disabledcolor>
					<shadowcolor>99000000</shadowcolor>
					<texturefocus>buttons/focus.png</texturefocus>
					<texturenofocus>-</texturenofocus>
					<align>center</align>
					<aligny>top</aligny>
					<textoffsetx>5</textoffsetx>
					<textoffsety>9</textoffsety>
					<pulseonselect>true</pulseonselect>
					<label>$ADDON[script.skinshortcuts 32001]</label>
					<onleft>304</onleft>
					<onright>30000</onright>
					<onup>211</onup>
					<ondown>10001</ondown>
				</control>
			</control>
	
			<!-- Right Part -->		
			<control type="grouplist" id="30000">
				<left>648</left>
				<top>190</top>
				<width>400</width>
				<height>352</height>
				<onleft>211</onleft>
				<onright>10001</onright>
				<onup>30000</onup>
				<ondown>30000</ondown>
  			<onback>RunScript(script.skinshortcuts,type=buildxml&amp;mode=single&amp;options=clonewidgets&amp;mainmenuID=20)</onback>
				<itemgap>4</itemgap>
				<control type="button" id="401">
					<description>Change Shortcut</description>
					<width>400</width>
			    <height>40</height>
					<font>FontSize_20</font>
					<textcolor>77white</textcolor>
					<focusedcolor>white</focusedcolor>
				  <disabledcolor>33white</disabledcolor>
					<shadowcolor>99000000</shadowcolor>
					<texturefocus>buttons/focus.png</texturefocus>
					<texturenofocus>-</texturenofocus>
					<align>left</align>
					<textoffsetx>10</textoffsetx>
					<label>$ADDON[script.skinshortcuts 32048]</label>
				</control>
				<control type="button" id="305">
					<description>Change Label</description>
					<width>400</width>
			    <height>40</height>
					<font>FontSize_20</font>
					<textcolor>77white</textcolor>
					<focusedcolor>white</focusedcolor>
				  <disabledcolor>33white</disabledcolor>
					<shadowcolor>99000000</shadowcolor>
					<texturefocus>buttons/focus.png</texturefocus>
					<texturenofocus>-</texturenofocus>
					<align>left</align>
					<textoffsetx>10</textoffsetx>
					<label>$ADDON[script.skinshortcuts 32025]</label>
					<label2>[COLOR=selected]$INFO[Container(211).ListItem.Label][/COLOR]</label2>
				</control>
				<control type="button" id="307">
					<description>Change Action</description>
					<width>400</width>
			    <height>40</height>
					<font>FontSize_20</font>
					<textcolor>77white</textcolor>
					<focusedcolor>white</focusedcolor>
				  <disabledcolor>33white</disabledcolor>
					<shadowcolor>99000000</shadowcolor>
					<texturefocus>buttons/focus.png</texturefocus>
					<texturenofocus>-</texturenofocus>
					<align>left</align>
					<textoffsetx>10</textoffsetx>
					<label>$ADDON[script.skinshortcuts 32027]</label>
					<label2>[COLOR=selected]$INFO[Container(211).ListItem.Property(displaypath)][/COLOR]</label2>
				</control>
				<control type="button" id="405">
					<description>edit SubMenu</description>
					<width>400</width>
			    <height>40</height>
					<font>FontSize_20</font>
					<textcolor>77white</textcolor>
					<focusedcolor>white</focusedcolor>
				  <disabledcolor>33white</disabledcolor>
					<shadowcolor>99000000</shadowcolor>
					<texturefocus>buttons/focus.png</texturefocus>
					<texturenofocus>-</texturenofocus>
					<align>left</align>
					<textoffsetx>10</textoffsetx>
					<label>$ADDON[script.skinshortcuts 32072]</label>
					<visible>StringCompare(Window.Property("groupname"),mainmenu)</visible>
				</control>
				<control type="button" id="309">
					<description>add widget</description>
					<width>400</width>
			    <height>40</height>
					<font>FontSize_20</font>
					<textcolor>77white</textcolor>
					<focusedcolor>white</focusedcolor>
				  <disabledcolor>33white</disabledcolor>
					<shadowcolor>99000000</shadowcolor>
					<texturefocus>buttons/focus.png</texturefocus>
					<texturenofocus>-</texturenofocus>
					<align>left</align>
					<textoffsetx>10</textoffsetx>
					<label>$ADDON[script.skinshortcuts 32044]</label>
					<label2>[COLOR=selected]$INFO[Container(211).ListItem.Property(widgetName)][/COLOR]</label2>
					<visible>StringCompare(Window.Property(groupname),mainmenu)</visible>
				</control>
				<control type="button" id="306">
					<description>add widget</description>
					<width>400</width>
			    <height>40</height>
					<font>FontSize_20</font>
					<textcolor>77white</textcolor>
					<focusedcolor>white</focusedcolor>
				  <disabledcolor>33white</disabledcolor>
					<shadowcolor>99000000</shadowcolor>
					<texturefocus>buttons/focus.png</texturefocus>
					<texturenofocus>-</texturenofocus>
					<align>left</align>
					<textoffsetx>10</textoffsetx>
					<label>$ADDON[script.skinshortcuts 32026]</label>
					<label2>[COLOR=selected]$INFO[Container(211).ListItem.Property(widgetName)][/COLOR]</label2>
					<visible>SubString(Window.Property(groupname),widgetgroup)</visible>
				</control>

<!-- *NOT USED*				
				<control type="button" id="309">
					<description>Select Widget</description>
					<width>400</width>
			    <height>40</height>
					<font>FontSize_20</font>
					<textcolor>77white</textcolor>
					<focusedcolor>white</focusedcolor>
				  <disabledcolor>33white</disabledcolor>
					<shadowcolor>99000000</shadowcolor>
					<texturefocus>buttons/focus.png</texturefocus>
					<texturenofocus>-</texturenofocus>
					<align>left</align>
					<textoffsetx>10</textoffsetx>
					<label>$ADDON[script.skinshortcuts 32044]</label>
					<label2>[COLOR=selected]$INFO[Container(211).ListItem.Property(widgetName)][/COLOR]</label2>
					<visible>StringCompare(Window.Property("groupname"),mainmenu)</visible>
				</control>
  			<control type="button" id="30003">
					<description>Custom Widgets Items</description>
					<width>400</width>
			    <height>40</height>
					<font>FontSize_20</font>
					<textcolor>77white</textcolor>
					<focusedcolor>white</focusedcolor>
				  <disabledcolor>33white</disabledcolor>
					<shadowcolor>99000000</shadowcolor>
					<texturefocus>buttons/focus.png</texturefocus>
					<texturenofocus>-</texturenofocus>
					<align>left</align>
					<textoffsetx>10</textoffsetx>
  				<label>$LOCALIZE[31377]</label>
          <onclick>SetProperty(ManageButtons,customitems,skinsettings)</onclick>
					<onclick>ActivateWindow(1118)</onclick>
  				<visible>StringCompare(Window.Property("groupname"),mainmenu) + StringCompare(Container(211).ListItem.Property(Widget),CustomItems)</visible>
				</control>

  			<control type="group" id="30001">
  				<description>Fake spin control</description>
  				<width>400</width>
  				<height>40</height>
  				<visible>System.HasAddon(script.extendedinfo) + StringCompare(Window.Property("groupname"),mainmenu) + stringcompare(Container(211).ListItem.Property(widgetName),RSS Video Feeds)</visible>
  				<control type="image">
  					<left>0</left>
  					<top>0</top>
  					<width>400</width>
  					<height>40</height>
  					<texture>buttons/focus.png</texture>
  					<aspectratio>stretch</aspectratio>
  					<visible>ControlGroup(30001).HasFocus</visible>
  				</control>
  			  <control type="button" id="30011">
      				<onleft>211</onleft>
      				<onright>10</onright>
      				<onup>309</onup>
      				<ondown>30002</ondown>
  						<texturefocus>-</texturefocus>
  						<texturenofocus>-</texturenofocus>
  						<onclick condition="stringcompare(Skin.String(RSSVideoFeedName),Custom)">Skin.SetString(RSSVideoFeedName,Default (TLBB))</onclick>
  						<onclick condition="stringcompare(Skin.String(RSSVideoFeedName),Custom)">Skin.SetString(RSSVideoFeedURL,Default (TLBB))</onclick>
  						<onclick condition="stringcompare(Skin.String(RSSVideoFeedName),NBA)">Skin.SetString(RSSVideoFeedName,Custom)</onclick>
  						<onclick condition="stringcompare(Skin.String(RSSVideoFeedName),NBA)">Skin.SetString(RSSVideoFeedURL,Custom)</onclick>
  						<onclick condition="stringcompare(Skin.String(RSSVideoFeedName),GameTrailers)">Skin.SetString(RSSVideoFeedName,NBA)</onclick>
  						<onclick condition="stringcompare(Skin.String(RSSVideoFeedName),GameTrailers)">Skin.SetString(RSSVideoFeedURL,NBA)</onclick>
  						<onclick condition="stringcompare(Skin.String(RSSVideoFeedName),Comedy Central)">Skin.SetString(RSSVideoFeedName,GameTrailers)</onclick>
  						<onclick condition="stringcompare(Skin.String(RSSVideoFeedName),Comedy Central)">Skin.SetString(RSSVideoFeedURL,GameTrailers)</onclick>
  						<onclick condition="stringcompare(Skin.String(RSSVideoFeedName),Funny Or Die)">Skin.SetString(RSSVideoFeedName,Comedy Central)</onclick>
  						<onclick condition="stringcompare(Skin.String(RSSVideoFeedName),Funny Or Die)">Skin.SetString(RSSVideoFeedURL,Comedy Central)</onclick>
  						<onclick condition="stringcompare(Skin.String(RSSVideoFeedName),VEVO)">Skin.SetString(RSSVideoFeedName,Funny Or Die)</onclick>
  						<onclick condition="stringcompare(Skin.String(RSSVideoFeedName),VEVO)">Skin.SetString(RSSVideoFeedURL,Funny Or Die)</onclick>
  						<onclick condition="stringcompare(Skin.String(RSSVideoFeedName),VH1)">Skin.SetString(RSSVideoFeedName,VEVO)</onclick>
  						<onclick condition="stringcompare(Skin.String(RSSVideoFeedName),VH1)">Skin.SetString(RSSVideoFeedURL,VEVO)</onclick>
  						<onclick condition="stringcompare(Skin.String(RSSVideoFeedName),TEDx Talks)">Skin.SetString(RSSVideoFeedName,VH1)</onclick>
  						<onclick condition="stringcompare(Skin.String(RSSVideoFeedName),TEDx Talks)">Skin.SetString(RSSVideoFeedURL,VH1)</onclick>
  						<onclick condition="stringcompare(Skin.String(RSSVideoFeedName),The Ellen Show)">Skin.SetString(RSSVideoFeedName,TEDx Talks)</onclick>
  						<onclick condition="stringcompare(Skin.String(RSSVideoFeedName),The Ellen Show)">Skin.SetString(RSSVideoFeedURL,TEDx Talks)</onclick>
  						<onclick condition="stringcompare(Skin.String(RSSVideoFeedName),Vice)">Skin.SetString(RSSVideoFeedName,The Ellen Show)</onclick>
  						<onclick condition="stringcompare(Skin.String(RSSVideoFeedName),Vice)">Skin.SetString(RSSVideoFeedURL,The Ellen Show)</onclick>
  						<onclick condition="stringcompare(Skin.String(RSSVideoFeedName),BBC News)">Skin.SetString(RSSVideoFeedName,Vice)</onclick>
  						<onclick condition="stringcompare(Skin.String(RSSVideoFeedName),BBC News)">Skin.SetString(RSSVideoFeedURL,Vice)</onclick>
  						<onclick condition="stringcompare(Skin.String(RSSVideoFeedName),News)">Skin.SetString(RSSVideoFeedName,BBC News)</onclick>
  						<onclick condition="stringcompare(Skin.String(RSSVideoFeedName),News)">Skin.SetString(RSSVideoFeedURL,BBC News)</onclick>
  						<onclick condition="stringcompare(Skin.String(RSSVideoFeedName),Default (TLBB))">Skin.SetString(RSSVideoFeedName,News)</onclick>
  						<onclick condition="stringcompare(Skin.String(RSSVideoFeedName),Default (TLBB))">Skin.SetString(RSSVideoFeedURL,News)</onclick>
  						<onclick condition="stringcompare(Skin.String(RSSVideoFeedName),Custom)">Skin.SetString(RSSVideoFeedName,Default (TLBB))</onclick>
  						<onclick condition="stringcompare(Skin.String(RSSVideoFeedName),Custom)">Skin.Reset(RSSVideoFeedURL)</onclick>
  				</control>
  				<control type="button">
  						<width>400</width>
  						<height>40</height>
  						<font>FontSize_20</font>
  						<textcolor>77white</textcolor>
  						<align>left</align>
					    <textoffsetx>10</textoffsetx>
  						<label>Select RSS Video Feed</label>
  						<label2>[COLOR=selected]$INFO[Skin.String(RSSVideoFeedName)][/COLOR]</label2>
  				    <visible>!ControlGroup(30001).HasFocus</visible>
  				</control>
  				<control type="button">
  						<width>400</width>
  						<height>40</height>
  						<font>FontSize_20</font>
  						<textcolor>white</textcolor>
  						<align>left</align>
					    <textoffsetx>10</textoffsetx>
  						<label>Select RSS Video Feed</label>
  						<label2>[COLOR=selected]$INFO[Skin.String(RSSVideoFeedName)][/COLOR]</label2>
  				    <visible>ControlGroup(30001).HasFocus</visible>
  				</control>
  		  </control>	
  			<control type="button" id="30002">
					<width>400</width>
			    <height>40</height>
					<font>FontSize_20</font>
					<textcolor>77white</textcolor>
					<focusedcolor>white</focusedcolor>
				  <disabledcolor>33white</disabledcolor>
					<shadowcolor>99000000</shadowcolor>
					<texturefocus>buttons/focus.png</texturefocus>
					<texturenofocus>-</texturenofocus>
					<align>left</align>
					<textoffsetx>10</textoffsetx>
  				<label>Add YouTube UserID</label>
  				<label2>[COLOR=selected]$INFO[Skin.String(SearchStringName)][/COLOR]</label2>
  				<onclick>Skin.Reset(SearchStringName)</onclick>
  				<onclick>Skin.Reset(SearchStringURL)</onclick>
  				<onclick>Skin.SetString(SearchStringURL)</onclick>
  				<onclick>Skin.SetString(SearchStringName)</onclick>
  		    <visible>stringcompare(Skin.String(RSSVideoFeedName),Custom)</visible>
  				<visible>System.HasAddon(script.extendedinfo) + StringCompare(Window.Property("groupname"),mainmenu) + stringcompare(Container(211).ListItem.Property(widgetName),RSS Video Feeds)</visible>
  			</control>
-->

			<control type="button" id="310">
					<description>Select HomeBG</description>
					<width>400</width>
			    <height>40</height>
					<font>FontSize_20</font>
					<textcolor>77white</textcolor>
					<focusedcolor>white</focusedcolor>
				  <disabledcolor>33white</disabledcolor>
					<shadowcolor>99000000</shadowcolor>
					<texturefocus>buttons/focus.png</texturefocus>
					<texturenofocus>-</texturenofocus>
					<align>left</align>
					<textoffsetx>10</textoffsetx>
					<label>$ADDON[script.skinshortcuts 32045]</label>
					<label2>[COLOR=selected]$INFO[Container(211).ListItem.Property(backgroundName)][/COLOR]</label2>
					<visible>StringCompare(Window.Property("groupname"),mainmenu)</visible>
				</control>
				<control type="button" id="301">
					<description>Add New</description>
					<width>400</width>
			    <height>40</height>
					<font>FontSize_20</font>
					<textcolor>77white</textcolor>
					<focusedcolor>white</focusedcolor>
				  <disabledcolor>33white</disabledcolor>
					<shadowcolor>99000000</shadowcolor>
					<texturefocus>buttons/focus.png</texturefocus>
					<texturenofocus>-</texturenofocus>
					<align>left</align>
					<textoffsetx>10</textoffsetx>
					<label>$ADDON[script.skinshortcuts 32000]</label>
				</control>
			</control>
		</control>

    <!-- Control Buttons -->
	  <control type="group"  id="10001">
			<left>1070</left>
			<top>515</top>
  		<control type="button" id="10">
				<description>Save</description>
    		<width>150</width>
	      <include>DialogsButtonsText</include>
    		<texturefocus border="49,0,49,0">dialogs/buttons/save_focus.png</texturefocus>
    		<texturenofocus border="49,0,49,0">dialogs/buttons/save_nofocus.png</texturenofocus>
  			<onleft>30000</onleft>
  			<onright>30000</onright>
  			<onup>308</onup>
  			<ondown>308</ondown>
				<onclick>Close</onclick>
				<label>$LOCALIZE[190]</label>
				<visible>StringCompare(Window.Property("groupname"),mainmenu)</visible>
  		</control>
  		<control type="button" id="11">
				<description>OK</description>
    		<width>150</width>
	      <include>DialogsButtonsText</include>
    		<texturefocus border="49,0,49,0">dialogs/buttons/save_focus.png</texturefocus>
    		<texturenofocus border="49,0,49,0">dialogs/buttons/save_nofocus.png</texturenofocus>
  			<onleft>30000</onleft>
  			<onright>30000</onright>
  			<onup>308</onup>
  			<ondown>308</ondown>
				<onclick>Close</onclick>
				<label>$LOCALIZE[186]</label>
				<visible>!StringCompare(Window.Property("groupname"),mainmenu)</visible>
  		</control>
  		<control type="button" id="308">
				<description>Reset</description>
  			<top>-50</top>
    		<width>150</width>
	      <include>DialogsButtonsText</include>
    		<texturefocus border="49,0,49,0">dialogs/buttons/settings_focus.png</texturefocus>
    		<texturenofocus border="49,0,49,0">dialogs/buttons/settings_nofocus.png</texturenofocus>
  			<onleft>30000</onleft>
  			<onright>30000</onright>
  			<onup condition="Control.IsVisible(10)">10</onup>
  			<onup condition="Control.IsVisible(11)">11</onup>
  			<ondown condition="Control.IsVisible(10)">10</ondown>
  			<ondown condition="Control.IsVisible(11)">11</ondown>
				<label>$LOCALIZE[10035]</label>
  		</control>
	  </control>
	 </control>
	</controls>
</window>
