<?xml version="1.0" encoding="UTF-8"?>
<window  id="147">
	<defaultcontrol>61</defaultcontrol>
	<controls>
		<control type="group">
		  <include>DialogAnimation</include>
  	  <control type="image">
  			<left>211</left>
  			<top>141</top>
  		  <width>859</width>
  		  <height>62</height>
  		  <colordiffuse>blue</colordiffuse>
  		  <texture background="true" border="9">dialogs/other/header.png</texture>
  	  </control>
  	  <control type="image">
  			<left>211</left>
  			<top>200</top>
  		  <width>859</width>
  		  <height>380</height>
  		  <texture background="true" border="39,19,39,19">dialogs/other/body.png</texture>
  	  </control>
  		<control type="image">
  			<left>213</left>
  			<top>199</top>
  			<width>855</width>
  			<height>4</height>
  			<aspectratio>stretch</aspectratio>
  			<texture background="true">dialogs/other/header_line.png</texture>
  		</control>
  		<control type="label" id="1">
  			<description>header label</description>
  			<left>225</left>
  			<top>159</top>
  			<width>560</width>
  	    <include>DialogsHeaderLabel</include>
        <label>-</label>
  		</control>
			<control type="group">
				<posx>232</posx>
				<posy>210</posy>
				<control type="textbox" id="5">
					<description>textarea</description>
					<posx>0</posx>
					<posy>0</posy>
					<width>815</width>
					<height>357</height>
					<label>-</label>
					<font>FontSize_20</font>
					<align>justify</align>
					<textcolor>99white</textcolor>
					<shadowcolor>99000000</shadowcolor>
					<pagecontrol>61</pagecontrol>
			    <autoscroll delay="8000" time="2000" repeat="8000"/>
				</control>
				<control type="scrollbar" id="61">
					<posx>0</posx>
					<posy>0</posy>
					<width>25</width>
					<height>490</height>
					<texturesliderbackground>-</texturesliderbackground>
					<texturesliderbar>-</texturesliderbar>
					<texturesliderbarfocus>-</texturesliderbarfocus>
					<textureslidernib>-</textureslidernib>
					<textureslidernibfocus>-</textureslidernibfocus>
					<onleft>Close</onleft>
					<onright>Close</onright>
					<ondown>61</ondown>
					<onup>61</onup>
					<showonepage>true</showonepage>
					<orientation>vertical</orientation>
				</control>
			</control>
		</control>

	</controls>
</window>
