<?xml version="1.0" encoding="UTF-8"?>
<window  id="10140">
	<defaultcontrol always="true">100</defaultcontrol>
	<controls>
  <control type="button" id="100">
		<include>TopButton</include>
    <onfocus>SetFocus(20)</onfocus>
    <animation effect="fade" start="0" end="100" time="0" delay="50">Focus</animation>
  </control>
	 <control type="group">
	  <include>DialogAnimation</include>
		<visible>!Window.IsActive(PeripheralSettings)</visible>
	  <control type="image">
			<left>347</left>
			<top>113</top>
		  <width>587</width>
		  <height>57</height>
		  <colordiffuse>blue</colordiffuse>
		  <texture background="true" border="9">dialogs/other/header.png</texture>
	  </control>
	  <control type="image">
			<left>347</left>
			<top>167</top>
		  <width>587</width>
		  <height>390</height>
		  <texture background="true" border="39,19,39,19">dialogs/other/body.png</texture>
	  </control>
		<control type="image">
			<description>background image</description>
			<include>FullscreenDimensions</include>
			<texture background="true">dialogs/selectdialog/bg_select_icon.png</texture>
		</control>
		 <control type="image">
			<left>349</left>
			<top>166</top>
			<width>583</width>
			<height>4</height>
			<aspectratio>stretch</aspectratio>
			<texture background="true">dialogs/other/header_line.png</texture>
		 </control>
		<control type="label">
			<description>header label</description>
			<left>360</left>
			<top>127</top>
			<width>560</width>
	    <include>DialogsHeaderLabel</include>
      <label>$LOCALIZE[35000]</label>
		</control>
		<control type="label">
			<description>Page Count Label</description>
			<left>372</left>
			<top>136</top>
			<width>553</width>
			<height>35</height>
			<font>FontSize_16B</font>
			<textcolor>88white</textcolor>
  		<shadowcolor>99000000</shadowcolor>
			<scroll>false</scroll>
			<align>right</align>
			<aligny>center</aligny>
			<label>$VAR[ContainerNumItems]</label>
		</control>
		<control type="list" id="20">
			<left>364</left>
			<top>184</top>
			<width>553</width>
			<height>355</height>
			<onup>20</onup>
			<ondown>20</ondown>
			<onleft>10000</onleft>
			<onright>10000</onright>
			<scrolltime tween="quadratic" easing="out">250</scrolltime>
			<itemlayout height="71" width="553">
				<control type="label">
					<left>5</left>
					<top>3</top>
					<width>545</width>
					<height>25</height>
					<font>FontSize_20B</font>
					<textcolor>77white</textcolor>
		      <shadowcolor>77000000</shadowcolor>
					<selectedcolor>selected</selectedcolor>
					<align>left</align>
					<aligny>center</aligny>
					<label>$INFO[ListItem.Label]</label>
				</control>
				<control type="label">
					<left>5</left>
					<top>24</top>
					<width>545</width>
					<height>25</height>
					<font>FontSize_16</font>
					<textcolor>77white</textcolor>
		      <shadowcolor>77000000</shadowcolor>
					<selectedcolor>selected</selectedcolor>
					<align>left</align>
					<aligny>center</aligny>
          <label>$INFO[ListItem.Property(Bus),[B][COLOR=77white]$LOCALIZE[35500]:[/COLOR][/B]  ]$INFO[ListItem.Property(Location), - ]</label>
				</control>
				<control type="label">
					<left>5</left>
					<top>42</top>
					<width>545</width>
					<height>25</height>
					<font>FontSize_16</font>
					<textcolor>77white</textcolor>
		      <shadowcolor>77000000</shadowcolor>
					<selectedcolor>selected</selectedcolor>
					<align>left</align>
					<aligny>center</aligny>
					<label>$INFO[ListItem.Property(Product),[B][COLOR=77white]$LOCALIZE[35504]:[/COLOR][/B]  ]    $INFO[ListItem.Property(Vendor),[B][COLOR=77white]$LOCALIZE[35503]:[/COLOR][/B]  ]    $INFO[ListItem.Property(Class),[B][COLOR=77white]$LOCALIZE[35501]:[/COLOR][/B]  ]</label>
				</control>
			</itemlayout>
			<focusedlayout height="71" width="553">
				<control type="image">
					<left>0</left>
					<top>0</top>
					<width>553</width>
					<height>67</height>
					<texture background="true">buttons/focus.png</texture>
					<visible>Control.HasFocus(20)</visible>
	        <include>ListFocusAnimation</include>
				</control>
				<control type="label">
					<left>5</left>
					<top>3</top>
					<width>545</width>
					<height>25</height>
					<font>FontSize_20B</font>
					<textcolor>white</textcolor>
		      <shadowcolor>77000000</shadowcolor>
					<selectedcolor>white</selectedcolor>
					<align>left</align>
					<aligny>center</aligny>
					<label>$INFO[ListItem.Label]</label>
				</control>
				<control type="label">
					<left>5</left>
					<top>24</top>
					<width>545</width>
					<height>25</height>
					<font>FontSize_16</font>
					<textcolor>77white</textcolor>
		      <shadowcolor>77000000</shadowcolor>
					<selectedcolor>77white</selectedcolor>
					<align>left</align>
					<aligny>center</aligny>
          <label>$INFO[ListItem.Property(Bus),[B][COLOR=white]$LOCALIZE[35500]:[/COLOR][/B]  ]$INFO[ListItem.Property(Location), - ]</label>
				</control>
				<control type="label">
					<left>5</left>
					<top>42</top>
					<width>545</width>
					<height>25</height>
					<font>FontSize_16</font>
					<textcolor>77white</textcolor>
		      <shadowcolor>77000000</shadowcolor>
					<selectedcolor>77white</selectedcolor>
					<align>left</align>
					<aligny>center</aligny>
					<label>$INFO[ListItem.Property(Product),[B][COLOR=white]$LOCALIZE[35504]:[/COLOR][/B]  ]    $INFO[ListItem.Property(Vendor),[B][COLOR=white]$LOCALIZE[35503]:[/COLOR][/B]  ]    $INFO[ListItem.Property(Class),[B][COLOR=white]$LOCALIZE[35501]:[/COLOR][/B]  ]</label>
				</control>
			</focusedlayout>
		</control>

    <!-- Control Buttons -->
	  <control type="group"  id="10000">
  		<left>940</left>
  		<top>511</top>
  		<control type="button" id="10">
				<description>Save</description>
    		<width>150</width>
	      <include>DialogsButtonsText</include>
    		<texturefocus border="49,0,49,0">dialogs/buttons/save_focus.png</texturefocus>
    		<texturenofocus border="49,0,49,0">dialogs/buttons/save_nofocus.png</texturenofocus>
  			<onleft>20</onleft>
  			<onright>20</onright>
  			<onup>11</onup>
  			<ondown>11</ondown>
				<label>$LOCALIZE[190]</label>
  		</control>
  		<control type="button" id="11">
				<description>Settings</description>
  			<top>-50</top>
    		<width>150</width>
	      <include>DialogsButtonsText</include>
    		<texturefocus border="49,0,49,0">dialogs/buttons/settings_focus.png</texturefocus>
    		<texturenofocus border="49,0,49,0">dialogs/buttons/settings_nofocus.png</texturenofocus>
  			<onleft>20</onleft>
  			<onright>20</onright>
  			<onup>10</onup>
  			<ondown>10</ondown>
				<label>$LOCALIZE[5]</label>
  		</control>
	  </control>
	 </control>
	</controls>
</window>