<?xml version="1.0" encoding="UTF-8"?>
<window  id="503">
	<defaultcontrol allways="true">50</defaultcontrol>
	<allowoverlay>no</allowoverlay>
  <backgroundcolor>0</backgroundcolor>
	<controls>
		<include>BackgroundItems</include>
		<include>CommonItems</include>

	 <control type="group">
    <include>Window_OpenClose_Animation</include>
		<visible>!Window.IsActive(ShutdownMenu) + !Window.IsActive(favourites)</visible>

		<control type="group">
      <include>Window_OpenClose_Animation</include>
			<control type="image">
	      <include>FullscreenDimensions</include>
				<texture>windows/filemanager/bg.png</texture>
			</control>
			<control type="image">
	      <include>FullscreenDimensions</include>
				<texture>windows/filemanager/seperators_left.png</texture>
        <visible>!Window.IsActive(contextmenu) | Control.HasFocus(100)</visible>
				<animation effect="fade" start="0" end="100" time="250" reversible="true">Visible</animation>
				<animation effect="fade" start="100" end="0" time="200" reversible="true">Hidden</animation>
			</control>
			<control type="image">
	      <include>FullscreenDimensions</include>
				<texture>windows/filemanager/seperators_right.png</texture>
        <visible>!Window.IsActive(contextmenu) | Control.HasFocus(50)</visible>
				<animation effect="fade" start="0" end="100" time="250" reversible="true">Visible</animation>
				<animation effect="fade" start="100" end="0" time="200" reversible="true">Hidden</animation>
			</control>
		</control>
		
		<control type="group">
			<left>0</left>
			<top>-20</top>
      <include>Window_OpenClose_Animation</include>
			<control type="label">
				<left>135</left>
				<top>140</top>
				<width>495</width>
				<height>40</height>
				<font>FontSize_32</font>
				<textcolor>white</textcolor>
				<scroll>true</scroll>
				<align>center</align>
				<aligny>center</aligny>
				<label>31283</label>
			</control>
			<control type="scrollbar" id="60">
				<left>638.5</left>
				<top>183</top>
				<width>4</width>
				<height>411</height>
				<texturesliderbackground>-</texturesliderbackground>
				<texturesliderbar border="0,18,0,18">views/scrollbar/scrollbar.png</texturesliderbar>
				<texturesliderbarfocus border="0,18,0,18">views/scrollbar/scrollbar.png</texturesliderbarfocus>
				<textureslidernib>-</textureslidernib>
				<textureslidernibfocus>-</textureslidernibfocus>
				<onleft>50</onleft>
				<onright>100</onright>
				<showonepage>false</showonepage>
				<orientation>vertical</orientation>
			  <animation effect="fade" start="100" end="0" time="300" condition="!Control.HasFocus(60)">Conditional</animation>
				<visible>Control.IsVisible(50)</visible>
			</control>
			<control type="list" id="50">
				<left>124</left>
				<top>185</top>
				<width>515</width>
				<height>410</height>
				<onleft>100</onleft>
				<onright>60</onright>
				<onup>50</onup>
				<ondown>50</ondown>
				<viewtype>list</viewtype>
				<pagecontrol>60</pagecontrol>
			  <scrolltime tween="cubic" easing="out">350</scrolltime>
			  <animation effect="fade" start="100" end="0" time="250" condition="Window.IsVisible(ContextMenu) + Control.HasFocus(50)" reversible="true">Conditional</animation>
				<itemlayout height="45" width="515">
					<control type="label">
						<left>13</left>
						<top>0</top>
						<width>450</width>
						<height>45</height>
						<font>FontSize_20</font>
						<textcolor>77white</textcolor>
		        <shadowcolor>99000000</shadowcolor>
						<selectedcolor>selected</selectedcolor>
						<align>left</align>
						<aligny>center</aligny>
						<info>ListItem.Label</info>
					</control>
					<control type="label">
						<left>503</left>
						<top>0</top>
						<width>320</width>
						<height>45</height>
						<font>FontSize_20</font>
						<textcolor>77white</textcolor>
		        <shadowcolor>99000000</shadowcolor>
						<selectedcolor>selected</selectedcolor>
						<align>right</align>
						<aligny>center</aligny>
						<info>ListItem.Label2</info>
					</control>
				</itemlayout>
				<focusedlayout height="45" width="515">
					<control type="image">
						<left>0</left>
						<top>2</top>
						<width>515</width>
						<height>45</height>
				    <texture background="true" border="1">windows/filemanager/focus.png</texture>
						<visible>!Control.HasFocus(50)</visible>
			      <animation effect="fade" start="100" end="30" time="250" condition="!Control.HasFocus(50)">Conditional</animation>
					</control>
					<control type="image">
						<left>0</left>
						<top>2</top>
						<width>515</width>
						<height>45</height>
				    <texture background="true" border="1">windows/filemanager/focus.png</texture>
						<visible>Control.HasFocus(50)</visible>
				    <animation effect="slide" start="0,25" end="0,0" time="180" reversible="true" tween="sine" condition="Container(50).OnPrevious">focus</animation>
				    <animation effect="slide" start="0,-25" end="0,0" time="180" reversible="true" tween="sine" condition="Container(50).OnNext">focus</animation>
			      <animation effect="fade" start="70" end="100" time="200" condition="Control.HasFocus(50)">Conditional</animation>
					</control>
					<control type="label">
						<left>13</left>
						<top>0</top>
						<width>450</width>
						<height>45</height>
						<font>FontSize_20</font>
						<textcolor>white</textcolor>
		        <shadowcolor>99000000</shadowcolor>
						<selectedcolor>selected</selectedcolor>
						<align>left</align>
						<aligny>center</aligny>
						<info>ListItem.Label</info>
					</control>
					<control type="label">
						<left>503</left>
						<top>0</top>
						<width>320</width>
						<height>45</height>
						<font>FontSize_20</font>
						<textcolor>white</textcolor>
		        <shadowcolor>99000000</shadowcolor>
						<selectedcolor>selected</selectedcolor>
						<align>right</align>
						<aligny>center</aligny>
						<info>ListItem.Label2</info>
					</control>
				</focusedlayout>
			</control>
			<control type="label">
				<description>Items</description>
				<left>136</left>
				<top>592</top>
				<width>400</width>
				<height>35</height>
				<align>left</align>
				<textcolor>33white</textcolor>
				<shadowcolor>44333333</shadowcolor>
				<font>FontSize_20</font>
				<label>$INFO[Container(50).NumItems,, $LOCALIZE[31025]]</label>
		    <visible>IntegerGreaterThan(Container(50).NumItems,0)</visible>
			</control>
		</control>
		
		<control type="group">
			<left>478</left>
			<top>-20</top>
      <include>Window_OpenClose_Animation</include>
			<control type="label">
				<left>173</left>
				<top>140</top>
				<width>495</width>
				<height>40</height>
				<font>FontSize_32</font>
				<textcolor>white</textcolor>
				<scroll>true</scroll>
				<align>center</align>
				<aligny>center</aligny>
				<label>31284</label>
			</control>
			<control type="scrollbar" id="61">
				<left>160.5</left>
				<top>183</top>
				<width>4</width>
				<height>411</height>
				<texturesliderbackground>-</texturesliderbackground>
				<texturesliderbar border="0,18,0,18">views/scrollbar/scrollbar.png</texturesliderbar>
				<texturesliderbarfocus border="0,18,0,18">views/scrollbar/scrollbar.png</texturesliderbarfocus>
				<textureslidernib>-</textureslidernib>
				<textureslidernibfocus>-</textureslidernibfocus>
				<onleft>50</onleft>
				<onright>100</onright>
				<showonepage>false</showonepage>
				<orientation>vertical</orientation>
			  <animation effect="fade" start="100" end="0" time="300" condition="!Control.HasFocus(61)">Conditional</animation>
				<visible>Control.IsVisible(100)</visible>
			</control>
			<control type="list" id="100">
				<left>164</left>
				<top>185</top>
				<width>515</width>
				<height>410</height>
				<onleft>61</onleft>
				<onright>50</onright>
				<onup>100</onup>
				<ondown>100</ondown>
				<viewtype>list</viewtype>
				<pagecontrol>61</pagecontrol>
			  <scrolltime tween="cubic" easing="out">350</scrolltime>
			  <animation effect="fade" start="100" end="0" time="250" condition="Window.IsVisible(ContextMenu) + Control.HasFocus(100)" reversible="true">Conditional</animation>
				<itemlayout height="45" width="515">
					<control type="label">
						<left>13</left>
						<top>0</top>
						<width>450</width>
						<height>45</height>
						<font>FontSize_20</font>
						<textcolor>77white</textcolor>
		        <shadowcolor>99000000</shadowcolor>
						<selectedcolor>selected</selectedcolor>
						<align>left</align>
						<aligny>center</aligny>
						<info>ListItem.Label</info>
					</control>
					<control type="label">
						<left>503</left>
						<top>0</top>
						<width>320</width>
						<height>45</height>
						<font>FontSize_20</font>
						<textcolor>77white</textcolor>
		        <shadowcolor>99000000</shadowcolor>
						<selectedcolor>selected</selectedcolor>
						<align>right</align>
						<aligny>center</aligny>
						<info>ListItem.Label2</info>
					</control>
				</itemlayout>
				<focusedlayout height="45" width="515">
					<control type="image">
						<left>0</left>
						<top>2</top>
						<width>515</width>
						<height>45</height>
				    <texture background="true" border="1">windows/filemanager/focus.png</texture>
						<visible>!Control.HasFocus(100)</visible>
			      <animation effect="fade" start="100" end="30" time="250" condition="!Control.HasFocus(100)" reversible="true">Conditional</animation>
					</control>
					<control type="image">
						<left>0</left>
						<top>2</top>
						<width>515</width>
						<height>45</height>
				    <texture background="true" border="1">windows/filemanager/focus.png</texture>
						<visible>Control.HasFocus(100)</visible>
				    <animation effect="slide" start="0,25" end="0,0" time="180" reversible="true" tween="sine" condition="Container(100).OnPrevious">focus</animation>
				    <animation effect="slide" start="0,-25" end="0,0" time="180" reversible="true" tween="sine" condition="Container(100).OnNext">focus</animation>
			      <animation effect="fade" start="70" end="100" time="250" condition="Control.HasFocus(100)" reversible="true">Conditional</animation>
					</control>
					<control type="label">
						<left>13</left>
						<top>0</top>
						<width>450</width>
						<height>45</height>
						<font>FontSize_20</font>
						<textcolor>white</textcolor>
		        <shadowcolor>99000000</shadowcolor>
						<selectedcolor>selected</selectedcolor>
						<align>left</align>
						<aligny>center</aligny>
						<info>ListItem.Label</info>
					</control>
					<control type="label">
						<left>503</left>
						<top>0</top>
						<width>320</width>
						<height>45</height>
						<font>FontSize_20</font>
						<textcolor>white</textcolor>
		        <shadowcolor>99000000</shadowcolor>
						<selectedcolor>selected</selectedcolor>
						<align>right</align>
						<aligny>center</aligny>
						<info>ListItem.Label2</info>
					</control>
				</focusedlayout>
			</control>
			<control type="label">
				<description>Items</description>
				<left>267</left>
				<top>592</top>
				<width>400</width>
				<height>35</height>
				<align>right</align>
				<textcolor>33white</textcolor>
				<shadowcolor>44333333</shadowcolor>
				<font>FontSize_20</font>
				<label>$INFO[Container(100).NumItems,, $LOCALIZE[31025]]</label>
		    <visible>IntegerGreaterThan(Container(100).NumItems,0)</visible>
			</control>
		</control>
	 </control>


   <!-- ===================== -->
   <!-- Top Options Controls -->
   <!-- ===================== -->
<!-- *NOT USED*
	 <control type="group."  id="9000">
			<left>45</left>
			<top>25</top>
      <include>TopOptionsSlideAnimations</include>
      Main Options
			<control type="grouplist" id="9111">
				<left>0</left>
				<top>0</top>
				<width>0</width>
				<height>0</height>
				<itemgap>0</itemgap>
				<align>left</align>
				<orientation>horizontal</orientation>
				<onleft>9111</onleft>
				<onright>9111</onright>
				<onup>noop</onup>
				<ondown>50</ondown>
				<onback>50</onback>
				<control type="button" id="6">
					<description>Open Playlist</description>
				  <label>31280</label>
				  <include>TopButton</include>
				</control>
				<control type="button" id="7">
					<description>Save Playlist</description>
				  <label>31281</label>
				  <include>TopButton</include>
				</control>
				<control type="button" id="8">
					<description>Clear/Close Playlist</description>
					<label>31282</label>
				  <include>TopButton</include>
				</control>
			</control>
      
      Main Options Labels
			<control type="grouplist">
		    <visible allowhiddenfocus="true">ControlGroup(9111).HasFocus</visible>
	      <animation type="Visible"  reversible="false">
	          <effect type="fade" start="0" end="100" time="300" tween="sine" easing="in"  />
	          <effect type="slide" start="0,-35" end="0,0" time="350" tween="cubic" easing="out" />
	      </animation>
	      <animation type="Hidden" reversible="false">
	          <effect type="fade" start="100" end="0" time="300" tween="sine" easing="out" />
	          <effect type="slide" start="0,0" end="0,-35" time="350" tween="sine" easing="out" />
	      </animation>
				<left>0</left>
				<top>0</top>
				<height>70</height>
				<width>1190</width>
				<itemgap>15</itemgap>
				<align>left</align>
				<orientation>horizontal</orientation>
				<control type="label">
				  <include>TopBigLabel</include>
				  <label>$LOCALIZE[33063]:</label>
				</control>
				<control type="label">
					<description>Open Playlist</description>
				  <include>TopSmallLabel</include>
          <label>$INFO[Control.GetLabel(6)]</label>
					<animation effect="fade" start="100" end="70" time="200" tween="cubic" easing="inout" condition="!ControlGroup(9111).HasFocus(6)" reversible="true">Conditional</animation>
          <animation effect="zoom" start="100" end="90" time="200" tween="cubic" easing="inout" center="auto" condition="!ControlGroup(9111).HasFocus(6)" reversible="true">Conditional</animation>
				</control>
				<control type="label">
					<description>Save Playlist</description>
				  <include>TopSmallLabel</include>
          <label>$INFO[Control.GetLabel(7)]</label>
					<animation effect="fade" start="100" end="70" time="200" tween="cubic" easing="inout" condition="!ControlGroup(9111).HasFocus(7)" reversible="true">Conditional</animation>
          <animation effect="zoom"  start="100" end="90" time="200" tween="cubic" easing="inout" center="auto" condition="!ControlGroup(9111).HasFocus(7)" reversible="true">Conditional</animation>
				</control>
				<control type="label">
					<description>Clear/Close Playlist</description>
				  <include>TopSmallLabel</include>
					<label>$INFO[Control.GetLabel(8)]</label>
					<animation effect="fade" start="100" end="70" time="200" tween="cubic" easing="inout" condition="!ControlGroup(9111).HasFocus(8)" reversible="true">Conditional</animation>
          <animation effect="zoom"  start="100" end="90" time="200" tween="cubic" easing="inout" center="auto" condition="!ControlGroup(9111).HasFocus(8)" reversible="true">Conditional</animation>
				</control>
			</control>
	 </control>
-->

    <!-- ================ -->
    <!-- Top Content Info -->
    <!-- ================ -->
	  <control type="group">
			<left>45</left>
			<top>25</top>
			<visible>!ControlGroup(9000).HasFocus + !Window.IsActive(ShutdownMenu) + !Window.IsActive(favourites)</visible>
		  <include>CommonSlideAnimations</include>
			<control type="grouplist">
				<left>0</left>
				<top>0</top>
			  <height>70</height>
				<width>1000</width>
				<align>left</align>
				<itemgap>12</itemgap>
				<orientation>horizontal</orientation>
		    <include>CommonSlideAnimations</include>
				<control type="label">
				  <include>TopBigLabel</include>
					<label>$LOCALIZE[10503]</label>
				</control>
				<control type="label">
				  <include>TopZoomedSmallLabel</include>
			    <label>$INFO[Container.FolderName]</label>
				</control>
			</control>
	  </control>

		<include>CommonWeatherAndClock</include>
	</controls>
</window>
