<?xml version="1.0" encoding="UTF-8"?>
<window  id="3003">
	<defaultcontrol always="true">9000</defaultcontrol>
	<allowoverlay>no</allowoverlay>
	<onload>SetProperty(MetadataActors.Type,actor,movieinformation)</onload>
	<onload condition="Window.IsActive(movieinformation) + IsEmpty(Window(Home).Property(script.metadata.actors.push))">ClearProperty(MetadataActors.Type,movieinformation)</onload>
	<controls>
		<control type="list" id="50">
			<description>container movie properties</description>
			<posx>0</posx>
			<posy>0</posy>
			<width>1</width>
			<height>1</height>
			<onleft>9000</onleft>
			<onright>9000</onright>
			<onup>9000</onup>
			<ondown>9000</ondown>
			<viewtype label="Movie">list</viewtype>
			<pagecontrol>-</pagecontrol>
			<itemlayout height="1" width="1" />
			<focusedlayout height="1" width="1" />
		</control>

		<control type="group">
			<visible>![Window.IsActive(progressdialog) | Window.IsActive(okdialog) | Window.IsActive(yesnodialog) | Window.IsActive(FileBrowser) | Window.IsActive(SelectDialog) | Window.IsActive(DialogSelect.xml)]</visible>
	    <include>DialogAnimation</include>

			<control type="group">
				<posx>45</posx>
				<posy>143</posy>
				<include>VisibleFadeEffect</include>
				<control type="image">
					<posx>0</posx>
					<posy>0</posy>
					<width>308</width>
					<height>453</height>
					<aspectratio align="center" aligny="center">stretch</aspectratio>
					<texture background="true" fallback="thumbs/fallback_poster_big.png" diffuse="thumbs/poster_diffuse_big.png">$VAR[VideoInfoThumbs]</texture>
				</control>
				<control type="image">
					<posx>-11</posx>
					<posy>-11</posy>
					<width>330</width>
					<height>475</height>
					<aspectratio align="center" aligny="center">stretch</aspectratio>
				  <texture>thumbs/poster_overlay_big.png</texture>
				</control>
			 <control type="group">
				<posx>330</posx>
				<posy>7</posy>
				<control type="label">
					<description>Title</description>
				  <posy>-3</posy>
					<width>870</width>
					<font>FontSize_40</font>
					<label>$INFO[Listitem.Title]$INFO[Listitem.Year, (,) ]</label>
					<align>left</align>
					<aligny>center</aligny>
					<textcolor>white</textcolor>
					<shadowcolor>99000000</shadowcolor>
				</control>
				<control type="image">
					<posx>0</posx>
					<posy>40</posy>
					<width>48</width>
					<height>20</height>
					<align>left</align>
					<aligny>center</aligny>
			    <colordiffuse>99ffffff</colordiffuse>
					<texture fallback="flags/mpaa/film/rating-nr.png">$VAR[MPAAFilmRating]</texture>
				</control>
				<control type="label">
					<description>Under Title</description>
					<posx>55</posx>
					<posy>34</posy>
					<width>870</width>
					<height>30</height>
					<font>FontSize_22</font>
					<label>$VAR[DialogsInfo]</label>
					<align>left</align>
					<aligny>center</aligny>
					<textcolor>99white</textcolor>
					<shadowcolor>99000000</shadowcolor>
				</control>	
			  <control type="group">
				  <posx>0</posx>
					<posy>75</posy>
					<!-- Director label -->
					<control type="grouplist">
						<posx>0</posx>
						<posy>0</posy>
						<width>850</width>
		        <height>30</height>
					  <orientation>horizontal</orientation>
						<control type="label">
							<textcolor>white</textcolor>
							<shadowcolor>99000000</shadowcolor>
							<font>FontSize_22</font>
							<width min="10" max="780">auto</width>
							<height>30</height>
							<label>$LOCALIZE[20339]: </label>
						</control>
						<control type="label">
							<textcolor>99white</textcolor>
							<shadowcolor>99000000</shadowcolor>
							<font>FontSize_22</font>
							<width min="10" max="780">auto</width>
							<height>30</height>
							<label fallback="195">$INFO[ListItem.Director]</label>
						</control>
					</control>
					<!-- Writer label -->
					<control type="grouplist">
						<posx>0</posx>
						<posy>25</posy>
						<width>850</width>
		        <height>30</height>
					  <orientation>horizontal</orientation>
						<control type="label">
							<textcolor>white</textcolor>
							<shadowcolor>99000000</shadowcolor>
							<font>FontSize_22</font>
							<width min="10" max="780">auto</width>
							<label>$LOCALIZE[20417]: </label>
						</control>
						<control type="label">
							<textcolor>99white</textcolor>
							<shadowcolor>99000000</shadowcolor>
							<font>FontSize_22</font>
							<width min="10" max="780">auto</width>
							<height>30</height>
							<label fallback="195">$INFO[ListItem.Writer]</label>
						</control>
					</control>
					<!-- Studio label -->
					<control type="grouplist">
						<posx>0</posx>
						<posy>50</posy>
						<width>850</width>
		        <height>30</height>
					  <orientation>horizontal</orientation>
						<control type="label">
							<textcolor>white</textcolor>
							<shadowcolor>99000000</shadowcolor>
							<font>FontSize_22</font>
							<width min="10" max="780">auto</width>
							<height>30</height>
							<label>$LOCALIZE[572]: </label>
						</control>
						<control type="label">
							<textcolor>99white</textcolor>
							<shadowcolor>99000000</shadowcolor>
							<font>FontSize_22</font>
							<width min="10" max="780">auto</width>
							<height>30</height>
							<label fallback="195">$INFO[ListItem.Studio]</label>
						</control>
					</control>
					<!-- Runtime label -->
					<control type="grouplist">
						<posx>0</posx>
						<posy>75</posy>
						<width>850</width>
		        <height>30</height>
					  <orientation>horizontal</orientation>
			      <visible>!IsEmpty(ListItem.Duration)</visible>
						<control type="label">
							<textcolor>white</textcolor>
							<shadowcolor>99000000</shadowcolor>
							<font>FontSize_22</font>
							<width min="10" max="780">auto</width>
							<height>30</height>
							<label>$LOCALIZE[2050]: </label>
						</control>
						<control type="label">
							<textcolor>99white</textcolor>
							<shadowcolor>99000000</shadowcolor>
							<font>FontSize_22</font>
							<width min="10" max="780">auto</width>
							<height>30</height>
						  <label>$INFO[ListItem.Duration]</label>
						  <visible>substring(ListItem.Duration,Mins)</visible>
			      </control>
			      <control type="label">
							<textcolor>99white</textcolor>
							<shadowcolor>99000000</shadowcolor>
							<font>FontSize_22</font>
							<width min="10" max="780">auto</width>
							<height>30</height>
							<label>$INFO[ListItem.Duration,, $LOCALIZE[12391]]</label>
							<visible>!substring(ListItem.Duration,Mins)</visible>
			      </control>
					</control>
					<!-- Path label -->
					<control type="grouplist">
						<posx>0</posx>
						<posy>100</posy>
						<width>850</width>
		        <height>30</height>
					  <orientation>horizontal</orientation>
			      <visible>!IsEmpty(ListItem.FilenameAndPath)</visible>
						<control type="label">
							<textcolor>white</textcolor>
							<shadowcolor>99000000</shadowcolor>
							<font>FontSize_22</font>
							<width min="10" max="780">auto</width>
							<height>30</height>
							<label>$LOCALIZE[15311] </label>
						</control>
						<control type="label">
							<textcolor>99white</textcolor>
							<shadowcolor>99000000</shadowcolor>
							<font>FontSize_22</font>
							<width min="10" max="780">auto</width>
							<height>30</height>
              <haspath>true</haspath>
							<label fallback="195">$INFO[ListItem.FilenameAndPath]</label>
						</control>
					</control>
					<!-- Ratings label -->
					<control type="grouplist.">
						<posx>0</posx>
						<posy>125</posy>
						<width>850</width>
		        <height>30</height>
					  <orientation>horizontal</orientation>
						<control type="label">
							<textcolor>white</textcolor>
							<shadowcolor>99000000</shadowcolor>
							<font>FontSize_22</font>
							<width min="10" max="780">auto</width>
							<height>30</height>
							<label>$LOCALIZE[563]: </label>
						</control>
						<control type="label">
							<textcolor>99white</textcolor>
							<shadowcolor>99000000</shadowcolor>
							<font>FontSize_22</font>
							<width min="10" max="780">auto</width>
							<height>30</height>
							<label fallback="195">$INFO[ListItem.RatingAndVotes]</label>
						</control>
					</control>
				</control>

				<control type="group">
				  <visible>!Control.IsVisible(150)</visible>
					<control type="textbox" id="400">
						<description>Description Value</description>
						<posx>0</posx>
						<posy>215</posy>
						<width>850</width>
						<height>185</height>
						<font>FontSize_22</font>
						<align>justify</align>
						<textcolor>99white</textcolor>
						<shadowcolor>99000000</shadowcolor>
						<label>$VAR[GlobalPlotDescription]</label>
						<autoscroll time="3000" delay="5000" repeat="5000">Skin.HasSetting(AutoScroll)</autoscroll>
					</control>
					<control type="label">
						<description>Rated</description>
						<posx>0</posx>
						<posy>410</posy>
						<width>850</width>
						<height>30</height>
						<font>FontSize_22</font>
						<label>$INFO[ListItem.mpaa,* ]</label>
						<align>left</align>
						<aligny>center</aligny>
						<textcolor>white</textcolor>
						<shadowcolor>99000000</shadowcolor>
					</control>
				</control>
			 </control>
			</control>

		  <!-- Cast List -->
		 <control type="group">
			<posx>366</posx>
			<posy>400</posy>
			<animation effect="slide" start="0,0" end="0,-40" time="150" condition="Control.HasFocus(150)">Conditional</animation>
			<control type="fixedlist" id="150">
				<description>Cast</description>
				<posx>0</posx>
				<posy>0</posy>
				<width>860</width>
				<height>250</height>
				<orientation>horizontal</orientation>
			  <scrolltime tween="cubic" easing="out">350</scrolltime>
				<onleft>150</onleft>
				<onright>150</onright>
				<onup>9000</onup>
				<ondown>Action(select)</ondown>
			  <visible>StringCompare(Window.Property(showactors),1)</visible>
				<itemlayout width="143" height="250">
					<control type="group">
						<animation reversible="true" effect="slide" end="32,0" time="150" condition="Control.HasFocus(150)">Conditional</animation>
						<control type="image">
							<posx>10</posx>
							<posy>10</posy>
							<width>127</width>
							<height>175</height>
							<aspectratio align="center" aligny="center" scalediffuse="false">stretch</aspectratio>
							<texture background="true" diffuse="thumbs/poster_diffuse.png">thumbs/thumb_back.png</texture>
						</control>
						<control type="image">
							<posx>10</posx>
							<posy>10</posy>
							<width>127</width>
							<height>175</height>
							<aspectratio align="center" aligny="top" scalediffuse="false">scale</aspectratio>
							<texture background="true" diffuse="thumbs/poster_diffuse.png">$INFO[ListItem.Icon]</texture>
						</control>
						<control type="image">
							<posx>3</posx>
							<posy>3</posy>
							<width>142</width>
							<height>189</height>
							<aspectratio align="center" aligny="center" scalediffuse="false">stretch</aspectratio>
							<texture background="true" diffuse="thumbs/poster_diffuse.png">thumbs/poster_overlay_noglass.png</texture>
						</control>
					</control>
				</itemlayout>
				<focusedlayout width="143" height="250">
					<control type="group">
						<animation reversible="true" effect="zoom" start="100" end="125" center="10,10" time="150" condition="Control.HasFocus(150)">Conditional</animation>
						<control type="image">
							<posx>10</posx>
							<posy>10</posy>
							<width>127</width>
							<height>175</height>
						  <aspectratio align="center" aligny="center" scalediffuse="false">stretch</aspectratio>
						  <texture background="true" diffuse="thumbs/poster_diffuse.png">thumbs/thumb_back.png</texture>
						</control>
						<control type="image">
							<posx>10</posx>
							<posy>10</posy>
							<width>127</width>
							<height>175</height>
							<aspectratio align="center" aligny="top" scalediffuse="false">scale</aspectratio>
							<texture background="true" diffuse="thumbs/poster_diffuse.png">$INFO[ListItem.Icon]</texture>
						</control>
						<control type="image">
							<posx>3</posx>
							<posy>3</posy>
							<width>142</width>
							<height>189</height>
							<aspectratio align="center" aligny="center" scalediffuse="false">stretch</aspectratio>
							<texture background="true" diffuse="thumbs/poster_diffuse.png">thumbs/poster_overlay_noglass.png</texture>
						</control>
					</control>
				  <control type="label">
						<posx>180</posx>
						<posy>185</posy>
						<width>670</width>
						<height>40</height>
						<font>FontSize_22</font>
						<align>left</align>
						<aligny>center</aligny>
				    <textcolor>white</textcolor>
						<shadowcolor>99000000</shadowcolor>
		        <selectedcolor>white</selectedcolor>
						<label>$INFO[ListItem.Label]$INFO[ListItem.Label2, $LOCALIZE[20347] ]</label>
						<visible>Control.HasFocus(150) | Window.IsActive(script-Actors-ContextMenu.xml)</visible>
						<animation effect="fade" start="0" end="100" time="200" condition="Control.HasFocus(150) | Window.IsActive(script-Actors-ContextMenu.xml)">Conditional</animation>
						<animation reversible="false" effect="fade" start="0" end="100" time="400">Focus</animation>
						<animation reversible="false" effect="fade" start="100" end="0" time="0">Unfocus</animation>
				  </control>
				</focusedlayout>
			</control>
	   </control>
		</control>


    <!-- ================== -->
    <!-- Top Buttons Labels -->
    <!-- ================== -->    
	  <control type="group">
			<posx>45</posx>
			<posy>25</posy>
	    <animation type="WindowOpen" reversible="false">
        <effect type="fade" start="0" end="100" time="300" tween="sine" easing="in"  />
        <effect type="slide" start="0,-55" end="0,0" time="350" tween="cubic" easing="out" />
	    </animation>
	    <animation type="WindowClose" condition="!Window.IsActive(shutdownmenu)" reversible="false">
        <effect type="fade" start="100" end="0" time="300" tween="sine" easing="out" />
        <effect type="slide" start="0,0" end="0,-55" time="350" tween="sine" easing="out" />
	    </animation>
	    <animation type="WindowClose" condition="Window.IsActive(shutdownmenu)" reversible="false">
        <effect type="fade" start="100" end="0" time="300" tween="sine" easing="out" />
        <effect type="slide" start="0,0" end="0,55" time="350" tween="sine" easing="out" />
	    </animation>
	    <animation type="Visible" reversible="false">
        <effect type="fade" start="0" end="100" time="300" tween="sine" easing="in"  />
        <effect type="slide" start="0,55" end="0,0" time="350" tween="cubic" easing="out" />
	    </animation>
	    <animation type="Hidden" reversible="false">
        <effect type="fade" start="100" end="0" time="300" tween="sine" easing="out" />
        <effect type="slide" start="0,0" end="0,55" time="350" tween="sine" easing="out" />
	    </animation>
			<!-- NumberRating -->
			<control type="grouplist">
				<posx>0</posx>
				<posy>6</posy>
				<height>0</height>
				<width>1190</width>
				<itemgap>5</itemgap>
				<align>right</align>
				<orientation>horizontal</orientation>
			  <animation type="Conditional" reversible="false" condition="!Window.IsActive(VolumeBar)">
		      <effect type="fade" start="0" end="100" time="300" tween="sine" easing="in"  />
		      <effect type="slide" start="0,35" end="0,0" time="350" tween="cubic" easing="out" />
			  </animation>
			  <animation type="Conditional" reversible="false" condition="Window.IsActive(VolumeBar)">
		      <effect type="fade" start="100" end="0" time="300" tween="sine" easing="out" />
		      <effect type="slide" start="0,0" end="0,35" time="350" tween="sine" easing="out" />
			  </animation>
				<control type="image">
					<width>40</width>
					<height>38</height>
	        <aspectratio>keep</aspectratio>
					<texture>$VAR[VideoInfoStarRating]</texture>
				</control>
				<control type="label">
					<height>40</height>
					<width min="10" max="1280">auto</width>
					<font>FontSize_40</font>
					<textcolor>white</textcolor>
					<shadowcolor>99000000</shadowcolor>
			    <align>left</align>
			    <aligny>center</aligny>
					<scroll>false</scroll>
				  <label fallback="0.0">$INFO[ListItem.Rating]</label>
				</control>
			</control>
      <!-- Buttons -->
			<control type="grouplist" id="9000">
				<posx>0</posx>
				<posy>0</posy>
				<width>0</width>
				<height>0</height>
				<itemgap>0</itemgap>
				<align>left</align>
				<orientation>horizontal</orientation>
				<onleft>9000</onleft>
				<onright>9000</onright>
				<ondown condition="Control.IsVisible(150) + IntegerGreaterThan(Container(150).NumItems,0)">150</ondown>
				<onback>PreviousMenu</onback>
				<control type="button" id="8">
					<description>Play</description>
					<label>208</label>
					<onfocus condition="IsEmpty(ListItem.FilenameAndPath)">SetFocus(105)</onfocus>
        	<onclick condition="!IsEmpty(ListItem.FilenameAndPath)">SetProperty(script.metadata.actors.path,$ESCINFO[ListItem.FilenameAndPath],home)</onclick>
        	<onclick condition="!IsEmpty(ListItem.FilenameAndPath) + Window.IsActive(movieinformation)">Dialog.Close(movieinformation)</onclick>
        	<onclick condition="!IsEmpty(ListItem.FilenameAndPath)">PreviousMenu</onclick>
        	<onclick condition="!IsEmpty(ListItem.FilenameAndPath)">AlarmClock(ActorsPlay,PlayMedia($INFO[Window(Home).Property(script.metadata.actors.path)]),00:01,silent)</onclick>
        	<onclick condition="!IsEmpty(ListItem.FilenameAndPath)">AlarmClock(ActorsClear,ClearProperty(script.metadata.actors.path,home),00:01,silent)</onclick>
				  <include>TopButton</include>
        	<enable>!IsEmpty(ListItem.FilenameAndPath)</enable>
        	<visible allowhiddenfocus="true">false</visible>
				</control>
				<control type="togglebutton" id="105">
					<description>Cast/Review</description>
					<label>206</label>
					<altlabel>207</altlabel>
					<usealttexture>StringCompare(Window.Property(showactors),1)</usealttexture>
					<altclick>ClearProperty(showactors)</altclick>
					<onclick>SetProperty(showactors,1)</onclick>
				  <include>TopButton</include>
				</control>
				<control type="button" id="15">
					<description>Play Trailer</description>
					<label>20410</label>
          <onclick>SetProperty(script.metadata.actors.path,$INFO[ListItem.Trailer],home)</onclick>
          <onclick condition="Window.IsActive(movieinformation)">Dialog.Close(movieinformation)</onclick>
          <onclick>PreviousMenu</onclick>
          <onclick>AlarmClock(ActorsPlay,PlayMedia($INFO[Window(Home).Property(script.metadata.actors.path)]),00:01,silent)</onclick>
          <onclick>AlarmClock(ActorsClear,ClearProperty(script.metadata.actors.path,home),00:01,silent)</onclick>
				  <include>TopButton</include>
					<visible>!IsEmpty(ListItem.Trailer)</visible>
				</control>
				<control type="button" id="6">
					<description>Refresh</description>
					<label>184</label>
				  <include>TopButton</include>
				</control>
			</control>
      <!-- Labels -->
			<control type="grouplist">
	      <animation type="Visible" reversible="false">
          <effect type="fade" start="0" end="100" time="300" tween="sine" easing="out"  />
          <effect type="slide" start="0,35" end="0,0" time="350" tween="sine" easing="out" />
	      </animation>
	      <animation type="Hidden" reversible="false">
          <effect type="fade" start="100" end="0" time="300" tween="sine" easing="out" />
          <effect type="slide" start="0,0" end="0,35" time="350" tween="sine" easing="out" />
	      </animation>
				<posx>0</posx>
				<posy>0</posy>
				<height>70</height>
				<width>1190</width>
				<itemgap>15</itemgap>
				<align>left</align>
				<orientation>horizontal</orientation>
				<control type="label">
				  <include>TopBigLabel</include>
				  <label>$LOCALIZE[544]:</label>
				</control>
				<control type="label">
					<description>Play</description>
				  <include>TopSmallLabel</include>
          <label>$INFO[Control.GetLabel(8)]</label>
					<animation effect="fade" start="100" end="60" time="200" tween="cubic" easing="inout" condition="!Control.IsEnabled(8)" reversible="true">Conditional</animation>
					<animation effect="fade" start="100" end="70" time="200" tween="cubic" easing="inout" condition="!Control.HasFocus(8)" reversible="true">Conditional</animation>
          <animation effect="zoom" start="100" end="90" time="200" tween="cubic" easing="inout" center="auto" condition="!Control.HasFocus(8)" reversible="true">Conditional</animation>
          <visible>Control.IsEnabled(8)</visible>
				</control>
				<control type="label">
					<description>Cast/Review</description>
				  <include>TopSmallLabel</include>
          <label>$INFO[Control.GetLabel(105)]</label>
					<animation effect="fade" start="100" end="60" time="200" tween="cubic" easing="inout" condition="!Control.IsEnabled(105)" reversible="true">Conditional</animation>
					<animation effect="fade" start="100" end="70" time="200" tween="cubic" easing="inout" condition="!Control.HasFocus(105)" reversible="true">Conditional</animation>
          <animation effect="zoom"  start="100" end="90" time="200" tween="cubic" easing="inout" center="auto" condition="!Control.HasFocus(105)" reversible="true">Conditional</animation>
				</control>
				<control type="label">
					<description>Trailer</description>
				  <include>TopSmallLabel</include>
					<label>$INFO[Control.GetLabel(15)]</label>
					<animation effect="fade" start="100" end="60" time="200" tween="cubic" easing="inout" condition="!Control.IsEnabled(15)" reversible="true">Conditional</animation>
					<animation effect="fade" start="100" end="70" time="200" tween="cubic" easing="inout" condition="!Control.HasFocus(15)" reversible="true">Conditional</animation>
          <animation effect="zoom"  start="100" end="90" time="200" tween="cubic" easing="inout" center="auto" condition="!Control.HasFocus(15)" reversible="true">Conditional</animation>
					<visible>!IsEmpty(ListItem.Trailer)</visible>
				</control>
				<control type="label">
					<description>Refresh</description>
				  <include>TopSmallLabel</include>
          <label>$INFO[Control.GetLabel(6)]</label>
					<animation effect="fade" start="100" end="60" time="200" tween="cubic" easing="inout" condition="!Control.IsEnabled(6)" reversible="true">Conditional</animation>
					<animation effect="fade" start="100" end="70" time="200" tween="cubic" easing="inout" condition="!Control.HasFocus(6)" reversible="true">Conditional</animation>
          <animation effect="zoom"  start="100" end="90" time="200" tween="cubic" easing="inout" center="auto" condition="!Control.HasFocus(6)" reversible="true">Conditional</animation>
          <visible>Control.IsEnabled(6)</visible>
				</control>
			</control>
		</control>

    <!-- ================ -->
    <!-- Top Content Info -->
    <!-- ================ -->
		<control type="group">
			<posx>47</posx>
			<posy>70</posy>
	    <animation type="WindowOpen" reversible="false">
        <effect type="fade" start="0" end="100" time="300" tween="sine" easing="in"  />
        <effect type="slide" start="0,-55" end="0,0" time="350" tween="cubic" easing="out" />
	    </animation>
	    <animation type="WindowClose" condition="!Window.IsActive(shutdownmenu)" reversible="false">
        <effect type="fade" start="100" end="0" time="300" tween="sine" easing="out" />
        <effect type="slide" start="0,0" end="0,-55" time="350" tween="sine" easing="out" />
	    </animation>
	    <animation type="WindowClose" condition="Window.IsActive(shutdownmenu)" reversible="false">
        <effect type="fade" start="100" end="0" time="300" tween="sine" easing="out" />
        <effect type="slide" start="0,0" end="0,55" time="350" tween="sine" easing="out" />
	    </animation>
	    <animation type="Visible" reversible="false">
        <effect type="fade" start="0" end="100" time="300" tween="sine" easing="in"  />
        <effect type="slide" start="0,55" end="0,0" time="350" tween="cubic" easing="out" />
	    </animation>
	    <animation type="Hidden" reversible="false">
        <effect type="fade" start="100" end="0" time="300" tween="sine" easing="out" />
        <effect type="slide" start="0,0" end="0,55" time="350" tween="sine" easing="out" />
	    </animation>
			<control type="label">
				<width>300</width>
				<height>20</height>
				<font>FontSize_18</font>
				<textcolor>blue</textcolor>
				<scroll>false</scroll>
				<align>left</align>
				<aligny>center</aligny>
				<label>$VAR[VideoInfoContentInfoLabels]</label>
			</control>
		</control>

    <!-- Hidden Buttons -->
    <control type="button" id="5">
    	<visible>false</visible>
    </control>
    <control type="button" id="10">
    	<visible>false</visible>
    </control>
	</controls>
</window>
