<?xml version="1.0" encoding="UTF-8"?>
<window  id="0">
	<defaultcontrol always="true">20</defaultcontrol>	
	<onload>SetProperty(RefreshList,1,Home)</onload>
	<onload>RunScript(script.skinshortcuts,type=buildxml&amp;mode=single&amp;options=clonewidgets&amp;mainmenuID=20)</onload>
	<onload>RunScript(script.lastplayedalbums,type=Music,limit=10,method=Last,menu=Menu1)</onload>
	<onload>RunScript(script.lastplayedalbums,type=Music,limit=10,method=Last,menu=Menu1)</onload>
	<onload>RunScript(script.lastplayedalbums,type=Music,method=Last,limit=10,property=LastPlayed1)</onload>
  <allowoverlay>yes</allowoverlay>
  <backgroundcolor>0</backgroundcolor>
	<controls>		
		<include>BackgroundContent</include>
		<include>BackgroundVignette</include>		
		<control type="group">
			<animation type="Conditional" condition="Window.Previous(startup) + !Skin.HasSetting(KodiIntro.disabled) + !Skin.HasSetting(Use_Startup_Playlist)" reversible="false">
				<effect type="fade" start="0" end="100" time="1000" delay="10500" tween="sine" easing="in"  />					
			</animation>
			<include>HomeMenuWraplist</include>
			<include>HomeSubMenus</include>
			<include>CommonDialogsFadeOutBG</include>
			<include>CommonNowPlaying</include>
			<include>TopHomeMenu</include>
			<include>HomeWeatherAndClock</include>
			<include>FredHomeWidgets</include>
		</control>	
	</controls>	
</window>
