<?xml version="1.0" encoding="UTF-8"?>
<includes> 
	<!-- ====================== -->
	<!-- Main Home List Buttons -->
	<!-- ====================== -->
	<include name="HomeMenuWraplist">
		<control type="group">
			<visible allowhiddenfocus="true">!Window.IsActive(1110) + !Window.IsActive(1113) + !Window.IsActive(1114) + !Window.IsActive(1115) + !Window.IsActive(selectdialog) + !Window.IsActive(virtualkeyboard) + !Window.IsActive(ShutdownMenu) + !Window.IsActive(Favourites) + !Window.IsActive(ProgressDialog) + !Window.IsActive(PlayerControls) + !Window.IsActive(script-globalsearch-main.xml) + !Window.IsActive(script-ExtendedInfo Script-DialogInfo.xml) + !Window.IsActive(script-ExtendedInfo Script-DialogVideoInfo.xml) + !Window.IsActive(script-skinshortcuts.xml)</visible>
			<include>HomeSlideAnimations</include>
			<control type="group">
				<include>HomeSlideAnimations</include>
				<control type="image">
					<include>FullscreenDimensions</include>
					<texture background="true">windows/bg/colors_pulse.png</texture>
					<visible>!Skin.HasSetting(HomeMenuAnimation)</visible>
				</control>
				<control type="image">
					<height>720</height>
					<width>3280</width>
					<texture>windows/bg/colors_pulse.png</texture>
					<animation type="Conditional" condition="true" loop="true" reversible="false">
						<effect type="slide" start="0,0" end="-2000,0" time="20350" />
						<effect type="slide" start="0,0" end="2000,0" time="20350" delay="20350"/>
					</animation>
					<visible>Skin.HasSetting(HomeMenuAnimation)</visible>
				</control>					
				<control type="wraplist" id="20">
					<include>WidgetMainMenuSlideAnimations</include>
					<description>Home Container</description>
					<left>-10</left>
					<top>110</top>
					<width>1500</width>
					<height>720</height>
					<align>center</align>
					<onup condition="!Skin.HasSetting(DisableQuickNav) + StringCompare(Container(20).ListItem.Property(defaultID),movies) + IntegerGreaterThan(Container(250).NumItems,0)">SetFocus(250)</onup>
					<onup condition="!Skin.HasSetting(DisableQuickNav) + StringCompare(Container(20).ListItem.Property(defaultID),tvshows) + IntegerGreaterThan(Container(350).NumItems,0)">SetFocus(350)</onup>
					<onup condition="!Skin.HasSetting(DisableQuickNav) + StringCompare(Container(20).ListItem.Property(defaultID),music) + IntegerGreaterThan(Container(450).NumItems,0)">SetFocus(45)</onup>
					<onup condition="!Skin.HasSetting(DisableQuickNav) + SubString(Container(20).ListItem.Property(path),tuneinradio) + IntegerGreaterThan(Container(550).NumItems,0)">SetFocus(550)</onup>
					<onup condition="Skin.HasSetting(DisableQuickNav) | [![StringCompare(Container(20).ListItem.Property(defaultID),movies) + IntegerGreaterThan(Container(250).NumItems,0)] + ![StringCompare(Container(20).ListItem.Property(defaultID),tvshows) + IntegerGreaterThan(Container(350).NumItems,0)] + ![SubString(Container(20).ListItem.Property(path),tuneinradio) + IntegerGreaterThan(Container(550).NumItems,0)] + ![StringCompare(Container(20).ListItem.Property(defaultID),music) + IntegerGreaterThan(Container(450).NumItems,0)]]">SetFocus(21)</onup>
					<ondown condition="IntegerGreaterThan(Container(23).NumItems,0)">SetFocus(23)</ondown>
					<onleft>20</onleft>
					<onright>20</onright>
					<itemgap>0</itemgap>
					<orientation>horizontal</orientation>
					<focusposition>1</focusposition>
					<scrolltime tween="Quadratic" easing="out">300</scrolltime>
					<itemlayout width="400">
						<control type="label">
							<left>0</left>
							<top>200</top>
							<width>400</width>
							<textcolor>55white</textcolor>
							<shadowcolor>55000000</shadowcolor>
							<font>FontSize_65</font>
							<align>center</align>
							<label>$INFO[ListItem.Label]</label>
						</control>
					</itemlayout>
					<focusedlayout width="500">
						<control type="group">
							<animation type="Conditional" condition="!ControlGroup(21).HasFocus">
								<effect type="zoom" start="80" end="100" time="200" tween="sine" easing="out" center="318,200" />
								<effect type="fade" start="35" end="100" time="200" tween="sine" easing="out" />
							</animation>
							<control type="label">
								<left>-15</left>
								<top>200</top>
								<width>530</width>
								<textcolor>white</textcolor>
								<shadowcolor>55000000</shadowcolor>
								<font>FontSize_100</font>
								<align>center</align>
								<label>$INFO[ListItem.Label]</label>
							</control>
							<control type="group">
							<visible>Control.HasFocus(20)</visible>
							<animation effect="fade" time="250">Visible</animation>
							<animation effect="fade" time="0">Hidden</animation>
								<control type="image" id="201">
									<left>240</left>
									<top>265</top>
									<width>21</width>
									<height>18</height>
									<texture background="true">buttons/arrow.png</texture>
									<colordiffuse>CCFFFFFF</colordiffuse>
									<visible>!ControlGroup(21).HasFocus + !Control.HasFocus(23)</visible>
									<visible>IntegerGreaterThan(Container(23).NumItems,0)</visible>		          
									<animation effect="fade" time="100" reversible="false">Visible</animation>
									<animation effect="fade" time="100" reversible="false">Hidden</animation>
									<animation effect="slide" end="-12,0" time="200" condition="!Skin.HasSetting(DisableQuickNav) + [StringCompare(Container(20).ListItem.Property(defaultID),movies) + IntegerGreaterThan(Container(250).NumItems,0)] | [StringCompare(Container(20).ListItem.Property(defaultID),tvshows) + IntegerGreaterThan(Container(350).NumItems,0)] | [StringCompare(Container(20).ListItem.Property(defaultID),music) + IntegerGreaterThan(Container(450).NumItems,0)] | [SubString(Container(20).ListItem.Property(path),tuneinradio) + IntegerGreaterThan(Container(550).NumItems,0)]" reversible="false">Conditional</animation>
									
									<animation type="Conditional" condition="Skin.HasSetting(HomeMenuArrowAnimation)" pulse="true">
										<effect type="fade" start="0" end="100" delay="900" time="900"  />
										<effect type="slide" start="0,-2" end="0,4" tween="sine" easing="inout" delay="900" time="900" />
									</animation>
									
								</control>
								<control type="image" id="202">
									<left>240</left>
									<top>265</top>
									<width>21</width>
									<height>18</height>
									<texture background="true">buttons/arrow_top.png</texture>
									<colordiffuse>CCFFFFFF</colordiffuse>brawl
									<visible>!Skin.HasSetting(DisableQuickNav) + !Control.HasFocus(250) + !Control.HasFocus(350) + !Control.HasFocus(450) + !Control.HasFocus(45) + !Control.HasFocus(550)</visible>
									<visible>!Skin.HasSetting(DisableQuickNav) + [StringCompare(Container(20).ListItem.Property(defaultID),movies) + IntegerGreaterThan(Container(250).NumItems,0)] | [StringCompare(Container(20).ListItem.Property(defaultID),tvshows) + IntegerGreaterThan(Container(350).NumItems,0)] | [StringCompare(Container(20).ListItem.Property(defaultID),music) + IntegerGreaterThan(Container(450).NumItems,0)] | [SubString(Container(20).ListItem.Property(path),tuneinradio) + IntegerGreaterThan(Container(550).NumItems,0)]</visible>		          
									<animation effect="fade" time="100" reversible="false">Visible</animation>
									<animation effect="fade" time="100" reversible="false">Hidden</animation>
									<animation effect="slide" end="12,0" time="200" condition="IntegerGreaterThan(Container(23).NumItems,0)" reversible="false">Conditional</animation>
									
									<animation type="Conditional" condition="Skin.HasSetting(HomeMenuArrowAnimation)" pulse="true">
										<effect type="fade" start="0" end="100" delay="900" time="900"  />
										<effect type="slide" start="0,2" end="0,-4" tween="sine" easing="inout" delay="900" time="900" />
									</animation>
									
								</control>
							</control>							
						</control>
					</focusedlayout>
					<content>
						<include>skinshortcuts-mainmenu</include>
					</content>
				</control>
			</control>		  
		</control>
	</include>

	<!-- =========== -->
	<!-- Widgets	   -->
	<!-- =========== --> 
	<include name="FredHomeWidgets">
	
		<control type="group" id="9050">
			<include>HomeMoviesWidgetAnimation</include>			
			<visible>![Window.IsActive(1110) | Window.IsActive(1113) | Window.IsActive(1114) | Window.IsActive(1115) | Window.IsActive(ShutdownMenu) | Window.IsActive(ProgressDialog) | Window.IsActive(PlayerControls) | Window.IsActive(Favourites) | Window.IsActive(script-skinshortcuts.xml) | Window.IsActive(script-globalsearch-main.xml) | Window.IsActive(script-ExtendedInfo Script-DialogInfo.xml) | Window.IsActive(script-ExtendedInfo Script-DialogVideoInfo.xml)]</visible>	
			<control type="image">
				<include>FullscreenDimensions</include>
				<texture background="true">views/list/shine.png</texture>					
			</control>
			<control type="label">
				<description>header title</description>
				<left>275</left>
				<top>185</top>
				<height>50</height>
				<width>730</width>
				<font>FontSize_40</font>
				<textcolor>white</textcolor>
				<shadowcolor>77000000</shadowcolor>
				<align>center</align>
				<aligny>center</aligny>
				<scroll>false</scroll>
				<label>$VAR[QuickNavWidgetHeaderTitle]</label>
			</control>
			<control type="group">
				<description>arrows left right</description>
				<visible>IntegerGreaterThan(Container(250).NumItems,5)</visible>		          
				<animation effect="fade" time="500" reversible="false">Visible</animation>
				<animation effect="fade" time="500" reversible="false">Hidden</animation>
				<left>246</left>
				<top>337</top>
				<width>788</width>
				<height>25</height>
				<control type="image">  					
					<left>0</left>
					<width>25</width>
					<height>25</height>
					<texture background="true">buttons/arrow_left.png</texture>
					<colordiffuse>CCFFFFFF</colordiffuse>						
				</control>
				<control type="image">  					
					<left>763</left>
					<width>25</width>
					<height>25</height>
					<texture background="true">buttons/arrow_right.png</texture>
					<colordiffuse>CCFFFFFF</colordiffuse>						
				</control>
			</control>
			<control type="fixedlist" id="250">
				<left>271</left>
				<top>262</top>
				<width>738</width>
				<height>360</height>
				<preloaditems>3</preloaditems>
				<focusposition>0</focusposition>
				<onup>SetFocus(21)</onup>
				<ondown>SetFocus(20)</ondown>
				<onback>SetFocus(20)</onback>
				<movement>4</movement>
				<orientation>horizontal</orientation>
				<scrolltime tween="Quadratic" easing="out">300</scrolltime>
				<itemlayout height="200" width="144">
					<control type="image">
						<left>24</left>
						<top>5</top>
						<width>115</width>
						<height>166</height>
						<aspectratio align="center" aligny="center" scalediffuse="false">stretch</aspectratio>
						<texture background="true" diffuse="osd/widgets/poster_diffuse.png">thumbs/thumb_back.png</texture>
						<fadetime>800</fadetime>
					</control>
					<control type="image">
						<left>24</left>
						<top>5</top>
						<width>115</width>
						<height>166</height>
						<aspectratio align="center" aligny="center" scalediffuse="false">scale</aspectratio>
						<texture background="true" fallback="thumbs/fallback_poster_tp.png" diffuse="osd/widgets/poster_diffuse.png">$VAR[QuickNavWidgetThumb]</texture>
						<fadetime>800</fadetime>
					</control>
					<control type="image">
						<left>17</left>
						<top>-2</top>
						<width>129</width>
						<height>180</height>
						<texture background="true">osd/widgets/poster_overlay.png</texture>
						<aspectratio align="center" aligny="center">stretch</aspectratio>
						<fadetime>800</fadetime>
					</control>
				</itemlayout>
				<focusedlayout height="200" width="144">
					<control type="image">
						<left>24</left>
						<top>5</top>
						<width>115</width>
						<height>166</height>
						<aspectratio align="center" aligny="center" scalediffuse="false">stretch</aspectratio>
						<texture background="true" diffuse="osd/widgets/poster_diffuse.png">thumbs/thumb_back.png</texture>
						<fadetime>800</fadetime>
					</control>
					<control type="image">
						<left>24</left>
						<top>5</top>
						<width>115</width>
						<height>166</height>
						<aspectratio align="center" aligny="center" scalediffuse="false">scale</aspectratio>
						<texture background="true" fallback="thumbs/fallback_poster_tp.png" diffuse="osd/widgets/poster_diffuse.png">$VAR[QuickNavWidgetThumb]</texture>
						<fadetime>800</fadetime>
					</control>
					<control type="image">
						<left>17</left>
						<top>-2</top>
						<width>129</width>
						<height>180</height>
						<texture background="true">osd/widgets/poster_overlay.png</texture>
						<aspectratio align="center" aligny="center">stretch</aspectratio>
						<fadetime>800</fadetime>
					</control>
					<control type="image">
						<left>17</left>
						<top>-2</top>
						<width>129</width>
						<height>180</height>
						<aspectratio align="center" aligny="center">stretch</aspectratio>
						<texture>osd/widgets/poster_focus.png</texture>
						<animation type="Focus">
							<effect type="zoom" start="95" end="100" time="200" tween="sine" easing="inout" center="auto" />
							<effect type="fade" start="0" end="100" time="200" tween="sine" easing="in" />
						</animation>
						<animation type="Unfocus">
							<effect type="zoom" start="100" end="95" time="200" tween="sine" easing="inout" center="auto" />
							<effect type="fade" start="100" end="0" time="200" tween="sine" easing="out" />
						</animation>
					</control>
				</focusedlayout>
				<content>$VAR[QuickNav_WidgetListContentMovies]</content>
			</control>
			<control type="button">
				<left>288</left>
				<top>445</top>
				<width>707</width>
				<height>35</height>
				<font>FontSize_22</font>
				<textcolor>bbwhite</textcolor>
				<focusedcolor>bbwhite</focusedcolor>
				<disabledcolor>bbwhite</disabledcolor>
				<shadowcolor>77000000</shadowcolor>
				<texturefocus>-</texturefocus>
				<texturenofocus>-</texturenofocus>
				<align>left</align>
				<aligny>top</aligny>
				<label>$VAR[QuickNavWidgetListItemLabel]</label>
				<label2>$VAR[QuickNavWidgetListItemLabel2]</label2>
			</control>
		</control>

		<control type="group" id="9060">
			<include>HomeTVShowsWidgetAnimation</include>			
			<visible>![Window.IsActive(1110) | Window.IsActive(1113) | Window.IsActive(1114) | Window.IsActive(1115) | Window.IsActive(ShutdownMenu) | Window.IsActive(ProgressDialog) | Window.IsActive(PlayerControls) | Window.IsActive(Favourites) | Window.IsActive(script-skinshortcuts.xml) | Window.IsActive(script-globalsearch-main.xml) | Window.IsActive(script-ExtendedInfo Script-DialogInfo.xml) | Window.IsActive(script-ExtendedInfo Script-DialogVideoInfo.xml)]</visible>	
			<control type="image">
				<include>FullscreenDimensions</include>
				<texture background="true">views/list/shine.png</texture>					
			</control>
			<control type="label">
				<description>header title</description>
				<left>275</left>
				<top>185</top>
				<height>50</height>
				<width>730</width>
				<font>FontSize_40</font>
				<textcolor>white</textcolor>
				<shadowcolor>77000000</shadowcolor>
				<align>center</align>
				<aligny>center</aligny>
				<scroll>false</scroll>
				<label>$VAR[QuickNavWidgetHeaderTitle]</label>
			</control>
			<control type="group">
				<description>arrows left right</description>
				<visible>IntegerGreaterThan(Container(350).NumItems,5)</visible>		          
				<animation effect="fade" time="500" reversible="false">Visible</animation>
				<animation effect="fade" time="500" reversible="false">Hidden</animation>
				<left>246</left>
				<top>337</top>
				<width>788</width>
				<height>25</height>
				<control type="image">  					
					<left>0</left>
					<width>25</width>
					<height>25</height>
					<texture background="true">buttons/arrow_left.png</texture>
					<colordiffuse>CCFFFFFF</colordiffuse>						
				</control>
				<control type="image">  					
					<left>763</left>
					<width>25</width>
					<height>25</height>
					<texture background="true">buttons/arrow_right.png</texture>
					<colordiffuse>CCFFFFFF</colordiffuse>						
				</control>
			</control>
			<control type="fixedlist" id="350">
				<left>271</left>
				<top>262</top>
				<width>738</width>
				<height>360</height>
				<preloaditems>3</preloaditems>
				<focusposition>0</focusposition>
				<onup>SetFocus(21)</onup>
				<ondown>SetFocus(20)</ondown>
				<onback>SetFocus(20)</onback>
				<movement>4</movement>
				<orientation>horizontal</orientation>
				<scrolltime tween="Quadratic" easing="out">300</scrolltime>
				<itemlayout height="200" width="144">
					<control type="image">
						<left>24</left>
						<top>5</top>
						<width>115</width>
						<height>166</height>
						<aspectratio align="center" aligny="center" scalediffuse="false">stretch</aspectratio>
						<texture background="true" diffuse="osd/widgets/poster_diffuse.png">thumbs/thumb_back.png</texture>
						<fadetime>800</fadetime>
					</control>
					<control type="image">
						<left>24</left>
						<top>5</top>
						<width>115</width>
						<height>166</height>
						<aspectratio align="center" aligny="center" scalediffuse="false">scale</aspectratio>
						<texture background="true" fallback="thumbs/fallback_poster_tp.png" diffuse="osd/widgets/poster_diffuse.png">$VAR[QuickNavWidgetThumb]</texture>
						<fadetime>800</fadetime>
					</control>
					<control type="image">
						<left>17</left>
						<top>-2</top>
						<width>129</width>
						<height>180</height>
						<texture background="true">osd/widgets/poster_overlay.png</texture>
						<aspectratio align="center" aligny="center">stretch</aspectratio>
						<fadetime>800</fadetime>
					</control>
				</itemlayout>
				<focusedlayout height="200" width="144">
					<control type="image">
						<left>24</left>
						<top>5</top>
						<width>115</width>
						<height>166</height>
						<aspectratio align="center" aligny="center" scalediffuse="false">stretch</aspectratio>
						<texture background="true" diffuse="osd/widgets/poster_diffuse.png">thumbs/thumb_back.png</texture>
						<fadetime>800</fadetime>
					</control>
					<control type="image">
						<left>24</left>
						<top>5</top>
						<width>115</width>
						<height>166</height>
						<aspectratio align="center" aligny="center" scalediffuse="false">scale</aspectratio>
						<texture background="true" fallback="thumbs/fallback_poster_tp.png" diffuse="osd/widgets/poster_diffuse.png">$VAR[QuickNavWidgetThumb]</texture>
						<fadetime>800</fadetime>
					</control>
					<control type="image">
						<left>17</left>
						<top>-2</top>
						<width>129</width>
						<height>180</height>
						<texture background="true">osd/widgets/poster_overlay.png</texture>
						<aspectratio align="center" aligny="center">stretch</aspectratio>
						<fadetime>800</fadetime>
					</control>
					<control type="image">
						<left>17</left>
						<top>-2</top>
						<width>129</width>
						<height>180</height>
						<aspectratio align="center" aligny="center">stretch</aspectratio>
						<texture>osd/widgets/poster_focus.png</texture>
						<animation type="Focus">
							<effect type="zoom" start="95" end="100" time="200" tween="sine" easing="inout" center="auto" />
							<effect type="fade" start="0" end="100" time="200" tween="sine" easing="in" />
						</animation>
						<animation type="Unfocus">
							<effect type="zoom" start="100" end="95" time="200" tween="sine" easing="inout" center="auto" />
							<effect type="fade" start="100" end="0" time="200" tween="sine" easing="out" />
						</animation>
					</control>
				</focusedlayout>
				<content>$VAR[QuickNav_WidgetListContentTVShows]</content>
			</control>
			<control type="button">
				<left>288</left>
				<top>445</top>
				<width>707</width>
				<height>35</height>
				<font>FontSize_22</font>
				<textcolor>bbwhite</textcolor>
				<focusedcolor>bbwhite</focusedcolor>
				<disabledcolor>bbwhite</disabledcolor>
				<shadowcolor>77000000</shadowcolor>
				<texturefocus>-</texturefocus>
				<texturenofocus>-</texturenofocus>
				<align>left</align>
				<aligny>top</aligny>
				<label>$VAR[QuickNavWidgetListItemLabel]</label>
				<label2>$VAR[QuickNavWidgetListItemLabel2]</label2>
			</control>
		</control>

		<control type="group" id="9070">
			<include>HomeMusicWidgetAnimation</include>			
			<visible>![Window.IsActive(1110) | Window.IsActive(1113) | Window.IsActive(1114) | Window.IsActive(1115) | Window.IsActive(ShutdownMenu) | Window.IsActive(ProgressDialog) | Window.IsActive(PlayerControls) | Window.IsActive(Favourites) | Window.IsActive(script-skinshortcuts.xml) | Window.IsActive(script-globalsearch-main.xml) | Window.IsActive(script-ExtendedInfo Script-DialogInfo.xml) | Window.IsActive(script-ExtendedInfo Script-DialogVideoInfo.xml)]</visible>	
			<control type="image">
				<include>FullscreenDimensions</include>
				<texture background="true">views/list/shine.png</texture>					
			</control>
			<control type="label">
				<description>header title</description>
				<left>275</left>
				<top>185</top>
				<height>50</height>
				<width>730</width>
				<font>FontSize_40</font>
				<textcolor>white</textcolor>
				<shadowcolor>77000000</shadowcolor>
				<align>center</align>
				<aligny>center</aligny>
				<scroll>false</scroll>
				<label>$VAR[QuickNavWidgetHeaderTitle]</label>
			</control>
			<control type="group">
				<description>arrows left right</description>
				<visible>IntegerGreaterThan(Container(450).NumItems,4)</visible>		          
				<animation effect="fade" time="500" reversible="false">Visible</animation>
				<animation effect="fade" time="500" reversible="false">Hidden</animation>
				<left>246</left>
				<top>337</top>
				<width>788</width>
				<height>25</height>
				<control type="image">  					
					<left>0</left>
					<width>25</width>
					<height>25</height>
					<texture background="true">buttons/arrow_left.png</texture>
					<colordiffuse>CCFFFFFF</colordiffuse>						
				</control>
				<control type="image">  					
					<left>763</left>
					<width>25</width>
					<height>25</height>
					<texture background="true">buttons/arrow_right.png</texture>
					<colordiffuse>CCFFFFFF</colordiffuse>						
				</control>
			</control>
			<control type="button" id="45">
				<description>invisible control button for music widgets</description>
				<onleft>Control.Move(450,-1)</onleft>
				<onright>Control.Move(450,1)</onright>
				<onup>SetFocus(21)</onup>
				<ondown>SetFocus(20)</ondown>
				<onback>SetFocus(20)</onback>				
				<onclick condition="stringcompare(Skin.String(QuickNavWidgetMusicType),4)">ActivateWindow(videos,plugin://plugin.video.youtube/kodion/search/query/?q=$INFO[Container(450).ListItem.Label],return)</onclick>
				<onclick condition="stringcompare(Skin.String(QuickNavWidgetMusicType),5) + !IsEmpty(Container(450).ListItem.DBID)">RunScript(script.playalbum,albumid=$INFO[Container(450).ListItem.DBID])</onclick>
				<!--<onclick condition="stringcompare(Skin.String(QuickNavWidgetMusicType),5) + IsEmpty(Container(450).ListItem.DBID)">ActivateWindow(music,musicdb://recentlyplayedalbums/-1/)</onclick>-->
				<onclick condition="stringcompare(Skin.String(QuickNavWidgetMusicType),5) + IsEmpty(Container(450).ListItem.DBID)">PlayMedia("musicdb://recentlyplayedalbums/-1/")</onclick>
				<onclick condition="!stringcompare(Skin.String(QuickNavWidgetMusicType),4) + !stringcompare(Skin.String(QuickNavWidgetMusicType),5)">SetFocus(450)</onclick>
				<onclick condition="!stringcompare(Skin.String(QuickNavWidgetMusicType),4) + !stringcompare(Skin.String(QuickNavWidgetMusicType),5)">Select</onclick>
				<include>TopButton</include>
			</control>
			<control type="fixedlist" id="450">
				<left>275</left>
				<top>262</top>
				<width>734</width>
				<height>360</height>
				<preloaditems>3</preloaditems>
				<focusposition>0</focusposition>
				<onup>SetFocus(21)</onup>
				<ondown>SetFocus(20)</ondown>
				<onback>SetFocus(20)</onback>
				<movement>3</movement>
				<orientation>horizontal</orientation>
				<scrolltime tween="Quadratic" easing="out">300</scrolltime>
				<itemlayout height="200" width="180">
					<control type="image">
						<left>20</left>
						<top>5</top>
						<width>154</width>
						<height>154</height>
						<aspectratio align="center" aligny="center" scalediffuse="false">stretch</aspectratio>
						<texture background="true" diffuse="osd/widgets/square_diffuse.png">thumbs/thumb_back.png</texture>
						<fadetime>800</fadetime>
					</control>
					<control type="image">
						<left>20</left>
						<top>5</top>
						<width>154</width>
						<height>154</height>
						<aspectratio align="center" aligny="center" scalediffuse="false">scale</aspectratio>
						<texture background="true" fallback="thumbs/fallback_square_tp.png" diffuse="osd/widgets/square_diffuse.png">$VAR[QuickNavWidgetThumb]</texture>
						<fadetime>800</fadetime>
					</control>
					<control type="image">
						<left>14</left>
						<top>-1</top>
						<width>165</width>
						<height>165</height>
						<texture background="true">osd/widgets/square_overlay.png</texture>
						<aspectratio align="center" aligny="center">stretch</aspectratio>
						<fadetime>800</fadetime>
					</control>
				</itemlayout>
				<focusedlayout height="200" width="180">
					<control type="image">
						<left>20</left>
						<top>5</top>
						<width>154</width>
						<height>154</height>
						<aspectratio align="center" aligny="center" scalediffuse="false">stretch</aspectratio>
						<texture background="true" diffuse="osd/widgets/square_diffuse.png">thumbs/thumb_back.png</texture>
						<fadetime>800</fadetime>
					</control>
					<control type="image">
						<left>20</left>
						<top>5</top>
						<width>154</width>
						<height>154</height>
						<aspectratio align="center" aligny="center" scalediffuse="false">scale</aspectratio>
						<texture background="true" fallback="thumbs/fallback_square_tp.png" diffuse="osd/widgets/square_diffuse.png">$VAR[QuickNavWidgetThumb]</texture>
						<fadetime>800</fadetime>
					</control>
					<control type="image">
						<left>14</left>
						<top>-1</top>
						<width>165</width>
						<height>165</height>
						<texture background="true">osd/widgets/square_overlay.png</texture>
						<aspectratio align="center" aligny="center">stretch</aspectratio>
						<fadetime>800</fadetime>
					</control>
					<control type="image">
						<left>14</left>
						<top>-1</top>
						<width>165</width>
						<height>165</height>
						<aspectratio align="center" aligny="center">stretch</aspectratio>
						<texture border="3,2,3,2">osd/widgets/square_focus.png</texture>
						<animation type="Focus">
							<effect type="zoom" start="95" end="100" time="200" tween="sine" easing="inout" center="auto" />
							<effect type="fade" start="0" end="100" time="200" tween="sine" easing="in" />
						</animation>
						<animation type="Unfocus">
							<effect type="zoom" start="100" end="95" time="200" tween="sine" easing="inout" center="auto" />
							<effect type="fade" start="100" end="0" time="200" tween="sine" easing="out" />
						</animation>
					</control>
				</focusedlayout>
				<content target="music">$VAR[QuickNav_WidgetListContentMusic]</content>
			</control>
			<control type="button">
				<left>288</left>
				<top>445</top>
				<width>707</width>
				<height>35</height>
				<font>FontSize_22</font>
				<textcolor>bbwhite</textcolor>
				<focusedcolor>bbwhite</focusedcolor>
				<disabledcolor>bbwhite</disabledcolor>
				<shadowcolor>77000000</shadowcolor>
				<texturefocus>-</texturefocus>
				<texturenofocus>-</texturenofocus>
				<align>left</align>
				<aligny>top</aligny>
				<label>$VAR[QuickNavWidgetListItemLabel]</label>
				<label2>$VAR[QuickNavWidgetListItemLabel2]</label2>
			</control>
		</control>

		<control type="group" id="9080">
			<description>tunein radio widget</description>
			<include>HomeTuneInWidgetAnimation</include>
			<visible>![Window.IsActive(1110) | Window.IsActive(1113) | Window.IsActive(1114) | Window.IsActive(1115) | Window.IsActive(ShutdownMenu) | Window.IsActive(ProgressDialog) | Window.IsActive(PlayerControls) | Window.IsActive(Favourites) | Window.IsActive(script-skinshortcuts.xml) | Window.IsActive(script-globalsearch-main.xml) | Window.IsActive(script-ExtendedInfo Script-DialogInfo.xml) | Window.IsActive(script-ExtendedInfo Script-DialogVideoInfo.xml)]</visible>			
			<control type="image">
				<include>FullscreenDimensions</include>
				<texture background="true">views/list/shine.png</texture>					
			</control>
			<control type="label">
				<description>header title</description>
				<left>275</left>
				<top>185</top>
				<height>50</height>
				<width>730</width>
				<font>FontSize_40</font>
				<textcolor>white</textcolor>
				<shadowcolor>77000000</shadowcolor>
				<align>center</align>
				<aligny>center</aligny>
				<scroll>false</scroll>
				<label>$VAR[QuickNavWidgetHeaderTitle]</label>
			</control>
			<control type="group">
				<description>arrows left right</description>
				<visible>IntegerGreaterThan(Container(550).NumItems,4)</visible>		          
				<animation effect="fade" time="500" reversible="false">Visible</animation>
				<animation effect="fade" time="500" reversible="false">Hidden</animation>
				<left>246</left>
				<top>337</top>
				<width>788</width>
				<height>25</height>
				<control type="image">  					
					<left>0</left>
					<width>25</width>
					<height>25</height>
					<texture background="true">buttons/arrow_left.png</texture>
					<colordiffuse>CCFFFFFF</colordiffuse>						
				</control>
				<control type="image">  					
					<left>763</left>
					<width>25</width>
					<height>25</height>
					<texture background="true">buttons/arrow_right.png</texture>
					<colordiffuse>CCFFFFFF</colordiffuse>						
				</control>
			</control>
			<control type="fixedlist" id="550">
				<left>275</left>
				<top>262</top>
				<width>734</width>
				<height>360</height>
				<preloaditems>3</preloaditems>
				<focusposition>0</focusposition>
				<onup>SetFocus(21)</onup>
				<ondown>SetFocus(20)</ondown>
				<onback>SetFocus(20)</onback>
				<movement>3</movement>
				<orientation>horizontal</orientation>
				<scrolltime tween="Quadratic" easing="out">300</scrolltime>
				<itemlayout height="200" width="180">
					<control type="image">
						<left>20</left>
						<top>5</top>
						<width>154</width>
						<height>154</height>
						<aspectratio align="center" aligny="center" scalediffuse="false">stretch</aspectratio>
						<texture background="true" diffuse="osd/widgets/square_diffuse.png">thumbs/thumb_back.png</texture>
						<fadetime>800</fadetime>
					</control>
					<control type="image">
						<left>20</left>
						<top>5</top>
						<width>154</width>
						<height>154</height>
						<aspectratio align="center" aligny="center" scalediffuse="false">scale</aspectratio>
						<texture background="true" fallback="thumbs/fallback_square_tp.png" diffuse="osd/widgets/square_diffuse.png">$VAR[QuickNavWidgetThumb]</texture>
						<fadetime>800</fadetime>
					</control>
					<control type="image">
						<left>14</left>
						<top>-1</top>
						<width>165</width>
						<height>165</height>
						<texture background="true">osd/widgets/square_overlay.png</texture>
						<aspectratio align="center" aligny="center">stretch</aspectratio>
						<fadetime>800</fadetime>
					</control>
				</itemlayout>
				<focusedlayout height="200" width="180">
					<control type="image">
						<left>20</left>
						<top>5</top>
						<width>154</width>
						<height>154</height>
						<aspectratio align="center" aligny="center" scalediffuse="false">stretch</aspectratio>
						<texture background="true" diffuse="osd/widgets/square_diffuse.png">thumbs/thumb_back.png</texture>
						<fadetime>800</fadetime>
					</control>
					<control type="image">
						<left>20</left>
						<top>5</top>
						<width>154</width>
						<height>154</height>
						<aspectratio align="center" aligny="center" scalediffuse="false">scale</aspectratio>
						<texture background="true" fallback="thumbs/fallback_square_tp.png" diffuse="osd/widgets/square_diffuse.png">$VAR[QuickNavWidgetThumb]</texture>
						<fadetime>800</fadetime>
					</control>
					<control type="image">
						<left>14</left>
						<top>-1</top>
						<width>165</width>
						<height>165</height>
						<texture background="true">osd/widgets/square_overlay.png</texture>
						<aspectratio align="center" aligny="center">stretch</aspectratio>
						<fadetime>800</fadetime>
					</control>
					<control type="image">
						<left>14</left>
						<top>-1</top>
						<width>165</width>
						<height>165</height>
						<aspectratio align="center" aligny="center">stretch</aspectratio>
						<texture border="3,2,3,2">osd/widgets/square_focus.png</texture>
						<animation type="Focus">
							<effect type="zoom" start="95" end="100" time="200" tween="sine" easing="inout" center="auto" />
							<effect type="fade" start="0" end="100" time="200" tween="sine" easing="in" />
						</animation>
						<animation type="Unfocus">
							<effect type="zoom" start="100" end="95" time="200" tween="sine" easing="inout" center="auto" />
							<effect type="fade" start="100" end="0" time="200" tween="sine" easing="out" />
						</animation>
					</control>
				</focusedlayout>
				<content>$VAR[QuickNav_WidgetListContentTuneIn]</content>
			</control>
			<control type="button">
				<left>288</left>
				<top>445</top>
				<width>707</width>
				<height>35</height>
				<font>FontSize_22</font>
				<textcolor>bbwhite</textcolor>
				<focusedcolor>bbwhite</focusedcolor>
				<disabledcolor>bbwhite</disabledcolor>
				<shadowcolor>77000000</shadowcolor>
				<texturefocus>-</texturefocus>
				<texturenofocus>-</texturenofocus>
				<align>left</align>
				<aligny>top</aligny>
				<label>$VAR[QuickNavWidgetListItemLabel]</label>
				<label2>$VAR[QuickNavWidgetListItemLabel2]</label2>
			</control>
		</control>

	</include>

	<!-- =========== -->
	<!-- TopHomeMenu -->
	<!-- =========== -->
	<include name="TopHomeMenu">
		<control type="group">
			<left>45</left>
			<top>25</top>
			<visible>![Window.IsActive(1113) | Window.IsActive(1114) | Window.IsActive(1115) | Window.IsActive(ShutdownMenu) | Window.IsActive(ContextMenu) | Window.IsActive(script-globalsearch-main.xml) | Window.IsActive(Favourites)]</visible>
			<include>HomeSlideAnimations</include>
			<control type="grouplist" id="21">
				<left>0</left>
				<top>0</top>
				<height>0</height>
				<width>0</width>
				<itemgap>0</itemgap>
				<onleft>21</onleft>
				<onright>21</onright>
				<onup>20</onup>
				<ondown>20</ondown>
				<align>left</align>
				<orientation>horizontal</orientation>
				<control type="button" id="210">
					<description>Favorites</description>
					<include>TopButton</include>
					<onclick>SetFocus(20)</onclick>
					<onclick>ActivateWindow(favourites)</onclick>
				</control>
				<control type="button" id="211">
					<description>Search</description>
					<include>TopButton</include>
					<onclick>SetFocus(20)</onclick>
					<onclick>RunScript(script.globalsearch)</onclick>
				</control>
				<control type="button" id="212">
					<description>Power</description>
					<include>TopButton</include>
					<onclick>SetFocus(20)</onclick>
					<onclick>ActivateWindow(shutdownmenu)</onclick>
				</control>
			</control>
			<control type="grouplist">
				<left>0</left>
				<top>0</top>
				<height>70</height>
				<width>1190</width>
				<itemgap>20</itemgap>
				<align>left</align>
				<orientation>horizontal</orientation>
				<include>HomeSlideAnimations</include>
				<control type="label">
					<include>TopBigLabel</include>
					<label>10000</label>
				</control>
				<control type="label">
					<include>TopSmallLabel</include>
					<label>$LOCALIZE[1036]</label>
					<animation effect="fade" start="100" end="70" time="100" tween="sine" easing="in" condition="!Control.HasFocus(210)" reversible="true">Conditional</animation>
					<animation effect="zoom"  start="100" end="95" time="100" tween="sine" easing="in" center="auto" condition="!Control.HasFocus(210)" reversible="true">Conditional</animation>
				</control>
				<control type="label">
					<include>TopSmallLabel</include>
					<label>$LOCALIZE[137]</label>
					<animation effect="fade" start="100" end="70" time="100" tween="sine" easing="in" condition="!Control.HasFocus(211)" reversible="true">Conditional</animation>
					<animation effect="zoom"  start="100" end="95" time="100" tween="sine" easing="in" center="auto" condition="!Control.HasFocus(211)" reversible="true">Conditional</animation>
				</control>
				<control type="label">
					<include>TopSmallLabel</include>
					<label>$LOCALIZE[33060]</label>
					<animation effect="fade" start="100" end="70" time="100" tween="sine" easing="in" condition="!Control.HasFocus(212)" reversible="true">Conditional</animation>
					<animation effect="zoom"  start="100" end="95" time="100" tween="sine" easing="in" center="auto" condition="!Control.HasFocus(212)" reversible="true">Conditional</animation>
				</control>
			</control>
			<control type="group">
				<visible>Skin.HasSetting(ShowLibraryTotals)</visible>
				<animation effect="slide" end="-3,3" reversible="false" condition="stringcompare(System.Language,Greek) | stringcompare(System.Language,Italian)">Conditional</animation>
				<include>HomeSlideAnimations</include>
				<control type="fadelabel">
					<left>3</left>
					<top>45</top>
					<width>500</width>
					<height>20</height>
					<font>FontSize_18</font>
					<textcolor>blue</textcolor>
					<shadowcolor>55000000</shadowcolor>
					<align>left</align>
					<aligny>center</aligny>
					<label>$INFO[Window(Home).Property(Movies.Count),$LOCALIZE[20342]: ]</label>
					<label>$INFO[Window(Home).Property(TVShows.Count),$LOCALIZE[31002]: ]</label>
					<label>$INFO[Window(Home).Property(Music.AlbumsCount),$LOCALIZE[132]: ]</label>
					<label>$INFO[Window(Home).Property(Music.SongsCount),$LOCALIZE[134]: ]</label>
					<scroll>false</scroll>
					<scrollout>false</scrollout>
					<scrollspeed>100</scrollspeed>
					<pauseatend>8000</pauseatend>
				</control>
			</control>
		</control>
	</include>

</includes>>