<?xml version='1.0' encoding='UTF-8'?>
<shortcuts>
	<shortcut>
		<label>20077</label>
		<label2 />
		<defaultID>20077</defaultID>
		<icon />
		<thumb />
		<action>ActivateWindow(SkinSettings)</action>
	</shortcut>
	<shortcut>
		<label>480</label>
		<label2 />
		<defaultID>480</defaultID>
		<icon />
		<thumb />
		<action>ActivateWindow(AppearanceSettings)</action>
	</shortcut>
	<shortcut>
		<label>3</label>
		<label2 />
		<defaultID>3</defaultID>
		<icon />
		<thumb />
		<action>ActivateWindow(VideosSettings)</action>
	</shortcut>
	<shortcut>
		<label>31000</label>
		<label2 />
		<defaultID>31000</defaultID>
		<icon />
		<thumb />
		<action>ActivateWindow(PVRSettings)</action>
	</shortcut>
	<shortcut>
		<label>292</label>
		<label2 />
		<defaultID>292</defaultID>
		<icon />
		<thumb />
		<action>ActivateWindow(MusicSettings)</action>
	</shortcut>
	<shortcut>
		<label>1</label>
		<label2 />
		<defaultID>1</defaultID>
		<icon />
		<thumb />
		<action>ActivateWindow(PicturesSettings)</action>
	</shortcut>
	<shortcut>
		<label>8</label>
		<label2 />
		<defaultID>8</defaultID>
		<icon />
		<thumb />
		<action>ActivateWindow(WeatherSettings)</action>
	</shortcut>
	<shortcut>
		<label>24001</label>
		<label2 />
		<defaultID>24001</defaultID>
		<icon />
		<thumb />
		<action>ActivateWindow(AddonBrowser)</action>
	</shortcut>
	<shortcut>
		<label>14036</label>
		<label2 />
		<defaultID>14036</defaultID>
		<icon />
		<thumb />
		<action>ActivateWindow(ServiceSettings)</action>
	</shortcut>
	<shortcut>
		<label>13000</label>
		<label2 />
		<defaultID>13000</defaultID>
		<icon />
		<thumb />
		<action>ActivateWindow(SystemSettings)</action>
	</shortcut>
	<shortcut>
		<label>130</label>
		<label2 />
		<defaultID>130</defaultID>
		<icon />
		<thumb />
		<action>ActivateWindow(SystemInfo)</action>
	</shortcut>
	<shortcut>
		<label>13200</label>
		<label2 />
		<defaultID>13200</defaultID>
		<icon />
		<thumb />
		<action>ActivateWindow(Profiles)</action>
	</shortcut>
	<shortcut>
		<label>31016</label>
		<label2 />
		<defaultID>31016</defaultID>
		<icon />
		<thumb />
		<action>ActivateWindow(FileManager,return)</action>
	</shortcut>
</shortcuts>