<?xml version="1.0" encoding="UTF-8"?>
<includes> 

	<include name="DialogsButton">
			<description>Default Button</description>
			<height>47</height>
			<font>FontSize_20</font>
			<textcolor>77white</textcolor>
			<focusedcolor>white</focusedcolor>
		  <disabledcolor>33white</disabledcolor>
			<shadowcolor>99000000</shadowcolor>
			<texturefocus>buttons/focus.png</texturefocus>
			<texturenofocus>-</texturenofocus>
			<align>left</align>
			<aligny>top</aligny>
			<textoffsetx>10</textoffsetx>
			<textoffsety>10</textoffsety>
			<pulseonselect>false</pulseonselect>
	</include>
	<include name="DialogsRadioButton">
			<description>Default RadioButton</description>
			<height>47</height>
			<radiowidth>57</radiowidth>
			<radioheight>41</radioheight>
			<font>FontSize_20</font>
			<textcolor>77white</textcolor>
			<focusedcolor>white</focusedcolor>
		  <disabledcolor>33white</disabledcolor>
			<shadowcolor>99000000</shadowcolor>
			<texturefocus>buttons/focus.png</texturefocus>
			<texturenofocus>-</texturenofocus>
			<textureradioonfocus>buttons/radio_button_on.png</textureradioonfocus>
			<textureradioonnofocus>buttons/radio_button_on.png</textureradioonnofocus>
			<textureradioofffocus>buttons/radio_button_off.png</textureradioofffocus>
			<textureradiooffnofocus>buttons/radio_button_off.png</textureradiooffnofocus>
			<align>left</align>
			<aligny>top</aligny>
			<radioposx>490</radioposx>
			<textoffsetx>10</textoffsetx>
			<textoffsety>10</textoffsety>
			<pulseonselect>false</pulseonselect>
	</include>
	<include name="DialogsSpincontrolex">
			<description>Default SpinControlex</description>
			<height>47</height>
			<font>FontSize_20</font>
			<textcolor>77white</textcolor>
			<focusedcolor>white</focusedcolor>
		  <disabledcolor>33white</disabledcolor>
			<shadowcolor>99000000</shadowcolor>
			<texturefocus>buttons/focus.png</texturefocus>
			<texturenofocus>-</texturenofocus>
			<textureup>buttons/arrow_up_nf.png</textureup>
			<texturedown>buttons/arrow_down_nf.png</texturedown>
			<textureupfocus>buttons/arrow_up_fo.png</textureupfocus>
			<texturedownfocus>buttons/arrow_down_fo.png</texturedownfocus>
			<align>left</align>
			<aligny>top</aligny>
			<spinwidth>30</spinwidth>
			<spinheight>44</spinheight>
			<spinposx>7</spinposx>
			<textoffsetx>10</textoffsetx>
			<textoffsety>10</textoffsety>
			<reverse>yes</reverse>
			<pulseonselect>false</pulseonselect>
	</include>
	<include name="DialogsSliderex">
			<description>Default Slider</description>
			<height>47</height>
		  <font>FontSize_20</font>
			<textcolor>77white</textcolor>
			<focusedcolor>white</focusedcolor>
		  <disabledcolor>33white</disabledcolor>
			<shadowcolor>99000000</shadowcolor>
			<texturefocus>buttons/focus.png</texturefocus>
			<texturenofocus>-</texturenofocus>
			<texturesliderbar>osd/osd_slider_bg.png</texturesliderbar>
			<textureslidernib>osd/osd_slider_nib_nf.png</textureslidernib>
			<textureslidernibfocus>osd/osd_slider_nib_fo.png</textureslidernibfocus>
	    <align>left</align>
		  <aligny>top</aligny>
			<sliderwidth>200</sliderwidth>
			<sliderheight>25</sliderheight>
		  <textoffsetx>10</textoffsetx>
		  <textoffsety>10</textoffsety>
			<pulseonselect>false</pulseonselect>
	</include>
	<include name="DialogsSaveCancelButton">
			<width>170</width>
			<height>40</height>
			<aligny>top</aligny>
			<font>FontSize_20</font>
			<textwidth>120</textwidth>
			<textoffsetx>40</textoffsetx>
			<textoffsety>6</textoffsety>
			<textcolor>77white</textcolor>
			<focusedcolor>white</focusedcolor>
			<shadowcolor>99000000</shadowcolor>
	</include>
<!-- *NOT USED*
	<include name="DialogsButtonLabelNoFocus">
			<height>62</height>
			<width min="10" max="552">auto</width>
			<font>FontSize_20</font>
			<textcolor>white</textcolor>
			<shadowcolor>99000000</shadowcolor>
	    <align>left</align>
	    <aligny>center</aligny>
			<scroll>false</scroll>
	</include>
-->	
	<include name="KeyboardButton">
			<width>48</width>
			<height>48</height>
			<texturenofocus border="6,8,6,8">dialogs/keyboard/button_nf.png</texturenofocus>
			<texturefocus border="6,8,6,8">dialogs/keyboard/button_fo.png</texturefocus>
			<align>left</align>
			<aligny>top</aligny>
			<font>FontSize_16B</font>
			<textoffsetx>10</textoffsetx>
			<textoffsety>5</textoffsety>
			<textcolor>99grey</textcolor>
			<focusedcolor>white</focusedcolor>
	</include>
	<include name="KeyboardHiddenButton">
			<textcolor>-</textcolor>
			<focusedcolor>-</focusedcolor>
			<texturenofocus>-</texturenofocus>
			<texturefocus>-</texturefocus>
	</include>

	<include name="DialogsButtonsYesNo">
		 <width>150</width>
		 <height>40</height>
		 <font>FontSize_22</font>
		 <textcolor>88white</textcolor>
		 <focusedcolor>aawhite</focusedcolor>
		 <disabledcolor>44white</disabledcolor>
		 <shadowcolor>99000000</shadowcolor>
		 <align>center</align>
		 <aligny>top</aligny>
		 <textoffsety>4</textoffsety>
		 <texturefocus border="2">dialogs/buttons/button_fo.png</texturefocus>
		 <texturenofocus border="2">dialogs/buttons/button_nf.png</texturenofocus>
	</include>
	<include name="DialogsButtonsText">
		 <height>44</height>
		 <font>FontSize_22</font>
		 <textcolor>00000000</textcolor>
		 <focusedcolor>aawhite</focusedcolor>
		 <disabledcolor>00000000</disabledcolor>
		 <shadowcolor>99000000</shadowcolor>
		 <align>left</align>
		 <aligny>top</aligny>
		 <textwidth>100</textwidth>
		 <textoffsetx>45</textoffsetx>
		 <textoffsety>6</textoffsety>
  </include>
	<include name="DialogsHeaderLabel">
     <font>FontSize_36</font>
		 <textcolor>white</textcolor>
		 <shadowcolor>99000000</shadowcolor>
     <align>left</align>
     <aligny>center</aligny>
     <scroll>false</scroll>
  </include>

	<variable name="ContainerNumItems">
		<value condition="IntegerGreaterThan(Container(2).NumItems,0)">$INFO[Container(2).NumItems,, $LOCALIZE[31025]]</value>
		<value condition="IntegerGreaterThan(Container(3).NumItems,0)">$INFO[Container(3).NumItems,, $LOCALIZE[31025]]</value>
		<value condition="IntegerGreaterThan(Container(6).NumItems,0)">$INFO[Container(6).NumItems,, $LOCALIZE[31025]]</value>
		<value condition="IntegerGreaterThan(Container(20).NumItems,0)">$INFO[Container(20).NumItems,, $LOCALIZE[31025]]</value>
		<value condition="IntegerGreaterThan(Container(450).NumItems,0)">$INFO[Container(450).NumItems,, $LOCALIZE[31025]]</value>
		<value condition="IntegerGreaterThan(Container(211).NumItems,0)">$INFO[Container(211).NumItems,, $LOCALIZE[31025]]</value>
	</variable>


	<include name="DialogSelectBackground">
	  <control type="image">
			<left>347</left>
			<top>138</top>
		  <width>587</width>
		  <height>57</height>
		  <colordiffuse>blue</colordiffuse>
		  <texture background="true" border="9">dialogs/other/header.png</texture>
	  </control>
	  <control type="image">
			<left>347</left>
			<top>192</top>
		  <width>587</width>
		  <height>341</height>
		  <texture background="true" border="39,19,39,19">dialogs/other/body.png</texture>
	  </control>
		<control type="image">
			<description>background image</description>
			<include>FullscreenDimensions</include>
			<texture background="true">dialogs/selectdialog/bg_select.png</texture>
		</control>
		<control type="image">
			<left>349</left>
			<top>191</top>
			<width>583</width>
			<height>4</height>
			<aspectratio>stretch</aspectratio>
			<texture background="true">dialogs/other/header_line.png</texture>
		</control>
  </include>

	<include name="Dialog-OK-YesNo-Progress">
	  <control type="image">
		  <left>0</left>
		  <top>0</top>
		  <width>665</width>
		  <height>57</height>
		  <colordiffuse>blue</colordiffuse>
		  <texture background="true" border="9">dialogs/other/header.png</texture>
	  </control>
	  <control type="image">
		  <left>0</left>
		  <top>55</top>
		  <width>665</width>
		  <height>178</height>
		  <texture background="true" border="39,19,39,19">dialogs/other/body.png</texture>
	  </control>
		 <control type="image">
			<left>2</left>
			<top>53</top>
			<width>661</width>
			<height>4</height>
			<aspectratio>stretch</aspectratio>
			<texture background="true">dialogs/other/header_line.png</texture>
		 </control>
    <control type="label" id="1">
      <description>header label</description>
      <left>15</left>
      <top>12</top>
      <width>630</width>
	    <include>DialogsHeaderLabel</include>
      <!-- <label>Remove ID to Test, Remove ID to Test, Remove ID to Test</label> -->
    </control>
		<control type="textbox" id="9">
		  <left>15</left>
			<top>60</top>
      <width>630</width>
			<height>90</height>
		  <align>left</align>
			<font>FontSize_22</font>
			<textcolor>99white</textcolor>
			<shadowcolor>99000000</shadowcolor>
			<autoscroll time="3000" delay="3000" repeat="5000">true</autoscroll>
		  <!-- <label>Remove ID to Test, Remove ID to Test, Remove ID to Test, Remove ID to Test, Remove ID to Test, Remove ID to Test, Remove ID to Test, Remove ID to Test, Remove ID to Test, Remove ID to Test, Remove ID to Test, Remove ID to Test</label> -->
		</control>
  </include>


	<!-- =========================== -->
	<!-- == Dialog Select Default == -->
	<!-- =========================== -->
	<include name="DialogSelect">
	 <control type="group">
	  <include>DialogAnimation</include>
		<visible>![Window.IsActive(yesnodialog) | Window.IsActive(okdialog) | Window.IsActive(virtualkeyboard) | Window.IsActive(textviewer)]</visible>
	  <control type="image">
			<left>347</left>
			<top>138</top>
		  <width>587</width>
		  <height>57</height>
		  <colordiffuse>blue</colordiffuse>
		  <texture background="true" border="9">dialogs/other/header.png</texture>
      <animation effect="slide" start="0,0" end="0,-25" time="0" condition="Control.IsVisible(6)">Conditional</animation>
	  </control>
	  <control type="image">
			<left>347</left>
			<top>192</top>
		  <width>587</width>
		  <height>341</height>
		  <texture background="true" border="39,19,39,19">dialogs/other/body.png</texture>
			<visible>Control.IsVisible(3)</visible>
	  </control>
	  <control type="image">
			<left>347</left>
			<top>167</top>
		  <width>587</width>
		  <height>390</height>
		  <texture background="true" border="39,19,39,19">dialogs/other/body.png</texture>
			<visible>Control.IsVisible(6)</visible>
	  </control>
		<control type="image">
			<description>background image</description>
			<include>FullscreenDimensions</include>
			<texture background="true">dialogs/selectdialog/bg_select.png</texture>
			<visible>Control.IsVisible(3)</visible>
		</control>
		<control type="image">
			<description>background image</description>
			<include>FullscreenDimensions</include>
			<texture background="true">dialogs/selectdialog/bg_select_icon.png</texture>
			<visible>Control.IsVisible(6)</visible>
		</control>
		 <control type="image">
			<left>349</left>
			<top>191</top>
			<width>583</width>
			<height>4</height>
			<aspectratio>stretch</aspectratio>
			<texture background="true">dialogs/other/header_line.png</texture>
      <animation effect="slide" start="0,0" end="0,-25" time="0" condition="Control.IsVisible(6)">Conditional</animation>
		 </control>
		<control type="label" id="1">
			<description>header label</description>
			<left>360</left>
			<top>152</top>
			<width>560</width>
	    <include>DialogsHeaderLabel</include>
      <label>Remove ID to Test, Remove ID to Test, Remove</label>
      <animation effect="slide" start="0,0" end="0,-25" time="0" condition="Control.IsVisible(6)">Conditional</animation>
		</control>
		<control type="list" id="3">
			<left>364</left>
			<top>209</top>
			<width>553</width>
			<height>306</height>
			<onup>3</onup>
			<ondown>3</ondown>
			<onleft>10000</onleft>
			<onright>10000</onright>
			<scrolltime tween="quadratic" easing="out">250</scrolltime>
			<itemlayout height="51" width="553">
				<control type="label">
					<left>10</left>
					<top>0</top>
					<width>540</width>
					<height>45</height>
					<font>FontSize_20</font>
					<textcolor>77white</textcolor>
		      <shadowcolor>77000000</shadowcolor>
					<selectedcolor>selected</selectedcolor>
					<align>left</align>
					<aligny>center</aligny>
					<label>$INFO[ListItem.Label]</label>
				</control>
				<control type="image">
					<left>0</left>
					<top>0</top>
					<width>553</width>
					<height>47</height>
					<texture background="true">dialogs/selectdialog/selected.png</texture>
    			<visible>ListItem.IsSelected</visible>
				</control>
			</itemlayout>
			<focusedlayout height="51" width="553">
				<control type="image">
					<left>0</left>
					<top>0</top>
					<width>553</width>
					<height>47</height>
					<texture background="true">buttons/focus.png</texture>
					<visible>Control.HasFocus(3)</visible>
	        <include>ListFocusAnimation</include>
				</control>
				<control type="label">
					<left>10</left>
					<top>0</top>
					<width>540</width>
					<height>45</height>
					<font>FontSize_20</font>
					<textcolor>white</textcolor>
		      <shadowcolor>77000000</shadowcolor>
					<selectedcolor>white</selectedcolor>
					<align>left</align>
					<aligny>center</aligny>
					<label>$INFO[ListItem.Label]</label>
          <scroll>true</scroll>
				</control>
				<control type="image">
					<left>0</left>
					<top>0</top>
					<width>553</width>
					<height>47</height>
					<texture>dialogs/selectdialog/selected.png</texture>
    			<visible>ListItem.IsSelected</visible>
				</control>
			</focusedlayout>
		</control>
		<control type="list" id="6">
			<left>364</left>
			<top>184</top>
			<width>553</width>
			<height>355</height>
			<onup>6</onup>
			<ondown>6</ondown>
			<onleft>10000</onleft>
			<onright>10000</onright>
			<scrolltime tween="quadratic" easing="out">250</scrolltime>
			<itemlayout height="71" width="553">
				<control type="image">
					<left>1</left>
					<top>1</top>
					<width>65</width>
					<height>65</height>
					<aspectratio align="center" aligny="center">keep</aspectratio>
					<texture background="true" fallback="DefaultAddon.png">$INFO[Listitem.Icon]</texture>
					<bordertexture border="6">thumbs/thumb_border.png</bordertexture>
					<bordersize>6</bordersize>
				</control>
				<control type="label">
					<left>70</left>
					<top>8</top>
					<width>480</width>
					<height>25</height>
					<font>FontSize_20</font>
					<textcolor>77white</textcolor>
		      <shadowcolor>77000000</shadowcolor>
					<selectedcolor>selected</selectedcolor>
					<align>left</align>
					<aligny>center</aligny>
					<label>$INFO[ListItem.Label]</label>
		      <animation effect="slide" start="0,35" end="0,12" time="0" reversible="false" condition="IsEmpty(ListItem.Property(Addon.Creator)">Conditional</animation>
		      <animation effect="slide" start="0,35" end="0,-12" time="0" reversible="false" condition="!IsEmpty(ListItem.Label2)">Conditional</animation>
				</control>
				<control type="label">
					<left>70</left>
					<top>32</top>
					<width>480</width>
					<height>25</height>
					<font>FontSize_20</font>
					<textcolor>77white</textcolor>
		      <shadowcolor>77000000</shadowcolor>
					<selectedcolor>selected</selectedcolor>
					<align>left</align>
					<aligny>center</aligny>
					<label>$INFO[ListItem.Property(Addon.Version),v]$INFO[ListItem.Property(Addon.Creator), $LOCALIZE[31040] ]</label>
				</control>
				<control type="label">
					<left>70</left>
					<top>32</top>
					<width>480</width>
					<height>25</height>
					<font>FontSize_20</font>
					<textcolor>77white</textcolor>
		      <shadowcolor>77000000</shadowcolor>
					<selectedcolor>selected</selectedcolor>
					<align>left</align>
					<aligny>center</aligny>
					<label>$INFO[ListItem.Label2]</label>
				</control>
				<control type="image">
					<left>0</left>
					<top>0</top>
					<width>553</width>
					<height>67</height>
					<texture background="true">dialogs/selectdialog/selected.png</texture>
    			<visible>ListItem.IsSelected</visible>
				</control>
			</itemlayout>
			<focusedlayout height="71" width="553">
				<control type="image">
					<left>0</left>
					<top>0</top>
					<width>553</width>
					<height>67</height>
					<texture background="true">buttons/focus.png</texture>
					<visible>Control.HasFocus(6)</visible>
	        <include>ListFocusAnimation</include>
				</control>
				<control type="image">
					<left>1</left>
					<top>1</top>
					<width>65</width>
					<height>65</height>
					<aspectratio align="center" aligny="center">keep</aspectratio>
					<texture background="true" fallback="DefaultAddon.png">$INFO[Listitem.Icon]</texture>
					<bordertexture border="6">thumbs/thumb_border.png</bordertexture>
					<bordersize>6</bordersize>
				</control>
				<control type="label">
					<left>70</left>
					<top>8</top>
					<width>480</width>
					<height>25</height>
					<font>FontSize_20</font>
					<textcolor>white</textcolor>
		      <shadowcolor>77000000</shadowcolor>
					<selectedcolor>white</selectedcolor>
					<align>left</align>
					<aligny>center</aligny>
					<label>$INFO[ListItem.Label]</label>
          <scroll>true</scroll>
		      <animation effect="slide" start="0,35" end="0,12" time="0" reversible="false" condition="IsEmpty(ListItem.Property(Addon.Creator)">Conditional</animation>
		      <animation effect="slide" start="0,35" end="0,-12" time="0" reversible="false" condition="!IsEmpty(ListItem.Label2)">Conditional</animation>
				</control>
				<control type="label">
					<left>70</left>
					<top>32</top>
					<width>480</width>
					<height>25</height>
					<font>FontSize_20</font>
					<textcolor>white</textcolor>
		      <shadowcolor>77000000</shadowcolor>
					<selectedcolor>white</selectedcolor>
					<align>left</align>
					<aligny>center</aligny>
          <scroll>true</scroll>
					<label>$INFO[ListItem.Property(Addon.Version),v]$INFO[ListItem.Property(Addon.Creator), $LOCALIZE[31040] ]</label>
				</control>
				<control type="label">
					<left>70</left>
					<top>32</top>
					<width>480</width>
					<height>25</height>
					<font>FontSize_20</font>
					<textcolor>white</textcolor>
		      <shadowcolor>77000000</shadowcolor>
					<selectedcolor>white</selectedcolor>
					<align>left</align>
					<aligny>center</aligny>
          <scroll>true</scroll>
					<label>$INFO[ListItem.Label2]</label>
				</control>
				<control type="image">
					<left>0</left>
					<top>0</top>
					<width>553</width>
					<height>67</height>
					<texture background="true">dialogs/selectdialog/selected.png</texture>
    			<visible>ListItem.IsSelected</visible>
				</control>
			</focusedlayout>
		</control>


    <!-- Control Buttons -->
	  <control type="group"  id="10000">
  		<control type="button" id="5">
				<description>Get More/Manual</description>
  			<left>940</left>
  			<top>488</top>
    		<width>190</width>
				<textwidth>140</textwidth>
	      <include>DialogsButtonsText</include>
    		<texturefocus border="49,0,49,0">dialogs/buttons/add_focus.png</texturefocus>
    		<texturenofocus border="49,0,49,0">dialogs/buttons/add_nofocus.png</texturenofocus>
  			<onleft>6</onleft>
  			<onright>6</onright>
  			<onup>6</onup>
  			<ondown>6</ondown>
        <animation effect="slide" start="0,0" end="0,23" time="0" condition="Control.IsVisible(6)">Conditional</animation>
  		</control>
			<control type="label">
				<description>Page Count Label</description>
				<left>372</left>
				<top>160</top>
				<width>553</width>
				<height>35</height>
				<font>FontSize_16B</font>
				<textcolor>88white</textcolor>
    		<shadowcolor>99000000</shadowcolor>
				<scroll>false</scroll>
				<align>right</align>
				<aligny>center</aligny>
				<label>$VAR[ContainerNumItems]</label>
        <animation effect="slide" start="0,0" end="0,-25" time="0" condition="Control.IsVisible(6)">Conditional</animation>
			</control>
	  </control>
	 </control>
  </include>


	<!-- ======================= -->
	<!-- == Dialog Select Art == -->
	<!-- ======================= -->
	<include name="DialogSelectArt">
	 <control type="group">
	  <include>DialogAnimation</include>
		<visible>!Window.IsActive(yesnodialog)</visible>
	  <control type="image">
			<left>347</left>
			<top>138</top>
		  <width>587</width>
		  <height>57</height>
		  <colordiffuse>blue</colordiffuse>
		  <texture background="true" border="9">dialogs/other/header.png</texture>
			<visible>Control.IsVisible(3)</visible>
	  </control>
	  <control type="image">
			<left>347</left>
			<top>192</top>
		  <width>587</width>
		  <height>341</height>
		  <texture background="true" border="39,19,39,19">dialogs/other/body.png</texture>
			<visible>Control.IsVisible(3)</visible>
	  </control>
		<control type="image">
			<description>background image</description>
			<include>FullscreenDimensions</include>
			<texture background="true">dialogs/selectdialog/bg_select.png</texture>
			<visible>Control.IsVisible(3)</visible>
		</control>
		 <control type="image">
			<left>349</left>
			<top>191</top>
			<width>583</width>
			<height>4</height>
			<aspectratio>stretch</aspectratio>
			<texture background="true">dialogs/other/header_line.png</texture>
			<visible>Control.IsVisible(3)</visible>
		 </control>
	  <control type="image">
			<left>280</left>
			<top>141</top>
		  <width>722</width>
		  <height>57</height>
		  <colordiffuse>blue</colordiffuse>
		  <texture background="true" border="9">dialogs/other/header.png</texture>
			<visible>Control.IsVisible(6)</visible>
	  </control>
	  <control type="image">
			<left>280</left>
			<top>195</top>
		  <width>722</width>
		  <height>405</height>
		  <texture background="true" border="39,19,39,19">dialogs/other/body.png</texture>
			<visible>Control.IsVisible(6)</visible>
	  </control>
		 <control type="image">
			<left>282</left>
			<top>194</top>
			<width>718</width>
			<height>4</height>
			<aspectratio>stretch</aspectratio>
			<texture background="true">dialogs/other/header_line.png</texture>
			<visible>Control.IsVisible(6)</visible>
		 </control>
		<control type="label" id="1">
			<description>header label</description>
			<left>360</left>
			<top>155</top>
			<width>560</width>
	    <include>DialogsHeaderLabel</include>
      <label>Remove ID to Test, Remove ID to Test, Remove</label>
      <animation effect="slide" start="0,0" end="-65,0" time="0" condition="Control.IsVisible(6)">Conditional</animation>
		</control>
		<control type="label">
			<description>Page Count Label</description>
			<left>440</left>
			<top>163</top>
			<width>553</width>
			<height>35</height>
			<font>FontSize_16B</font>
			<textcolor>88white</textcolor>
  		<shadowcolor>99000000</shadowcolor>
			<scroll>false</scroll>
			<align>right</align>
			<aligny>center</aligny>
			<label>$VAR[ContainerNumItems]</label>
		  <visible>Control.IsVisible(6)</visible>
		</control>
		<control type="list" id="3">
			<left>364</left>
			<top>209</top>
			<width>553</width>
			<height>306</height>
			<onup>3</onup>
			<ondown>3</ondown>
			<onleft>10000</onleft>
			<onright>10000</onright>
			<scrolltime tween="quadratic" easing="out">250</scrolltime>
			<itemlayout height="51" width="553">
				<control type="label">
					<left>10</left>
					<top>0</top>
					<width>540</width>
					<height>45</height>
					<font>FontSize_20</font>
					<textcolor>77white</textcolor>
		      <shadowcolor>77000000</shadowcolor>
					<selectedcolor>selected</selectedcolor>
					<align>left</align>
					<aligny>center</aligny>
					<label>$INFO[ListItem.Label]</label>
				</control>
				<control type="image">
					<left>0</left>
					<top>0</top>
					<width>553</width>
					<height>47</height>
					<texture background="true">dialogs/selectdialog/selected.png</texture>
    			<visible>ListItem.IsSelected</visible>
				</control>
			</itemlayout>
			<focusedlayout height="51" width="553">
				<control type="image">
					<left>0</left>
					<top>0</top>
					<width>553</width>
					<height>47</height>
					<texture background="true">buttons/focus.png</texture>
					<visible>Control.HasFocus(3)</visible>
	        <include>ListFocusAnimation</include>
				</control>
				<control type="label">
					<left>10</left>
					<top>0</top>
					<width>540</width>
					<height>45</height>
					<font>FontSize_20</font>
					<textcolor>white</textcolor>
		      <shadowcolor>77000000</shadowcolor>
					<selectedcolor>white</selectedcolor>
					<align>left</align>
					<aligny>center</aligny>
					<label>$INFO[ListItem.Label]</label>
          <scroll>true</scroll>
				</control>
				<control type="image">
					<left>0</left>
					<top>0</top>
					<width>553</width>
					<height>47</height>
					<texture>dialogs/selectdialog/selected.png</texture>
    			<visible>ListItem.IsSelected</visible>
				</control>
			</focusedlayout>
		</control>

		<control type="panel" id="6">
			<left>276</left>
			<top>211</top>
			<width>710</width>
			<height>350</height>
			<onleft>1000</onleft>
			<onright>1000</onright>
			<onup>6</onup>
			<ondown>6</ondown>
      <preloaditems>3</preloaditems>
		  <focusposition>0</focusposition>
      <scrolltime tween="Quadratic" easing="out">250</scrolltime>
			<itemlayout height="175" width="175">
    		<control type="image">
    			<left>20</left>
    			<top>0</top>
    			<width>165</width>
    			<height>165</height>
    			<aspectratio align="center" aligny="center">stretch</aspectratio>
					<texture border="31">osd/quicknav/nofocus_square.png</texture>
    		</control>
				<control type="image">
					<left>25</left>
					<top>5</top>
					<width>155</width>
					<height>155</height>
					<aspectratio align="center" aligny="center">keep</aspectratio>
				  <texture background="true" fallback="thumbs/fallback_square_tp.png">$INFO[ListItem.Icon]</texture>
				  <bordersize>6</bordersize>
				</control>
			</itemlayout>
			<focusedlayout height="175" width="175">
    		<control type="image">
    			<left>20</left>
    			<top>0</top>
    			<width>165</width>
    			<height>165</height>
    			<aspectratio align="center" aligny="center">stretch</aspectratio>
					<texture border="31">osd/quicknav/nofocus_square.png</texture>
    		</control>
				<control type="image">
					<left>25</left>
					<top>5</top>
					<width>155</width>
					<height>155</height>
					<aspectratio align="center" aligny="center">keep</aspectratio>
				  <texture background="true" fallback="thumbs/fallback_square_tp.png">$INFO[ListItem.Icon]</texture>
				  <bordersize>6</bordersize>
				</control>
				<control type="image">
					<left>20</left>
					<top>0</top>
					<width>165</width>
					<height>165</height>
					<aspectratio align="center" aligny="center">stretch</aspectratio>
				  <texture border="31">osd/quicknav/focus_square.png</texture>
          <animation type="Focus">
            <effect type="zoom" start="95" end="100" time="200" tween="sine" easing="inout" center="auto" />
            <effect type="fade" start="0" end="100" time="200" tween="sine" easing="in" />
          </animation>
          <animation type="Unfocus">
            <effect type="zoom" start="100" end="95" time="200" tween="sine" easing="inout" center="auto" />
            <effect type="fade" start="100" end="0" time="200" tween="sine" easing="out" />
          </animation>
				</control>
			</focusedlayout>
		</control>

		<control type="label">
			<description>Label</description>
			<left>300</left>
			<top>553</top>
			<width>680</width>
			<height>40</height>
			<font>FontSize_20</font>
			<textcolor>99grey</textcolor>
			<shadowcolor>99000000</shadowcolor>
			<scroll>false</scroll>
			<align>left</align>
			<aligny>center</aligny>
			<label>$INFO[Container(6).ListItem.Label2,[COLOR=white]$LOCALIZE[13514]:[/COLOR] ]</label>
			<visible>Control.IsVisible(6) + [SubString(Container(6).ListItem.Label2,.jpg) | SubString(Container(6).ListItem.Label2,.png) | SubString(Container(6).ListItem.Label2,.tbn)]</visible>
		</control>
		<control type="label">
			<description>Label</description>
			<left>300</left>
			<top>553</top>
			<width>680</width>
			<height>40</height>
			<font>FontSize_20</font>
			<textcolor>99grey</textcolor>
			<shadowcolor>99000000</shadowcolor>
			<scroll>false</scroll>
			<align>left</align>
			<aligny>center</aligny>
			<label>$INFO[Container(6).ListItem.Label]</label>
			<visible>Control.IsVisible(6) + ![SubString(Container(6).ListItem.Label2,.jpg) | SubString(Container(6).ListItem.Label2,.png) | SubString(Container(6).ListItem.Label2,.tbn) | SubString(Container(6).ListItem.Label,thumb) | SubString(Container(6).ListItem.Label,poster) | SubString(Container(6).ListItem.Label,fanart) | SubString(Container(6).ListItem.Label,banner) | SubString(Container(6).ListItem.Label,clearart) | SubString(Container(6).ListItem.Label,clearlogo) | SubString(Container(6).ListItem.Label,landscape) | SubString(Container(6).ListItem.Label,discart)]</visible>
		</control>
		<control type="label">
			<description>Label</description>
			<left>300</left>
			<top>553</top>
			<width>680</width>
			<height>40</height>
			<font>FontSize_20</font>
			<textcolor>99grey</textcolor>
			<shadowcolor>99000000</shadowcolor>
			<scroll>false</scroll>
			<align>left</align>
			<aligny>center</aligny>
			<label>$INFO[Container(6).ListItem.Label,[COLOR=white]$LOCALIZE[13512]:[/COLOR] ]</label>
			<visible>Control.IsVisible(6) + [SubString(Container(6).ListItem.Label,thumb) | SubString(Container(6).ListItem.Label,poster) | SubString(Container(6).ListItem.Label,fanart) | SubString(Container(6).ListItem.Label,banner) | SubString(Container(6).ListItem.Label,clearart) | SubString(Container(6).ListItem.Label,clearlogo) | SubString(Container(6).ListItem.Label,landscape) | SubString(Container(6).ListItem.Label,discart)]</visible>
		</control>

	  <control type="button" id="5">
		  <description>Get more</description>
	    <include>TopButton</include>
		</control>
	 </control>
	</include>


	<!-- ===================================== -->
	<!-- == Dialog PVR Guide/Recording Info == -->
	<!-- ===================================== -->
	<include name="PVRProgrammeInfo">
	 <control type="group">
    <include>DialogAnimation</include>
	  <control type="image">
			<left>322</left>
			<top>125</top>
		  <width>629</width>
		  <height>57</height>
		  <colordiffuse>blue</colordiffuse>
		  <texture background="true" border="9">dialogs/other/header.png</texture>
	  </control>
	  <control type="image">
			<left>322</left>
			<top>179</top>
		  <width>629</width>
		  <height>430</height>
		  <texture background="true" border="39,19,39,19">dialogs/other/body.png</texture>
	  </control>
		<control type="image">
			<left>324</left>
			<top>178</top>
			<width>625</width>
			<height>4</height>
			<aspectratio>stretch</aspectratio>
			<texture background="true">dialogs/other/header_line.png</texture>
		</control>
		<control type="label">
			<description>header label</description>
			<left>335</left>
			<top>139</top>
			<width>600</width>
	    <include>DialogsHeaderLabel</include>
      <label>$LOCALIZE[19047]</label>
		</control>
		<control type="image">
			<left>330</left>
			<top>190</top>
			<width>200</width>
			<height>200</height>
			<aspectratio align="center" aligny="center">stretch</aspectratio>
			<texture background="true" border="8">osd/quicknav/nofocus_square.png</texture>
		</control>
		<control type="image">
			<left>335</left>
			<top>195</top>
			<width>190</width>
			<height>190</height>
			<aspectratio>scale</aspectratio>
			<texture fallback="DefaultLiveTV.png">$INFO[ListItem.Icon]</texture>
		  <bordersize>6</bordersize>
		</control>
		<control type="group">
			<left>535</left>
			<top>195</top>
  		<control type="label">
				<left>0</left>
				<top>0</top>
				<width>520</width>
				<height>20</height>
  			<font>FontSize_18B</font>
  			<textcolor>77white</textcolor>
		    <shadowcolor>99000000</shadowcolor>
  			<align>left</align>
      	<label>$LOCALIZE[369]</label>
  		</control>
  		<control type="label">
				<left>0</left>
				<top>20</top>
				<width>520</width>
				<height>20</height>
  			<font>FontSize_18</font>
  			<textcolor>77white</textcolor>
		    <shadowcolor>99000000</shadowcolor>
  			<align>left</align>
      	<label fallback="195">$INFO[ListItem.Title]</label>
  		</control>
  	</control>
		<control type="group">
			<left>535</left>
			<top>245</top>
  		<control type="label">
				<left>0</left>
				<top>0</top>
				<width>400</width>
				<height>20</height>
  			<font>FontSize_18B</font>
  			<textcolor>77white</textcolor>
		    <shadowcolor>99000000</shadowcolor>
  			<align>left</align>
      	<label>$LOCALIZE[555]</label>
  		</control>
  		<control type="label">
				<left>0</left>
				<top>20</top>
				<width>400</width>
				<height>20</height>
  			<font>FontSize_18</font>
  			<textcolor>77white</textcolor>
		    <shadowcolor>99000000</shadowcolor>
  			<align>left</align>
      	<label>$INFO[ListItem.StartTime]$INFO[ListItem.EndTime, - ] ($INFO[ListItem.StartDate])</label>
  		</control>
  	</control>
		<control type="group">
			<left>535</left>
			<top>295</top>
  		<control type="label">
				<left>0</left>
				<top>0</top>
				<width>400</width>
				<height>20</height>
  			<font>FontSize_18B</font>
  			<textcolor>77white</textcolor>
		    <shadowcolor>99000000</shadowcolor>
  			<align>left</align>
      	<label>$LOCALIZE[180]</label>
  		</control>
  		<control type="label">
				<left>0</left>
				<top>20</top>
				<width>400</width>
				<height>20</height>
  			<font>FontSize_18</font>
  			<textcolor>77white</textcolor>
		    <shadowcolor>99000000</shadowcolor>
  			<align>left</align>
				<label>$INFO[ListItem.Duration]</label>
  		</control>
  	</control>
		<control type="group">
			<left>535</left>
			<top>345</top>
  		<control type="label">
				<left>0</left>
				<top>0</top>
				<width>400</width>
				<height>20</height>
  			<font>FontSize_18B</font>
  			<textcolor>77white</textcolor>
		    <shadowcolor>99000000</shadowcolor>
  			<align>left</align>
      	<label>$LOCALIZE[135]</label>
  		</control>
  		<control type="label">
				<left>0</left>
				<top>20</top>
				<width>400</width>
				<height>20</height>
  			<font>FontSize_18</font>
  			<textcolor>77white</textcolor>
		    <shadowcolor>99000000</shadowcolor>
  			<align>left</align>
				<label fallback="195">$INFO[ListItem.Genre]</label>
  		</control>
  	</control>
		<control type="group">
			<left>340</left>
			<top>395</top>
  		<control type="label">
				<left>0</left>
				<top>0</top>
				<width>592</width>
				<height>20</height>
  			<font>FontSize_18B</font>
  			<textcolor>77white</textcolor>
		    <shadowcolor>99000000</shadowcolor>
  			<align>left</align>
				<label fallback="195">$LOCALIZE[207]</label>
  		</control>
			<control type="textbox" id="400">
				<description>Plot</description>
				<posx>0</posx>
				<posy>20</posy>
				<width>592</width>
				<height>180</height>
				<font>FontSize_18</font>
				<align>justify</align>
				<textcolor>77white</textcolor>
				<shadowcolor>99000000</shadowcolor>
				<pagecontrol>60</pagecontrol>
				<autoscroll time="3000" delay="5000" repeat="5000">Skin.HasSetting(AutoScroll)</autoscroll>
				<label fallback="195">$INFO[ListItem.Plot]</label>
			</control>
  	</control>
		<control type="scrollbar" id="60">
			<left>937</left>
			<top>423</top>
			<width>8</width>
			<height>167</height>
			<texturesliderbackground>-</texturesliderbackground>
			<texturesliderbar border="1,14,1,14">views/scrollbar/scrollbar.png</texturesliderbar>
			<texturesliderbarfocus border="1,14,1,14">views/scrollbar/scrollbar.png</texturesliderbarfocus>
			<textureslidernib>-</textureslidernib>
			<textureslidernibfocus>-</textureslidernibfocus>
			<onleft>10000</onleft>
			<onright>10000</onright>
			<showonepage>false</showonepage>
			<orientation>vertical</orientation>
		  <animation effect="fade" start="100" end="40" time="250" condition="!Control.HasFocus(60)">Conditional</animation>
			<visible>Control.IsVisible(400)</visible>
		</control>

    <!-- Control Buttons -->
	  <control type="group" id="10000">
			<left>956</left>
			<top>564</top>
  		<control type="button" id="10">
				<description>OK</description>
    		<width>150</width>
	      <include>DialogsButtonsText</include>
    		<texturefocus border="49,0,49,0">dialogs/buttons/save_focus.png</texturefocus>
    		<texturenofocus border="49,0,49,0">dialogs/buttons/save_nofocus.png</texturenofocus>
  			<onleft>60</onleft>
  			<onright>60</onright>
  			<onup>5</onup>
  			<ondown>6</ondown>
				<label>$LOCALIZE[186]</label>
			  <visible>Window.IsVisible(PVRRecordingInfo)</visible>
  		</control>
  		<control type="button" id="7">
				<description>OK</description>
    		<width>150</width>
	      <include>DialogsButtonsText</include>
    		<texturefocus border="49,0,49,0">dialogs/buttons/save_focus.png</texturefocus>
    		<texturenofocus border="49,0,49,0">dialogs/buttons/save_nofocus.png</texturenofocus>
  			<onleft>60</onleft>
  			<onright>60</onright>
  			<onup>5</onup>
  			<ondown>6</ondown>
				<label>$LOCALIZE[186]</label>
			  <visible>!Window.IsVisible(PVRRecordingInfo)</visible>
  		</control>
  		<control type="button" id="5">
				<description>Swtich</description>
  			<top>-50</top>
    		<width>150</width>
	      <include>DialogsButtonsText</include>
    		<texturefocus border="49,0,49,0">dialogs/buttons/switch_focus.png</texturefocus>
    		<texturenofocus border="49,0,49,0">dialogs/buttons/switch_nofocus.png</texturenofocus>
  			<onleft>60</onleft>
  			<onright>60</onright>
  			<onup>6</onup>
  			<ondown>7</ondown>
				<label>$LOCALIZE[19165]</label>
			  <visible>!Window.IsVisible(PVRRecordingInfo)</visible>
  		</control>
  		<control type="button" id="6">
				<description>Record</description>
  			<top>-100</top>
    		<width>150</width>
	      <include>DialogsButtonsText</include>
    		<texturefocus border="49,0,49,0">dialogs/buttons/record_focus.png</texturefocus>
    		<texturenofocus border="49,0,49,0">dialogs/buttons/record_nofocus.png</texturenofocus>
  			<onleft>60</onleft>
  			<onright>60</onright>
  			<onup>7</onup>
  			<ondown>5</ondown>
				<label>-</label>
			  <visible>!Window.IsVisible(PVRRecordingInfo)</visible>
  		</control>
	  </control>
	 </control>
	</include>


</includes>