<?xml version="1.0" encoding="UTF-8"?>
<window  type="dialog" id="1118">
 <defaultcontrol always="true">4000</defaultcontrol>
 <onunload condition="!IsEmpty(Window(SkinSettings).Property(ManageButtons))">ClearProperty(ManageButtons,SkinSettings)</onunload>
 <controls>
	<control type="group" id="4000">
		<include>DialogAnimation</include>
		<visible>!Window.IsActive(DialogSelect.xml) + !Window.IsActive(ProgressDialog)</visible>
	  <control type="image">
			<left>411</left>
			<top>128</top>
		  <width>459</width>
		  <height>57</height>
		  <colordiffuse>blue</colordiffuse>
		  <texture background="true" border="9">dialogs/other/header.png</texture>
	  </control>
	  <control type="image">
			<left>411</left>
			<top>182</top>
		  <width>459</width>
		  <height>392</height>
		  <texture background="true" border="39,19,39,19">dialogs/other/body.png</texture>
	  </control>
		<control type="image">
			<left>413</left>
			<top>181</top>
			<width>455</width>
			<height>4</height>
			<aspectratio>stretch</aspectratio>
			<texture background="true">dialogs/other/header_line.png</texture>
		</control>
		<control type="image">
			<description>background image</description>
			<include>FullscreenDimensions</include>
			<texture>dialogs/other/bg_managedialog.png</texture>
		</control>
		<control type="label">
			<description>header label</description>
			<left>424</left>
			<top>142</top>
			<width>445</width>
	    <include>DialogsHeaderLabel</include>
			<label>$VAR[ManageDialogHeader]</label>
		</control>

    <!-- Manage QuickNav Buttons -->
		<control type="grouplist" id="1000">
			<posx>428</posx>
			<posy>199</posy>
			<width>425</width>
			<height>353</height>
		  <itemgap>4</itemgap>
			<onleft>Close</onleft>
			<onright>Close</onright>
			<onup>1000</onup>
			<ondown>1000</ondown>
			<scrolltime>250</scrolltime>
			<visible>StringCompare(Window(SkinSettings).Property(ManageButtons),defualtquicknav)</visible>
			<!-- Default Visible Buttons -->
			<control type="radiobutton" id="8611">
				<description>Movies Button</description>
			  <width>425</width>
        <include>DialogsButton</include>
				<label>$LOCALIZE[20342]</label>
				<onclick>Skin.ToggleSetting(QuickNavMoviesButton)</onclick>
				<selected>!Skin.HasSetting(QuickNavMoviesButton)</selected>
			</control>
			<control type="radiobutton" id="8612">
				<description>TVShows Button</description>
			  <width>425</width>
        <include>DialogsButton</include>
				<label>$LOCALIZE[31002]</label>
				<onclick>Skin.ToggleSetting(QuickNavTVShowsButton)</onclick>
				<selected>!Skin.HasSetting(QuickNavTVShowsButton)</selected>
			</control>
			<control type="radiobutton" id="8613">
				<description>Music Button</description>
			  <width>425</width>
        <include>DialogsButton</include>
				<label>$LOCALIZE[2]</label>
				<onclick>Skin.ToggleSetting(QuickNavMusicButton)</onclick>
				<selected>!Skin.HasSetting(QuickNavMusicButton)</selected>
			</control>
			<control type="radiobutton" id="8614">
				<description>Pictures Button</description>
			  <width>425</width>
        <include>DialogsButton</include>
				<label>$LOCALIZE[1]</label>
				<onclick>Skin.ToggleSetting(QuickNavPicturesButton)</onclick>
				<selected>!Skin.HasSetting(QuickNavPicturesButton)</selected>
			</control>
			<control type="radiobutton" id="8615">
				<description>Add-ons Button</description>
			  <width>425</width>
        <include>DialogsButton</include>
				<label>$LOCALIZE[24001]</label>
				<onclick>Skin.ToggleSetting(QuickNavAddonsButton)</onclick>
				<selected>!Skin.HasSetting(QuickNavAddonsButton)</selected>
			</control>
			<control type="radiobutton" id="8616">
				<description>Videos Button</description>
			  <width>425</width>
        <include>DialogsButton</include>
				<label>$LOCALIZE[3]</label>
				<onclick>Skin.ToggleSetting(QuickNavVideosButton)</onclick>
				<selected>!Skin.HasSetting(QuickNavVideosButton)</selected>
			</control>
			<control type="radiobutton" id="8617">
				<description>Hide LiveTV Button</description>
			  <width>425</width>
        <include>DialogsButton</include>
				<label>$LOCALIZE[31000]</label>
				<onclick>Skin.ToggleSetting(QuickNavLiveTVButton)</onclick>
				<selected>!Skin.HasSetting(QuickNavLiveTVButton)</selected>
		    <visible>System.GetBool(pvrmanager.enabled)</visible>
			</control>
			<control type="radiobutton" id="8618">
				<description>RecentlyAdded Movies Button</description>
			  <width>425</width>
        <include>DialogsButton</include>
				<label>$LOCALIZE[31241]</label>
				<onclick>Skin.ToggleSetting(QuickNavRecentMoviesButton)</onclick>
				<selected>!Skin.HasSetting(QuickNavRecentMoviesButton)</selected>
			</control>
			<control type="radiobutton" id="8619">
				<description>RecentlyAdded TVShows Button</description>
			  <width>425</width>
        <include>DialogsButton</include>
				<label>$LOCALIZE[31242]</label>
				<onclick>Skin.ToggleSetting(QuickNavRecentTVShowsButton)</onclick>
				<selected>!Skin.HasSetting(QuickNavRecentTVShowsButton)</selected>
			</control>
			<control type="radiobutton" id="8620">
				<description>RecentlyAdded Music Button</description>
			  <width>425</width>
        <include>DialogsButton</include>
				<label>$LOCALIZE[31243]</label>
				<onclick>Skin.ToggleSetting(QuickNavRecentMusicButton)</onclick>
				<selected>!Skin.HasSetting(QuickNavRecentMusicButton)</selected>
			</control>
			<control type="radiobutton" id="8621">
				<description>Update VideoLibrary Button</description>
			  <width>425</width>
        <include>DialogsButton</include>
				<label>$LOCALIZE[31370]</label>
				<onclick>Skin.ToggleSetting(QuickNavUpdateVideoLibraryButton)</onclick>
				<selected>!Skin.HasSetting(QuickNavUpdateVideoLibraryButton)</selected>
			</control>
			<control type="radiobutton" id="8622">
				<description>Clean VideoLibrary Button</description>
			  <width>425</width>
        <include>DialogsButton</include>
				<label>$LOCALIZE[31372]</label>
				<onclick>Skin.ToggleSetting(QuickNavCleanVideoLibraryButton)</onclick>
				<selected>!Skin.HasSetting(QuickNavCleanVideoLibraryButton)</selected>
			</control>
			<control type="radiobutton" id="8623">
				<description>Update MusicLibrary Button</description>
			  <width>425</width>
        <include>DialogsButton</include>
				<label>$LOCALIZE[31371]</label>
				<onclick>Skin.ToggleSetting(QuickNavUpdateMusicLibraryButton)</onclick>
				<selected>!Skin.HasSetting(QuickNavUpdateMusicLibraryButton)</selected>
			</control>
			<control type="radiobutton" id="8624">
				<description>Clean MusicLibrary Button</description>
			  <width>425</width>
        <include>DialogsButton</include>
				<label>$LOCALIZE[31373]</label>
				<onclick>Skin.ToggleSetting(QuickNavCleanMusicLibraryButton)</onclick>
				<selected>!Skin.HasSetting(QuickNavCleanMusicLibraryButton)</selected>
			</control>
			<control type="radiobutton" id="8625">
				<description>Favourites Button</description>
			  <width>425</width>
        <include>DialogsButton</include>
				<label>$LOCALIZE[1036]</label>
				<onclick>Skin.ToggleSetting(QuickNavFavouritesButton)</onclick>
				<selected>!Skin.HasSetting(QuickNavFavouritesButton)</selected>
			</control>
			<control type="radiobutton" id="8626">
				<description>PartyMode Button</description>
			  <width>425</width>
        <include>DialogsButton</include>
				<label>$LOCALIZE[589] $LOCALIZE[31189]</label>
				<onclick>Skin.ToggleSetting(QuickNavPartyModeButton)</onclick>
				<selected>!Skin.HasSetting(QuickNavPartyModeButton)</selected>
			</control>
			<control type="radiobutton" id="8627">
				<description>FileManager Button</description>
			  <width>425</width>
        <include>DialogsButton</include>
				<label>$LOCALIZE[31016]</label>
				<onclick>Skin.ToggleSetting(QuickNavFileManagerButton)</onclick>
				<selected>!Skin.HasSetting(QuickNavFileManagerButton)</selected>
			</control>
			<control type="radiobutton" id="8628">
				<description>Skin Settings Button</description>
			  <width>425</width>
        <include>DialogsButton</include>
				<label>$LOCALIZE[20077]</label>
				<onclick>Skin.ToggleSetting(QuickSkinSettingsButton)</onclick>
				<selected>!Skin.HasSetting(QuickSkinSettingsButton)</selected>
			</control>
			<control type="radiobutton" id="8629">
				<description>Settings Button</description>
			  <width>425</width>
        <include>DialogsButton</include>
				<label>$LOCALIZE[5]</label>
				<onclick>Skin.ToggleSetting(QuickNavSettingsButton)</onclick>
				<selected>!Skin.HasSetting(QuickNavSettingsButton)</selected>
			</control>
			<control type="radiobutton" id="8630">
				<description>Shutdown Button</description>
			  <width>425</width>
        <include>DialogsButton</include>
				<label>$LOCALIZE[13005]</label>
				<onclick>Skin.ToggleSetting(QuickNavShutdownButton)</onclick>
				<selected>!Skin.HasSetting(QuickNavShutdownButton)</selected>
			</control>
		</control>

    <!-- Custom Items
		<control type="grouplist" id="1000">
			<posx>428</posx>
			<posy>199</posy>
			<width>425</width>
			<height>353</height>
		  <itemgap>4</itemgap>
			<onleft>Close</onleft>
			<onright>Close</onright>
			<onup>1000</onup>
			<ondown>1000</ondown>
			<scrolltime>250</scrolltime>
			<visible>StringCompare(Window(SkinSettings).Property(ManageButtons),customitems)</visible>
			<control type="button" id="8661">
				<description>Custom Item 1</description>
			  <width>425</width>
        <include>DialogsButton</include>
				<label>$LOCALIZE[31378] 1</label>
				<label2>[COLOR=selected]$INFO[Skin.String(CustomItem.1.Label)][/COLOR]</label2>
				<onclick>RunScript(script.skinshortcuts,type=shortcuts&amp;skinLabel=CustomItem.1.Label&amp;skinAction=CustomItem.1.Path&amp;skinThumbnail=CustomItem.1.Thumb)</onclick>
			</control>
			<control type="button" id="8662">
				<description>Custom Item 2</description>
			  <width>425</width>
        <include>DialogsButton</include>
				<label>$LOCALIZE[31378] 2</label>
				<label2>[COLOR=selected]$INFO[Skin.String(CustomItem.2.Label)][/COLOR]</label2>
				<onclick>RunScript(script.skinshortcuts,type=shortcuts&amp;skinLabel=CustomItem.2.Label&amp;skinAction=CustomItem.2.Path&amp;skinThumbnail=CustomItem.2.Thumb)</onclick>
			</control>
			<control type="button" id="8663">
				<description>Custom Item 3</description>
			  <width>425</width>
        <include>DialogsButton</include>
				<label>$LOCALIZE[31378] 3</label>
				<label2>[COLOR=selected]$INFO[Skin.String(CustomItem.3.Label)][/COLOR]</label2>
				<onclick>RunScript(script.skinshortcuts,type=shortcuts&amp;skinLabel=CustomItem.3.Label&amp;skinAction=CustomItem.3.Path&amp;skinThumbnail=CustomItem.3.Thumb)</onclick>
			</control>
			<control type="button" id="8664">
				<description>Custom Item 4</description>
			  <width>425</width>
        <include>DialogsButton</include>
				<label>$LOCALIZE[31378] 4</label>
				<label2>[COLOR=selected]$INFO[Skin.String(CustomItem.4.Label)][/COLOR]</label2>
				<onclick>RunScript(script.skinshortcuts,type=shortcuts&amp;skinLabel=CustomItem.4.Label&amp;skinAction=CustomItem.4.Path&amp;skinThumbnail=CustomItem.4.Thumb)</onclick>
			</control>
			<control type="button" id="8665">
				<description>Custom Item 5</description>
			  <width>425</width>
        <include>DialogsButton</include>
				<label>$LOCALIZE[31378] 5</label>
				<label2>[COLOR=selected]$INFO[Skin.String(CustomItem.5.Label)][/COLOR]</label2>
				<onclick>RunScript(script.skinshortcuts,type=shortcuts&amp;skinLabel=CustomItem.5.Label&amp;skinAction=CustomItem.5.Path&amp;skinThumbnail=CustomItem.5.Thumb)</onclick>
			</control>
			<control type="button" id="8666">
				<description>Custom Item 6</description>
			  <width>425</width>
        <include>DialogsButton</include>
				<label>$LOCALIZE[31378] 6</label>
				<label2>[COLOR=selected]$INFO[Skin.String(CustomItem.6.Label)][/COLOR]</label2>
				<onclick>RunScript(script.skinshortcuts,type=shortcuts&amp;skinLabel=CustomItem.6.Label&amp;skinAction=CustomItem.6.Path&amp;skinThumbnail=CustomItem.6.Thumb)</onclick>
			</control>
			<control type="button" id="8667">
				<description>Custom Item 7</description>
			  <width>425</width>
        <include>DialogsButton</include>
				<label>$LOCALIZE[31378] 7</label>
				<label2>[COLOR=selected]$INFO[Skin.String(CustomItem.7.Label)][/COLOR]</label2>
				<onclick>RunScript(script.skinshortcuts,type=shortcuts&amp;skinLabel=CustomItem.7.Label&amp;skinAction=CustomItem.7.Path&amp;skinThumbnail=CustomItem.7.Thumb)</onclick>
			</control>
			<control type="button" id="8668">
				<description>Custom Item 8</description>
			  <width>425</width>
        <include>DialogsButton</include>
				<label>$LOCALIZE[31378] 8</label>
				<label2>[COLOR=selected]$INFO[Skin.String(CustomItem.8.Label)][/COLOR]</label2>
				<onclick>RunScript(script.skinshortcuts,type=shortcuts&amp;skinLabel=CustomItem.8.Label&amp;skinAction=CustomItem.8.Path&amp;skinThumbnail=CustomItem.8.Thumb)</onclick>
			</control>
			<control type="button" id="8669">
				<description>Custom Item 9</description>
			  <width>425</width>
        <include>DialogsButton</include>
				<label>$LOCALIZE[31378] 9</label>
				<label2>[COLOR=selected]$INFO[Skin.String(CustomItem.9.Label)][/COLOR]</label2>
				<onclick>RunScript(script.skinshortcuts,type=shortcuts&amp;skinLabel=CustomItem.9.Label&amp;skinAction=CustomItem.9.Path&amp;skinThumbnail=CustomItem.9.Thumb)</onclick>
			</control>
			<control type="button" id="8670">
				<description>Custom Item 10</description>
			  <width>425</width>
        <include>DialogsButton</include>
				<label>$LOCALIZE[31378] 10</label>
				<label2>[COLOR=selected]$INFO[Skin.String(CustomItem.10.Label)][/COLOR]</label2>
				<onclick>RunScript(script.skinshortcuts,type=shortcuts&amp;skinLabel=CustomItem.10.Label&amp;skinAction=CustomItem.10.Path&amp;skinThumbnail=CustomItem.10.Thumb)</onclick>
			</control>
		</control> -->

    <!-- Manage Views -->
		<control type="grouplist" id="1000">
			<posx>428</posx>
			<posy>199</posy>
			<width>425</width>
			<height>353</height>
		  <itemgap>4</itemgap>
			<onleft>Close</onleft>
			<onright>Close</onright>
			<onup>1000</onup>
			<ondown>1000</ondown>
			<scrolltime>250</scrolltime>
			<!-- Video Views -->
			<control type="radiobutton" id="8511">
			  <width>425</width>
        <include>DialogsButton</include>
				<label>$LOCALIZE[31080]</label>
				<onclick>Skin.ToggleSetting(SlideViewVideos)</onclick>
				<selected>!Skin.HasSetting(SlideViewVideos)</selected>
			  <visible>StringCompare(Window(SkinSettings).Property(ManageButtons),managevideoviews)</visible>
			</control>
			<control type="radiobutton" id="8512">
			  <width>425</width>
        <include>DialogsButton</include>
				<label>$LOCALIZE[31081]</label>
				<onclick>Skin.ToggleSetting(GalleryViewVideos)</onclick>
				<selected>!Skin.HasSetting(GalleryViewVideos)</selected>
			  <visible>StringCompare(Window(SkinSettings).Property(ManageButtons),managevideoviews)</visible>
			</control>
			<control type="radiobutton" id="8513">
			  <width>425</width>
        <include>DialogsButton</include>
				<label>$LOCALIZE[31085]</label>
				<onclick>Skin.ToggleSetting(ThumbnailsVideos)</onclick>
				<selected>!Skin.HasSetting(ThumbnailsVideos)</selected>
			  <visible>StringCompare(Window(SkinSettings).Property(ManageButtons),managevideoviews)</visible>
			</control>
			<control type="radiobutton" id="8514">
			  <width>425</width>
        <include>DialogsButton</include>
				<label>$LOCALIZE[31086]</label>
				<onclick>Skin.ToggleSetting(BannersViewVideos)</onclick>
				<selected>!Skin.HasSetting(BannersViewVideos)</selected>
			  <visible>StringCompare(Window(SkinSettings).Property(ManageButtons),managevideoviews)</visible>
			</control>
			<control type="radiobutton" id="8515">
			  <width>425</width>
        <include>DialogsButton</include>
				<label>$LOCALIZE[31084]</label>
				<onclick>Skin.ToggleSetting(PostersViewVideos)</onclick>
				<selected>!Skin.HasSetting(PostersViewVideos)</selected>
			  <visible>StringCompare(Window(SkinSettings).Property(ManageButtons),managevideoviews)</visible>
			</control>
			<control type="radiobutton" id="8516">
			  <width>425</width>
        <include>DialogsButton</include>
				<label>$LOCALIZE[31082]</label>
				<onclick>Skin.ToggleSetting(3DWallViewVideos)</onclick>
				<selected>!Skin.HasSetting(3DWallViewVideos)</selected>
			  <visible>StringCompare(Window(SkinSettings).Property(ManageButtons),managevideoviews)</visible>
			</control>
			<control type="radiobutton" id="8517">
			  <width>425</width>
        <include>DialogsButton</include>
				<label>$LOCALIZE[31083]</label>
				<onclick>Skin.ToggleSetting(WallViewVideos)</onclick>
				<selected>!Skin.HasSetting(WallViewVideos)</selected>
			  <visible>StringCompare(Window(SkinSettings).Property(ManageButtons),managevideoviews)</visible>
			</control>
			<control type="radiobutton" id="8518">
			  <width>425</width>
        <include>DialogsButton</include>
				<label>$LOCALIZE[31088]</label>
				<onclick>Skin.ToggleSetting(ListWallViewVideos)</onclick>
				<selected>!Skin.HasSetting(ListWallViewVideos)</selected>
			  <visible>StringCompare(Window(SkinSettings).Property(ManageButtons),managevideoviews)</visible>
			</control>
			<control type="radiobutton" id="8519">
			  <width>425</width>
        <include>DialogsButton</include>
				<label>$LOCALIZE[31087]</label>
				<onclick>Skin.ToggleSetting(VideoWallFanartViewVideos)</onclick>
				<selected>!Skin.HasSetting(VideoWallFanartViewVideos)</selected>
			  <visible>StringCompare(Window(SkinSettings).Property(ManageButtons),managevideoviews)</visible>
			</control>
			<control type="radiobutton" id="8520">
			  <width>425</width>
        <include>DialogsButton</include>
				<label>$LOCALIZE[31089]</label>
				<onclick>Skin.ToggleSetting(LoveFilmViewVideos)</onclick>
				<selected>!Skin.HasSetting(LoveFilmViewVideos)</selected>
			  <visible>StringCompare(Window(SkinSettings).Property(ManageButtons),managevideoviews)</visible>
			</control>
			<!-- Music Views -->
			<control type="radiobutton" id="8521">
			  <width>425</width>
        <include>DialogsButton</include>
				<label>$LOCALIZE[31080]</label>
				<onclick>Skin.ToggleSetting(SlideViewMusic)</onclick>
				<selected>!Skin.HasSetting(SlideViewMusic)</selected>
			  <visible>StringCompare(Window(SkinSettings).Property(ManageButtons),managemusicviews)</visible>
			</control>
			<control type="radiobutton" id="8522">
			  <width>425</width>
        <include>DialogsButton</include>
				<label>$LOCALIZE[31081]</label>
				<onclick>Skin.ToggleSetting(GalleryViewMusic)</onclick>
				<selected>!Skin.HasSetting(GalleryViewMusic)</selected>
			  <visible>StringCompare(Window(SkinSettings).Property(ManageButtons),managemusicviews)</visible>
			</control>
			<control type="radiobutton" id="8523">
			  <width>425</width>
        <include>DialogsButton</include>
				<label>$LOCALIZE[31085]</label>
				<onclick>Skin.ToggleSetting(ThumbnailsMusic)</onclick>
				<selected>!Skin.HasSetting(ThumbnailsMusic)</selected>
			  <visible>StringCompare(Window(SkinSettings).Property(ManageButtons),managemusicviews)</visible>
			</control>
			<control type="radiobutton" id="8524">
			  <width>425</width>
        <include>DialogsButton</include>
				<label>$LOCALIZE[31086]</label>
				<onclick>Skin.ToggleSetting(BannersViewMusic)</onclick>
				<selected>!Skin.HasSetting(BannersViewMusic)</selected>
			  <visible>StringCompare(Window(SkinSettings).Property(ManageButtons),managemusicviews)</visible>
			</control>
			<control type="radiobutton" id="8525">
			  <width>425</width>
        <include>DialogsButton</include>
				<label>$LOCALIZE[31082]</label>
				<onclick>Skin.ToggleSetting(3DWallViewMusic)</onclick>
				<selected>!Skin.HasSetting(3DWallViewMusic)</selected>
			  <visible>StringCompare(Window(SkinSettings).Property(ManageButtons),managemusicviews)</visible>
			</control>
		</control>


	</control>
 </controls>
</window>


