<?xml version="1.0" encoding="UTF-8"?>
<includes> 
    <include file="ViewsVideos.xml" />
    <include file="ViewsMusic.xml" />
    <include file="ViewsPictures.xml" />
    <include file="ViewsPrograms.xml" />
    <include file="ViewsAddons.xml" />
	  <include file="ViewsPVRGuide.xml" />

    <include name="VideoViews">
      <include>ListView_Videos</include> <!-- id = 50 -->
      <include condition="!Skin.HasSetting(SlideViewVideos)">SlideView_Videos</include> <!-- id = 51 -->
      <include condition="!Skin.HasSetting(GalleryViewVideos)">GalleryView_Videos</include> <!-- id = 52 -->
      <include condition="!Skin.HasSetting(3DWallViewVideos)">3DWallView_Videos</include> <!-- id = 53 -->
      <include condition="!Skin.HasSetting(WallViewVideos)">WallView_Videos</include> <!-- id = 54 -->
      <include condition="!Skin.HasSetting(ListWallViewVideos)">ListWallView_Videos</include> <!-- id = 58 -->
      <include condition="!Skin.HasSetting(VideoWallFanartViewVideos)">VideoWallFanartView</include> <!-- id = 580 -->
	  <include condition="!Skin.HasSetting(LoveFilmViewVideos)">LoveFilmView</include> <!-- id = 581 -->
      <include condition="!Skin.HasSetting(NetfilxViewVideos)">NetfilxView_Videos</include> <!-- id = 59 -->
      <include condition="!Skin.HasSetting(PostersViewVideos)">PostersView_Videos</include> <!-- id = 55 -->
      <include condition="!Skin.HasSetting(ThumbnailsVideos)">ThumbnailsView</include> <!-- id = 56 -->
      <include condition="!Skin.HasSetting(ThumbnailsVideos)">ThumbnailsView_Videos</include> <!-- id = 560 -->
      <include condition="!Skin.HasSetting(ThumbnailsVideos)">ThumbnailsView_Videos_Posters</include> <!-- id = 561 -->
      <include condition="!Skin.HasSetting(BannersViewVideos)">BannersView_Videos</include> <!-- id = 57 -->
    </include>
    
    <include name="MusicLibraryViews">
      <include>ListView_Music</include> <!-- id = 50 -->
      <include condition="!Skin.HasSetting(SlideViewMusic)">SlideView_Music</include> <!-- id = 51 -->
      <include condition="!Skin.HasSetting(GalleryViewMusic)">GalleryView_Music</include> <!-- id = 52 -->
      <include condition="!Skin.HasSetting(ThumbnailsMusic)">ThumbnailsView</include> <!-- id = 56 -->
      <include condition="!Skin.HasSetting(ThumbnailsMusic)">ThumbnailsView_Music</include> <!-- id = 560 -->
      <include condition="!Skin.HasSetting(BannersViewMusic)">BannersView_Music</include> <!-- id = 57 -->
      <include condition="!Skin.HasSetting(3DWallViewMusic)">3DWallView_Music</include> <!-- id = 59 -->
    </include>
    
    <include name="MusicFilesViews">
      <include>ListView_Music</include> <!-- id = 50 -->
      <include condition="!Skin.HasSetting(ThumbnailsMusic)">ThumbnailsView</include> <!-- id = 56 -->
      <include condition="!Skin.HasSetting(ThumbnailsMusic)">ThumbnailsView_Music</include> <!-- id = 560 -->
    </include>

    <include name="PicturesViews">
      <include>ListView_Pictures</include> <!-- id = 50 -->
      <include>GalleryView_Pictures</include> <!-- id = 52 -->
      <include>ThumbnailsView</include> <!-- id = 56 -->
      <include>ThumbnailsView_Pictures</include> <!-- id = 560 -->
    </include>

    <include name="ProgramsViews">
      <include>ListView_Addons</include> <!-- id = 50 -->
      <include>ThumbnailsView</include> <!-- id = 56 -->
      <include>ThumbnailsView_Programs</include> <!-- id = 560 -->
    </include>
    
    <include name="AddonsViews">
      <include>ListView_Addons</include> <!-- id = 50 -->
      <include>ThumbnailsView</include> <!-- id = 56 -->
      <include>ThumbnailsView_Addons</include> <!-- id = 560 -->
    </include>
    
    <include name="VideoPlaylistViews">
      <include>ListView_Videos</include> <!-- id = 50 -->
      <include condition="!Skin.HasSetting(BannersViewVideos)">BannersView_Videos</include> <!-- id = 57 -->
    </include>
    
    <include name="MusicPlaylistViews">
      <include>ListView_Music</include> <!-- id = 50 -->
      <include condition="!Skin.HasSetting(SlideViewMusic)">SlideView_Music</include> <!-- id = 51 -->
      <include condition="!Skin.HasSetting(ThumbnailsMusic)">ThumbnailsView</include> <!-- id = 56 -->
      <include condition="!Skin.HasSetting(ThumbnailsMusic)">ThumbnailsView_Music</include> <!-- id = 560 -->
      <include condition="!Skin.HasSetting(BannersViewMusic)">BannersView_Music</include> <!-- id = 57 -->
    </include>


		<!-- ==== ListView Dimensions ==== -->
    <include name="ListView_Dimensions">
  			<left>30</left>
  			<top>150</top>
  			<width>1190</width>
  			<height>450</height>
  			<onleft>60</onleft>
  			<onright>9111</onright>
  			<onup>50</onup>
  			<ondown>50</ondown>
  			<viewtype label="535">List</viewtype>
  			<pagecontrol>60</pagecontrol>
  		  <scrolltime tween="cubic" easing="out">300</scrolltime>
    </include>

		<!-- ==== ListView Arrows ==== -->
    <include name="ListView_Arrows">
			<control type="image">
				<left>58</left>
				<top>135</top>
				<width>24</width>
				<height>21</height>
				<texture>views/scrollbar/arrow.png</texture>
		  </control>
		  <control type="image">
				<left>58</left>
				<top>595</top>
				<width>24</width>
				<height>21</height>
				<texture flipy="true">views/scrollbar/arrow.png</texture>
		  </control>
    </include>
    
		<!-- ==== ListView Scrollbar ==== -->
    <include name="ListView_Scrollbar">
			<control type="scrollbar" id="60">
				<left>25</left>
				<top>165</top>
				<width>9</width>
				<height>425</height>
				<texturesliderbackground>-</texturesliderbackground>
				<texturesliderbar border="0,14,0,14">views/scrollbar/scrollbar.png</texturesliderbar>
				<texturesliderbarfocus border="0,14,0,14">views/scrollbar/scrollbar.png</texturesliderbarfocus>
				<textureslidernib>-</textureslidernib>
				<textureslidernibfocus>-</textureslidernibfocus>
				<onleft>9000</onleft>
				<onright>50</onright>
				<showonepage>false</showonepage>
				<orientation>vertical</orientation>
			  <animation effect="fade" start="100" end="0" time="250" condition="!Control.HasFocus(60) + !Container.Scrolling">Conditional</animation>
				<visible>Control.IsVisible(50)</visible>
			</control>
    </include>

		<!-- ==== Banners View Panel ==== -->
    <include name="BannersView_Panel">
			<control type="image">
				<left>11</left>
				<top>11</top>
				<width>719</width>
				<height>231</height>
				<aspectratio align="center" aligny="center">stretch</aspectratio>
				<texture background="true" border="39">views/other/panel.png</texture>
			</control>
    </include>

		<!-- ==== ListView Poster/Fanart ==== -->
    <include name="ListView_PosterAndFanart">
  		<control type="image">
  			<left>430</left>
  			<top>-50</top>
  			<width>1040</width>
  			<height>668</height>
  			<aspectratio align="center" aligny="center">stretch</aspectratio>
  		  <texture background="true">views/list/shine.png</texture>
  			<!-- <colordiffuse>ccffffff</colordiffuse> -->
  		</control>
  		<control type="image">
  			<left>606</left>
  			<top>137</top>
  			<width>650</width>
  			<height>302</height>
  			<aspectratio align="right" aligny="center">stretch</aspectratio>
  			<texture background="true" border="70">views/other/panel.png</texture>
  			<bordersize>20</bordersize>
  		</control>
  		<control type="image">
  			<left>630</left>
  			<top>161</top>
  			<width>183</width>
  			<height>254</height>
  			<aspectratio align="center" aligny="center">scale</aspectratio>
  			<texture background="true" fallback="thumbs/fallback_poster_tp.png">$VAR[VarArtPoster]</texture>
  			<bordertexture border="15">thumbs/thumb_border.png</bordertexture>
  			<fadetime>IconCrossfadeTime</fadetime>
  		  <bordersize>6</bordersize>
  		</control>
  		<control type="image">
  			<left>630</left>
  			<top>161</top>
  			<width>183</width>
  			<height>254</height>
  			<aspectratio align="center" aligny="center">stretch</aspectratio>
  			<texture background="true">views/list/overlay_poster.png</texture>
  			<bordersize>6</bordersize>
  		</control>
  		<control type="image">
  			<left>810</left>
  			<top>161</top>
  			<width>422</width>
  			<height>254</height>
  			<aspectratio align="center" aligny="center">stretch</aspectratio>
  			<texture background="true" border="15">thumbs/thumb_border.png</texture>
  		</control>
  		<control type="image">
  			<left>810</left>
  			<top>161</top>
  			<width>422</width>
  			<height>254</height>
  			<aspectratio align="center" aligny="center">scale</aspectratio>
  	    <texture background="true" fallback="thumbs/fallback_fanart_tp.png">$VAR[VarArtFanart]</texture>
  			<fadetime>IconCrossfadeTime</fadetime>
  		  <bordersize>6</bordersize>
				<visible>![[Container.Content(TVShows) | Container.Content(Seasons)] + Stringcompare(Skin.String(ListViewWideThumbTVShows),3)]</visible>
  		</control>
  		<control type="image">
  			<left>810</left>
  			<top>161</top>
  			<width>422</width>
  			<height>254</height>
  			<aspectratio align="center" aligny="center">keep</aspectratio>
  	    <texture background="true" fallback="thumbs/fallback_fanart_tp.png">$VAR[VarArtFanart]</texture>
  			<fadetime>IconCrossfadeTime</fadetime>
  			<bordersize>40</bordersize>
				<visible>[[Container.Content(TVShows) | Container.Content(Seasons)] + Stringcompare(Skin.String(ListViewWideThumbTVShows),3)]</visible>
  		</control>
  		<control type="image">
  			<left>810</left>
  			<top>161</top>
  			<width>422</width>
  			<height>254</height>
  			<aspectratio align="center" aligny="center">stretch</aspectratio>
  			<texture background="true">views/list/overlay_fanart.png</texture>
  			<bordersize>6</bordersize>
  		</control>
  		<control type="image">
  			<left>670</left>
  			<top>425</top>
  			<width>120</width>
  			<height>23</height>
  			<aspectratio align="center" aligny="center">keep</aspectratio>
  	    <texture background="true" fallback="rating/rating0.png">$INFO[ListItem.StarRating,rating/]</texture>
  		</control>
    </include>

		<!-- ==== ListView Thumb/Fanart ==== -->
    <include name="ListView_ThumbAndFanart">
			<control type="image">
				<left>430</left>
				<top>-25</top>
				<width>1040</width>
				<height>610</height>
				<aspectratio align="center" aligny="center">stretch</aspectratio>
			  <texture background="true">views/list/shine.png</texture>
				<!-- <colordiffuse>ccffffff</colordiffuse> -->
			</control>
			<control type="image">
				<left>610</left>
				<top>140</top>
				<width>645</width>
				<height>274</height>
				<aspectratio align="right" aligny="center">stretch</aspectratio>
				<texture background="true" border="70">views/other/panel.png</texture>
				<bordersize>20</bordersize>
			</control>
			<control type="image">
				<left>634</left>
				<top>164</top>
				<width>227</width>
				<height>226</height>
				<aspectratio align="center" aligny="center">stretch</aspectratio>
				<texture background="true" fallback="thumbs/fallback_square_tp.png">$VAR[VarArtPoster]</texture>
  			<bordertexture border="15">thumbs/thumb_border.png</bordertexture>
  			<fadetime>IconCrossfadeTime</fadetime>
  		  <bordersize>6</bordersize>
			</control>
			<control type="image">
				<left>634</left>
				<top>164</top>
				<width>227</width>
				<height>226</height>
				<aspectratio align="center" aligny="center">stretch</aspectratio>
				<texture background="true" >views/list/overlay_square.png</texture>
				<bordersize>6</bordersize>
			</control>
			<control type="image">
				<left>858</left>
				<top>164</top>
				<width>373</width>
				<height>226</height>
				<aspectratio align="center" aligny="center">stretch</aspectratio>
		    <texture background="true" fallback="thumbs/fallback_fanart_tp.png">$VAR[VarArtFanart]</texture>
  			<bordertexture border="15">thumbs/thumb_border.png</bordertexture>
  			<fadetime>IconCrossfadeTime</fadetime>
  		  <bordersize>6</bordersize>
			</control>
			<control type="image">
				<left>858</left>
				<top>164</top>
				<width>373</width>
				<height>226</height>
				<aspectratio align="center" aligny="center">stretch</aspectratio>
				<texture background="true" >views/list/overlay_fanart.png</texture>
				<bordersize>6</bordersize>
			</control>
			<control type="image">
				<left>690</left>
				<top>412</top>
				<width>120</width>
				<height>23</height>
				<aspectratio align="center" aligny="center">keep</aspectratio>
		    <texture background="true" fallback="rating/rating0.png">$INFO[ListItem.StarRating,rating/]</texture>
			</control>
    </include>

		<!-- ==== ListView Thumb ==== -->
    <include name="ListView_Thumb">
  		<control type="image">
  			<left>665</left>
  			<top>9</top>
  			<width>790</width>
  			<height>590</height>
  			<aspectratio align="center" aligny="center">stretch</aspectratio>
  			<texture>views/list/shine2.png</texture>
  			<!-- <colordiffuse>ccffffff</colordiffuse> -->
  		</control>
  		<control type="image">
  			<left>735</left>
  			<top>161</top>
  			<width>500</width>
  			<height>256</height>
  			<aspectratio align="right" aligny="top">keep</aspectratio>
  			<texture>$INFO[Listitem.Icon]</texture>
  			<bordertexture border="31">views/other/panel2.png</bordertexture>
  			<bordersize>10</bordersize>
  		</control>
    </include>


  	<!-- ==== Variables ==== -->

  	<variable name="ListItem.Duration">
  		<value condition="!IntegerGreaterThan(ListItem.Duration,0)">$LOCALIZE[195]</value>
		<value condition="!SubString(listitem.Duration,Mins)">$INFO[ListItem.Duration,, $LOCALIZE[12391]]</value>
  		<value condition="SubString(listitem.Duration,Mins)">$INFO[ListItem.Duration]</value>
		<value condition="!IntegerGreaterThan(ListItem.Duration,0)">$LOCALIZE[195]</value>
		<value>$INFO[ListItem.Duration]</value>
  	</variable>
  	
    <variable name="ListItem.Label">
      <value condition="ListItem.IsPlaying">[COLOR=selected]$INFO[ListItem.Label][/COLOR]</value>
      <value>$INFO[ListItem.Label]</value>
    </variable>
  
    <variable name="ListItem.Title">
      <value condition="!IsEmpty(ListItem.Title)">$INFO[ListItem.Title]</value>
      <value>$INFO[ListItem.Label]</value>
    </variable>
  
  	<variable name="ListItemLabel2">
      <value condition="!IsEmpty(ListItem.Label2)">[COLOR=selected]$INFO[ListItem.Label2][/COLOR]</value>
  		<value>$INFO[ListItem.Property(Addon.Version)]</value>
  	</variable>	
  
  	<variable name="FirstMusicLabel">
  		<value condition="Container.Content(Songs) + !IntegerGreaterThan(ListItem.TrackNumber,9)">$INFO[ListItem.TrackNumber,0]</value>
  		<value condition="Container.Content(Songs) + IntegerGreaterThan(ListItem.TrackNumber,9)">$INFO[ListItem.TrackNumber]</value>
  	  <value condition="!IsEmpty(ListItem.Year) + !Container.Content(Songs)">$INFO[ListItem.Year]</value>
  	  <value condition="!Container.Content(Songs)">․  ․  ․</value>
  	</variable>	
  
  	<variable name="MusicLabel">
  		<value condition="Container.Content(Songs) + !IsEmpty(ListItem.Title)">$INFO[ListItem.Title]$INFO[ListItem.Artist, - ]</value>
  		<value>$INFO[ListItem.Label]</value>
  	</variable>	
  	
  	<variable name="MusicLabel2">
  		<value condition="Container.Content(Artists) + !IsEmpty(ListItem.Property(Artist_Genre))">$INFO[ListItem.Property(Artist_Genre)]</value>
  		<value condition="Container.Content(Songs) + !IsEmpty(ListItem.Duration)">$INFO[ListItem.Duration]</value>
  		<value condition="!IsEmpty(ListItem.Label2)">$INFO[ListItem.Label2]</value>
  		<value>$INFO[ListItem.Property(Addon.Version)]</value>
  	</variable>
  
  	<variable name="BannersListMusicLabel">
  		<value condition="Container.Content(Songs) + !IsEmpty(ListItem.Title)">$INFO[ListItem.TrackNumber,,. ]$INFO[ListItem.Title]</value>
  		<value>$INFO[ListItem.Label]</value>
  	</variable>
  	
  	<variable name="BannersListMusicSubLabel">
  		<value condition="Container.Content(Artists) + !IsEmpty(ListItem.Property(Artist_Genre))">$INFO[ListItem.Property(Artist_Genre)]</value>
  		<value condition="Container.Content(Songs) + !IsEmpty(ListItem.Title)">$INFO[ListItem.Album]$INFO[ListItem.Artist, - ]</value>
  		<value>$INFO[ListItem.Label2]</value>
  	</variable>
  
  	<variable name="BannersListMusicBottomLabel">
  		<value condition="Container.Content(Artists)">$INFO[ListItem.Property(Artist_YearsActive),$LOCALIZE[21898]  ]</value>
  		<value condition="Container.Content(Albums)">$INFO[ListItem.Year]$INFO[ListItem.Property(Album_label), • ]</value>
  		<value condition="Container.Content(Songs) + !IntegerGreaterThan(ListItem.TrackNumber,9)">$INFO[ListItem.TrackNumber,$LOCALIZE[554] #0,]$INFO[ListItem.Duration,  •  , $LOCALIZE[12391]]</value>
  		<value condition="Container.Content(Songs) + IntegerGreaterThan(ListItem.TrackNumber,9)">$INFO[ListItem.TrackNumber,$LOCALIZE[554] #,]$INFO[ListItem.Duration,  •  , $LOCALIZE[12391]]</value>
  	</variable>
  
  	<variable name="FanartThumbsOptionsLabels">
  		<value condition="Control.IsVisible(50) + [Container.Content(TVShows) | Container.Content(Seasons)] + Stringcompare(Skin.String(ListViewWideThumbTVShows),1)">$LOCALIZE[20445]</value>
  		<value condition="Control.IsVisible(50) + [Container.Content(TVShows) | Container.Content(Seasons)] + Stringcompare(Skin.String(ListViewWideThumbTVShows),2)">$LOCALIZE[31218]</value>
  		<value condition="Control.IsVisible(50) + [Container.Content(TVShows) | Container.Content(Seasons)] + Stringcompare(Skin.String(ListViewWideThumbTVShows),3)">$LOCALIZE[31219]</value>
  		<value condition="Control.IsVisible(50) + [Container.Content(Movies) | Container.Content(Sets)] + Stringcompare(Skin.String(ListViewWideThumbMovies),1)">$LOCALIZE[20445]</value>
  		<value condition="Control.IsVisible(50) + [Container.Content(Movies) | Container.Content(Sets)] + Stringcompare(Skin.String(ListViewWideThumbMovies),2)">$LOCALIZE[31218]</value>
  		<value condition="Control.IsVisible(50) + [Container.Content(Movies) | Container.Content(Sets)] + Stringcompare(Skin.String(ListViewWideThumbMovies),3)">$LOCALIZE[31219]</value>
  		<value condition="Control.IsVisible(52) + [Container.Content(TVShows) | Container.Content(Seasons)] + Stringcompare(Skin.String(GalleryViewWideThumbTVShows),1)">$LOCALIZE[20445]</value>
  		<value condition="Control.IsVisible(52) + [Container.Content(TVShows) | Container.Content(Seasons)] + Stringcompare(Skin.String(GalleryViewWideThumbTVShows),2)">$LOCALIZE[31218]</value>
  		<value condition="Control.IsVisible(52) + [Container.Content(TVShows) | Container.Content(Seasons)] + Stringcompare(Skin.String(GalleryViewWideThumbTVShows),3)">$LOCALIZE[31219]</value>
  		<value condition="Control.IsVisible(52) + [Container.Content(Movies) | Container.Content(Sets)] + Stringcompare(Skin.String(GalleryViewWideThumbMovies),1)">$LOCALIZE[20445]</value>
  		<value condition="Control.IsVisible(52) + [Container.Content(Movies) | Container.Content(Sets)] + Stringcompare(Skin.String(GalleryViewWideThumbMovies),2)">$LOCALIZE[31218]</value>
  		<value condition="Control.IsVisible(52) + [Container.Content(Movies) | Container.Content(Sets)] + Stringcompare(Skin.String(GalleryViewWideThumbMovies),3)">$LOCALIZE[31219]</value>
  	</variable>
  
  	<variable name="GlobalInfo">
  		<value condition="Substring(ListItem.Path,videodb://movies/sets/,left) + ListItem.IsFolder + !IsEmpty(ListItem.Title)">$LOCALIZE[20457]</value>
  		<value condition="Container.Content(Movies) + !IsEmpty(ListItem.Property(ReleaseDate))">$INFO[ListItem.Property(ReleaseDate),$LOCALIZE[31004]: ]</value>
      <value condition="Control.IsVisible(50) + [Container.Content(TVShows) | Container.Content(Seasons)] + IntegerGreaterThan(ListItem.Property(unWatchedEpisodes),0)">$INFO[ListItem.MPAA,$LOCALIZE[20074]: ]</value>
      <value condition="Control.IsVisible(50) + [Container.Content(TVShows) | Container.Content(Seasons)] + !IsEmpty(ListItem.Property(UnWatchedEpisodes))">$INFO[ListItem.Property(UnWatchedEpisodes),, $LOCALIZE[16101] $LOCALIZE[20360]]</value>
  		<value condition="Container.Content(Episodes) + ![IsEmpty(ListItem.Season) + IsEmpty(ListItem.Episode)]">$INFO[ListItem.Season,$LOCALIZE[20373] ,  •  ]$INFO[ListItem.Episode,$LOCALIZE[20359] ,  •  ]$INFO[ListItem.Premiered,$LOCALIZE[31003] ]</value>
  		<value condition="Container.Content(Episodes) + [IsEmpty(ListItem.Season) + IsEmpty(ListItem.Episode)]">$INFO[ListItem.Premiered]</value>
  		<value condition="[Container.Content(Movies) | Container.Content(TVShows) | Container.Content(Seasons)]">$INFO[ListItem.Genre]</value>
  		<value condition="Container.Content(MusicVideos)">$INFO[ListItem.Artist]$INFO[ListItem.Album , • ]</value>
  		<value condition="Container.Content(Files) + !SubString(Container.FolderPath,plugin://)">$INFO[ListItem.Date]$INFO[ListItem.Size, • ]$INFO[ListItem.Duration, • ]</value>
  		<value condition="Container.Content(Artists)">$INFO[ListItem.Property(Artist_Style)]</value>
  		<value condition="Container.Content(Albums)">$INFO[ListItem.Property(Album_Style)]</value>
  		<value condition="Container.Content(Songs)">$INFO[ListItem.Album]$INFO[ListItem.Artist, - ]</value>
  		<value condition="Window.IsActive(AddonBrowser)">$INFO[ListItem.Property(Addon.Summary)]</value>
  		<value condition="Container.Content(Addons) + !IsEmpty(ListItem.Property(Addon.Summary))">$INFO[ListItem.Property(Addon.Summary)]</value>
  		<value condition="Window.IsActive(Pictures)">$INFO[ListItem.PictureDateTime,, • ]$INFO[ListItem.PictureResolution]$INFO[ListItem.PictureCamModel, • ]</value>
  		<value condition="Window.IsActive(Programs)">$INFO[ListItem.Property(Addon.Summary)]</value>
  	</variable>
  
  	<variable name="GlobalPlotDescription">
  		<value condition="Container.Content(Artists)">$INFO[ListItem.Property(Artist_Description)]</value>
  		<value condition="Container.Content(Albums)">$INFO[ListItem.Property(Album_Description)]</value>
  		<value condition="Container.Content(Songs)">$INFO[ListItem.Comment]</value>
  		<value condition="Container.Content(Addons)">$INFO[ListItem.Property(Addon.Description)]</value>
      <value condition="SubString(ListItem.Path,videodb://movies/sets/,left)">$INFO[Window(home).Property(Set.Movies.ExtendedPlot)]</value>
  		<value condition="Container.Content(seasons) + !IsEmpty(ListItem.Title) + !IsEmpty(ListItem.Property(UnWatchedEpisodes))">$INFO[Container.ShowPlot]</value>
  		<value>$INFO[ListItem.Plot]</value>
  	</variable>

  	<variable name="SmallGlobalInfo">
  		<value condition="Substring(ListItem.Path,videodb://movies/sets/,left) + ListItem.IsFolder + !IsEmpty(ListItem.Title)">$LOCALIZE[20457]</value>
  		<value condition="Container.Content(Movies) + IsEmpty(ListItem.Property(ReleaseDate))">$INFO[ListItem.Year]$INFO[ListItem.Rating, • ,]$INFO[ListItem.Duration, • , $LOCALIZE[12391]]</value>
  		<value condition="Container.Content(Movies) + !IsEmpty(ListItem.Property(ReleaseDate))">$INFO[ListItem.Property(ReleaseDate),$LOCALIZE[31004]: ]</value>
  		<value condition="Container.Content(TVShows) | Container.Content(Seasons) + !IsEmpty(ListItem.Property(UnWatchedEpisodes))">$INFO[ListItem.Year,, • ,]$INFO[ListItem.Rating,, • ,]$INFO[ListItem.Property(UnWatchedEpisodes),, $LOCALIZE[16101]]</value>
  		<value condition="Container.Content(Episodes)">$INFO[ListItem.Premiered,$LOCALIZE[31003] ]$INFO[ListItem.Rating, • ,]$INFO[ListItem.Duration, • , $LOCALIZE[12391]]</value>
  	</variable>

  	<variable name="NetFlixSubLabelInfo">
  		<value condition="Substring(ListItem.Path,videodb://movies/sets/,left) + ListItem.IsFolder + !IsEmpty(ListItem.Title)">$LOCALIZE[20457]</value>
  		<value condition="[Container.Content(Movies) + substring(Container.FolderPath,plugin://plugin.video,left)] + !IsEmpty(ListItem.Property(ReleaseDate))">$INFO[ListItem.Property(ReleaseDate),$LOCALIZE[31004]: ]</value>
  		<value condition="Container.Content(Episodes)">$INFO[ListItem.Premiered]</value>
  		<value>$INFO[ListItem.Year]</value>
  	</variable>

  	<variable name="NetFlixSeasonsLabel">
  		<value condition="Container.Content(TVShows) + IntegerGreaterThan(ListItem.Property(TotalSeasons),1)">$INFO[ListItem.Property(TotalSeasons),, $LOCALIZE[33054]]</value>
  		<value condition="Container.Content(TVShows) + !IntegerGreaterThan(ListItem.Property(TotalSeasons),1)">$INFO[ListItem.Property(TotalSeasons),, $LOCALIZE[20373]]</value>
  	</variable>

  	<variable name="NetFlixIMDBInfo">
  		<value condition="!IsEmpty(ListItem.Top250)">$INFO[ListItem.Top250,Top 250 #]</value>
  		<value>$INFO[ListItem.RatingAndVotes]</value>
  	</variable>

  	<variable name="AddonsLabel2">
  		<value condition="stringcompare(Container.FolderPath,addons://sources/video/) + !IsEmpty(ListItem.Property(Addon.Broken))">[COLOR=red]$LOCALIZE[24098][/COLOR]</value>
  		<value condition="!stringcompare(Container.FolderPath,addons://sources/video/) + !IsEmpty(ListItem.Property(Addon.Broken))">[COLOR=red]$INFO[ListItem.Label2][/COLOR]</value>
  		<value condition="!stringcompare(Container.FolderPath,addons://sources/video/) + IsEmpty(ListItem.Label2)">$INFO[ListItem.Property(Addon.Version)]</value>
  		<value condition="Window.IsActive(Pictures) + Control.IsVisible(560)  + !IsEmpty(ListItem.PictureResolution)">$INFO[ListItem.PictureDateTime,, • ]$INFO[ListItem.PictureResolution]$INFO[ListItem.PictureCamModel, • ]</value>
  		<value condition="!substring(Container.FolderPath,addons://enabled/) + !IsEmpty(ListItem.Label2)">$INFO[ListItem.Label2]</value>
  		<value>$INFO[ListItem.Property(Addon.Version)]</value>
  	</variable>
  
    <variable name="AddonStatus">
      <value condition="stringcompare(ListItem.Label2,$LOCALIZE[305])">overlays/addons_status/status_enabled.png</value>
      <value condition="stringcompare(ListItem.Label2,$LOCALIZE[24098]) | stringcompare(ListItem.Label2,$LOCALIZE[24049])">overlays/addons_status/status_broken.png</value>
      <value condition="stringcompare(ListItem.Label2,$LOCALIZE[24068])">overlays/addons_status/status_update.png</value>
    </variable>
  
  	<variable name="VarArtPoster">
  		<value condition="!IsEmpty(ListItem.Art(poster))">$INFO[ListItem.Art(poster)]</value>
  		<value condition="Container.Content(Episodes) + !IsEmpty(ListItem.Art(tvshow.poster))">$INFO[ListItem.Art(tvshow.poster)]</value>
  		<value condition="Container.Content(Episodes) + IsEmpty(ListItem.Art(tvshow.poster))">$INFO[ListItem.Art(poster)]</value>
  		<value condition="Container.Content(Seasons) + !IsEmpty(ListItem.Art(season.poster))">$INFO[ListItem.Art(season.poster)]</value>
  		<value condition="Container.Content(Seasons) + IsEmpty(ListItem.Art(season.poster)) + !IsEmpty(ListItem.Art(tvshow.poster))">$INFO[ListItem.Art(tvshow.poster)]</value>
  		<value condition="[IsEmpty(ListItem.Art(poster)) | IsEmpty(ListItem.Art(season.poster)) | IsEmpty(ListItem.Art(tvshow.poster))] + !IsEmpty(ListItem.Art(thumb))">$INFO[ListItem.Art(thumb)]</value>
        <value>$INFO[ListItem.ActualIcon,thumbs/,/folderback_poster_big_tp.png]</value>
  	</variable>
  	
	
  	<variable name="VarArtFanart">
  		<value condition="Control.IsVisible(50) + [Container.Content(TVShows) | Container.Content(Seasons)] + Stringcompare(Skin.String(ListViewWideThumbTVShows),2)">$VAR[LandscapeVars]</value>
  		<value condition="Control.IsVisible(50) + [Container.Content(TVShows) | Container.Content(Seasons)] + Stringcompare(Skin.String(ListViewWideThumbTVShows),3)">$VAR[ClearlogoVars]</value>
  		<value condition="Control.IsVisible(50) + [Container.Content(Movies) | Container.Content(Sets)] + Stringcompare(Skin.String(ListViewWideThumbMovies),2)">$VAR[LandscapeVars]</value>
  		<value condition="Control.IsVisible(50) + [Container.Content(Movies) | Container.Content(Sets)] + Stringcompare(Skin.String(ListViewWideThumbMovies),3)">$VAR[ClearlogoVars]</value>
  		<value condition="Container.Content(Episodes) + !IsEmpty(ListItem.Art(thumb))">$INFO[ListItem.Art(thumb)]</value>
  		<value condition="!IsEmpty(ListItem.Art(fanart))">$INFO[ListItem.Art(fanart)]</value>
  		<value condition="!IsEmpty(ListItem.Property(Fanart_Image))">$INFO[ListItem.Property(Fanart_Image)]</value>
  		<value>$INFO[ListItem.ActualIcon,thumbs/,/folderback_fanart_tp.png]</value>
  	</variable>

  	<variable name="VarArtBanner">
  		<value condition="!IsEmpty(ListItem.Art(tvshow.banner))">$INFO[ListItem.Art(tvshow.banner)]</value>
  		<value condition="!IsEmpty(ListItem.Art(banner))">$INFO[ListItem.Art(banner)]</value>
      <value condition="!IsEmpty(ListItem.Art(thumb))">$INFO[ListItem.Art(thumb)]</value>
      <value>$INFO[ListItem.ActualIcon,thumbs/,/folderback_banner_tp.png]</value>
  	</variable>
  
  	<variable name="VarArtThumb">
      <value condition="!IsEmpty(ListItem.Art(thumb))">$INFO[ListItem.Art(thumb)]</value>
      <value>$INFO[ListItem.ActualIcon,thumbs/,/folderback_episode_tp.png]</value>
  	</variable>
  
  	<variable name="VarArtThumbSquare">
      <value condition="!IsEmpty(ListItem.Art(thumb))">$INFO[ListItem.Art(thumb)]</value>
      <value>$INFO[ListItem.ActualIcon,thumbs/,/folderback_square_tp.png]</value>
  	</variable>

  	<variable name="VideoWallThumb">
  		<value condition="!IsEmpty(ListItem.Art(clearlogo))">$INFO[ListItem.Art(clearlogo)]</value>
  		<value condition="!IsEmpty(ListItem.Art(clearart))">$INFO[ListItem.Art(clearart)]</value>
      <value>$INFO[ListItem.ActualIcon,thumbs/,/folderback_episode_tp.png]</value>
  	</variable>
  
    <variable name="ThumbnailsIcon">
      <value condition="!IsEmpty(ListItem.Art(thumb))">$INFO[ListItem.Art(thumb)]</value>
      <value>$INFO[ListItem.Icon]</value>
    </variable>

  	<variable name="NetFlixLandscapeThumb">
  		<value condition="Container.Content(TVShows) + !IsEmpty(ListItem.Art(landscape))">$INFO[ListItem.Art(landscape)]</value>
  		<value condition="Container.Content(TVShows) + !IsEmpty(ListItem.Art(clearart))">$INFO[ListItem.Art(clearart)]</value>
  		<value condition="Container.Content(Seasons) + !IsEmpty(ListItem.Art(tvshow.landscape))">$INFO[ListItem.Art(tvshow.landscape)]</value>
      <value condition="Container.Content(Episodes) + !IsEmpty(ListItem.Art(thumb))">$INFO[ListItem.Art(thumb)]</value>
      <value>$INFO[ListItem.ActualIcon,thumbs/,/folderback_episode_tp.png]</value>
  	</variable>
	
	<variable name="LoveFilmPoster">		
		<value>$INFO[ListItem.Art(poster)]</value>
	</variable>
  
  	<variable name="LandscapeVars">
  		<value condition="[Container.Content(TVShows) | Container.Content(Movies) | Container.Content(Sets)] + !IsEmpty(ListItem.Art(landscape))">$INFO[ListItem.Art(landscape)]</value>
  		<value condition="Container.Content(Seasons) + !IsEmpty(ListItem.Art(tvshow.landscape))">$INFO[ListItem.Art(tvshow.landscape)]</value>
  		<value>$INFO[ListItem.ActualIcon,thumbs/,/folderback_fanart_tp.png]</value>
  	</variable>

  	<variable name="ClearlogoVars">
  		<value condition="[Container.Content(TVShows) | Container.Content(Movies) | Container.Content(Sets)] + !IsEmpty(ListItem.Art(clearlogo))">$INFO[ListItem.Art(clearlogo)]</value>
  		<value condition="Container.Content(Seasons) + !IsEmpty(ListItem.Art(tvshow.clearlogo))">$INFO[ListItem.Art(tvshow.clearlogo)]</value>
  		<value>$INFO[ListItem.ActualIcon,thumbs/,/folderback_fanart_tp.png]</value>
  	</variable>
  
    <variable name="ThumbnailsOnThumbLabel">
      <value condition="IntegerGreaterThan(ListItem.Property(UnWatchedEpisodes),0) + !IsEmpty(ListItem.Property(UnWatchedEpisodes))">$INFO[ListItem.Property(UnWatchedEpisodes)]</value>
      <value condition="Container.Content(Episodes) + !IsEmpty(ListItem.Episode)">$INFO[ListItem.Season,,x]$INFO[ListItem.Episode]</value>
      <value condition="!IsEmpty(ListItem.Duration)">$INFO[ListItem.Label2]</value>
    </variable>
  
    <variable name="ContentInfoVideos">
      <value condition="![[Container.Content(Movies) | Container.Content(Sets) | Container.Content(TVShows) | Container.Content(Seasons) | Container.Content(Episodes) | Container.Content(MusicVideos)] + !substring(Container.FolderPath,plugin://plugin.video,left)]">$LOCALIZE[3]</value>
      <value condition="[Container.Content(Movies) | Container.Content(Sets)]  + !substring(Container.FolderPath,plugin://plugin.video,left)">$LOCALIZE[20342]</value>
      <value condition="[Container.Content(TVShows) | Container.Content(Seasons) | Container.Content(Episodes)] + !substring(Container.FolderPath,plugin://plugin.video,left)">$LOCALIZE[31002]</value>
      <value condition="Container.Content(MusicVideos)">$LOCALIZE[20389]</value>
    </variable>


</includes>    