<?xml version="1.0" encoding="UTF-8"?>
<window  id="2006">
	<defaultcontrol>-</defaultcontrol>
	<allowoverlay>no</allowoverlay>
	<controls>
	  <include>BackgroundItems</include>

    <control type="group">
			<animation effect="fade" time="600">WindowOpen</animation>
			<animation effect="fade" time="600">WindowClose</animation>
			<animation effect="fade" time="400">Visible</animation>
			<animation effect="fade" time="400">Hidden</animation>
			<visible>Player.HasAudio + !Window.IsActive(script-XBMC_Lyrics-main.xml)</visible>
			<visible>!Skin.HasSetting(HideOSDScrollingTitles)</visible>
			<control type="group" id="3333">
				<visible> IntegerGreaterThan(System.Time(ss),41)</visible>
				<animation effect="fade" time="600">Visible</animation>
				<animation effect="fade" time="600">Hidden</animation>
				<control type="label">
					<description>Now Playing</description>
					<left>0</left>
					<top>900</top>
					<width>1350</width>
					<height>25</height>
					<label>$INFO[MusicPlayer.Title,  ,]$INFO[MusicPlayer.Title,  ,]$INFO[MusicPlayer.Title,  ,]$INFO[MusicPlayer.Title,  ,]$INFO[MusicPlayer.Title,  ,]</label>
					<scroll>true</scroll>
					<font>FontSize_230</font>
					<pauseatend>0</pauseatend>
					<textcolor>77white</textcolor>
					<angle>45</angle>
					<align>left</align>
				</control>
				<control type="label">
					<description>Now Playing</description>
					<left>170</left>
					<top>900</top>
					<width>1350</width>
					<label>$INFO[MusicPlayer.Artist, ,]$INFO[MusicPlayer.Artist, ,]$INFO[MusicPlayer.Artist,,]$INFO[MusicPlayer.Artist,,]$INFO[MusicPlayer.Artist, ,]$INFO[MusicPlayer.Artist, ,]$INFO[MusicPlayer.Artist, ,]$INFO[MusicPlayer.Artist, ,]$INFO[MusicPlayer.Artist, ,]</label>
					<scroll>true</scroll>
					<pauseatend>0</pauseatend>
					<font>FontSize_110</font>
					<textcolor>44grey</textcolor>
					<angle>45</angle>
					<align>left</align>
					<scrollspeed>100</scrollspeed>
				</control>
				<control type="label">
					<description>Now Playing</description>
					<left>320</left>
					<top>900</top>
					<width>1350</width>
					<label>$INFO[MusicPlayer.Album, ,]$INFO[MusicPlayer.Album, ,]$INFO[MusicPlayer.Album, ,]$INFO[MusicPlayer.Album, ,]$INFO[MusicPlayer.Album, ,]$INFO[MusicPlayer.Album, ,]$INFO[MusicPlayer.Album, ,]$INFO[MusicPlayer.Album, ,]$INFO[MusicPlayer.Album, ,]$INFO[MusicPlayer.Album, ,]</label>
					<scroll>true</scroll>
					<pauseatend>0</pauseatend>
					<font>FontSize_48</font>
					<textcolor>99grey</textcolor>
					<angle>45</angle>
					<align>left</align>
					<scrollspeed>80</scrollspeed>
				</control>			
				<control type="label">
					<description>Player Times</description>
					<left>70</left>
					<top>0</top>
					<width>900</width>
					<label>$INFO[MusicPlayer.Time(mm:ss)]</label>
					<align>left</align>
					<font>FontSize_230</font>
					<angle>-45</angle>
					<textcolor>33white</textcolor>
				</control>
      </control>
			<control type="group" id="3334">
				<visible> IntegerGreaterThan(System.Time(ss),0) + !IntegerGreaterThan(System.Time(ss),21)</visible>
				<animation effect="fade" time="600">Visible</animation>
				<animation effect="fade" time="600">Hidden</animation>
			  <control type="label">
					<description>Now Playing</description>
					<left>0</left>
					<top>500</top>
					<width>1350</width>
					<height>25</height>
					<label>$INFO[MusicPlayer.Title,  ,]$INFO[MusicPlayer.Title,  ,]$INFO[MusicPlayer.Title,  ,]$INFO[MusicPlayer.Title,  ,]$INFO[MusicPlayer.Title,  ,]</label>
					<scroll>true</scroll>
					<font>FontSize_230</font>
					<pauseatend>0</pauseatend>
					<textcolor>77white</textcolor>
					<align>left</align>
				</control>
			  <control type="label">
					<description>Now Playing</description>
					<left>0</left>
					<top>600</top>
					<width>1350</width>
					<label>$INFO[MusicPlayer.Artist, ,]$INFO[MusicPlayer.Artist, ,]$INFO[MusicPlayer.Artist,,]$INFO[MusicPlayer.Artist,,]$INFO[MusicPlayer.Artist, ,]$INFO[MusicPlayer.Artist, ,]$INFO[MusicPlayer.Artist, ,]$INFO[MusicPlayer.Artist, ,]$INFO[MusicPlayer.Artist, ,]</label>
					<scroll>true</scroll>
					<pauseatend>0</pauseatend>
					<font>FontSize_110</font>
					<textcolor>44grey</textcolor>
					<align>left</align>
					<scrollspeed>100</scrollspeed>
				</control>
			  <control type="label">
					<description>Now Playing</description>
					<left>0</left>
					<top>600</top>
					<width>1350</width>
					<label>$INFO[MusicPlayer.Album, ,]$INFO[MusicPlayer.Album, ,]$INFO[MusicPlayer.Album, ,]$INFO[MusicPlayer.Album, ,]$INFO[MusicPlayer.Album, ,]$INFO[MusicPlayer.Album, ,]$INFO[MusicPlayer.Album, ,]$INFO[MusicPlayer.Album, ,]$INFO[MusicPlayer.Album, ,]$INFO[MusicPlayer.Album, ,]</label>
					<scroll>true</scroll>
					<pauseatend>0</pauseatend>
					<font>FontSize_48</font>
					<textcolor>99grey</textcolor>
					<align>left</align>
					<scrollspeed>80</scrollspeed>
				</control>			
			  <control type="label">
					<description>Player Times</description>
					<left>760</left>
					<top>80</top>
					<width>900</width>
					<label>$INFO[MusicPlayer.Time(mm:ss)]</label>
					<align>left</align>
					<font>FontSize_230</font>
					<textcolor>33white</textcolor>
			  </control>
      </control>
			<control type="group" id="3335">
				<visible> IntegerGreaterThan(System.Time(ss),20) + !IntegerGreaterThan(System.Time(ss),41)</visible>
				<animation effect="fade" time="600">Visible</animation>
				<animation effect="fade" time="600">Hidden</animation>
				<control type="label">
					<description>Now Playing</description>
					<left>400</left>
					<top>900</top>
					<width>1050</width>
					<height>25</height>
					<label>$INFO[MusicPlayer.Title,  ,]$INFO[MusicPlayer.Title,  ,]$INFO[MusicPlayer.Title,  ,]$INFO[MusicPlayer.Title,  ,]$INFO[MusicPlayer.Title,  ,]</label>
					<scroll>true</scroll>
					<font>FontSize_230</font>
					<pauseatend>0</pauseatend>
					<angle>90</angle>
					<textcolor>77white</textcolor>
				</control>
			  <control type="label">
					<description>Now Playing</description>
					<left>580</left>
					<top>900</top>
					<width>1350</width>
					<label>$INFO[MusicPlayer.Artist, ,]$INFO[MusicPlayer.Artist, ,]$INFO[MusicPlayer.Artist,,]$INFO[MusicPlayer.Artist,,]$INFO[MusicPlayer.Artist, ,]$INFO[MusicPlayer.Artist, ,]$INFO[MusicPlayer.Artist, ,]$INFO[MusicPlayer.Artist, ,]$INFO[MusicPlayer.Artist, ,]</label>
					<scroll>true</scroll>
					<pauseatend>0</pauseatend>
					<font>FontSize_110</font>
					<textcolor>44grey</textcolor>
					<align>left</align>
					<angle>90</angle>
					<scrollspeed>100</scrollspeed>
				</control>
			  <control type="label">
					<description>Now Playing</description>
					<left>580</left>
					<top>900</top>
					<width>1350</width>
					<label>$INFO[MusicPlayer.Album, ,]$INFO[MusicPlayer.Album, ,]$INFO[MusicPlayer.Album, ,]$INFO[MusicPlayer.Album, ,]$INFO[MusicPlayer.Album, ,]$INFO[MusicPlayer.Album, ,]$INFO[MusicPlayer.Album, ,]$INFO[MusicPlayer.Album, ,]$INFO[MusicPlayer.Album, ,]$INFO[MusicPlayer.Album, ,]</label>
					<scroll>true</scroll>
					<pauseatend>0</pauseatend>
					<font>FontSize_48</font>
					<textcolor>99grey</textcolor>
					<align>left</align>
					<angle>90</angle>
					<scrollspeed>80</scrollspeed>
				</control>
			  <control type="label">
					<description>Player Times</description>
					<left>-40</left>
					<top>280</top>
					<width>900</width>
					<label>$INFO[MusicPlayer.Time(mm:ss)]</label>
					<align>left</align>
					<font>FontSize_230</font>
					<textcolor>33white</textcolor>
			  </control>
      </control>
    </control>

		<control type="multiimage">
			<include>FullscreenDimensions</include>
			<randomize>true</randomize>
			<timeperimage>12000</timeperimage>
			<fadetime>4000</fadetime>
			<pauseatend>0</pauseatend>
			<loop>true</loop>
			<imagepath background="true">special://skin/extras/backgrounds/music_colors</imagepath>
			<colordiffuse>OSDColorsDiffuse</colordiffuse>
      <animation effect="fade" start="0" end="100" time="550" delay="0" tween="sine" easing="out">WindowOpen</animation>
      <animation effect="fade" start="100" end="0" time="550" delay="200" tween="sine" easing="out">WindowClose</animation>
      <animation effect="fade" start="0" end="100" time="550" delay="0" tween="sine" easing="out">Visible</animation>
      <animation effect="fade" start="100" end="0" time="550" delay="200" tween="sine" easing="out">Hidden</animation>
			<visible>!Skin.HasSetting(HideOSDDiffuseColors)</visible>
		</control>
		<control type="textbox">
			<description>textarea</description>
			<left>100</left>
			<top>-295</top>
			<width>1080</width>
			<height>720</height>
			<align>center</align>
			<font>FontSize_60</font>
			<textcolor>aawhite</textcolor>
			<shadowcolor>55000000</shadowcolor>
			<autoscroll time="2800" delay="0" repeat="7500">true</autoscroll>
			<label>[CR] [CR] [CR] [CR] [CR] [CR] [CR] [CR] [CR]$INFO[MusicPlayer.Property(Artist_Description)][CR] [CR] [CR]$INFO[MusicPlayer.Property(Album_Description)][CR] [CR] [CR] [CR] [CR] [CR] [CR] [CR] [CR] </label>
			<visible>Skin.HasSetting(MusicInfoOSD)</visible>
			<visible>!Window.IsVisible(MusicOSD) + !Window.IsActive(ShutdownMenu)</visible>
			<animation effect="fade" start="100" end="0" time="400">Hidden</animation>
			<animation effect="fade" start="100" end="0" time="1500">WindowClose</animation>
			<animation effect="slide" start="0,0" end="0,295" time="400" condition="![Player.ShowInfo | Player.Paused]">Conditional</animation>
		</control>
	  <control type="image">
			<visible>[Player.Paused | Player.Forwarding | Player.Rewinding | Player.ShowInfo | Window.IsActive(MusicOSD)]</visible>
		  <visible>!Window.IsVisible(AddonSettings) + !Window.IsVisible(SelectDialog) + !Window.IsVisible(VisualisationPresetList) + !Window.IsVisible(1112) + !Window.IsActive(ShutdownMenu) + !Window.IsActive(favourites)</visible>
			<description>Music bar</description>
			<left>0</left>
			<top>410</top>
			<width>1280</width>
			<height>220</height>
			<fadetime>200</fadetime>
			<texture background="true">osd/tile.png</texture>
		  <colordiffuse>A9FFFFFF</colordiffuse>
      <animation effect="fade" start="0" end="100" time="550" delay="0" tween="sine" easing="out">WindowOpen</animation>
      <animation effect="fade" start="100" end="0" time="550" delay="200" tween="sine" easing="out">WindowClose</animation>
      <animation effect="fade" start="0" end="100" time="550" delay="0" tween="sine" easing="out">Visible</animation>
      <animation effect="fade" start="100" end="0" time="550" delay="200" tween="sine" easing="out">Hidden</animation>
			<animation effect="slide" start="0,0" end="0,-392" time="500" condition="Window.IsActive(script-XBMC_Lyrics-main.xml)">Conditional</animation>
	  </control>
		<control type="group">
			<left>40</left>
			<top>440</top>
			<animation effect="slide" start="0,0" end="0,-392" time="500" condition="Window.IsActive(script-XBMC_Lyrics-main.xml)">Conditional</animation>
	    <animation type="WindowOpen">
	        <effect type="slide" start="-150,0" end="0,0" time="450" delay="0" tween="sine" easing="out" />
	        <effect type="fade" start="0" end="100" time="450" delay="0" tween="sine" easing="out" />
	    </animation>
	    <animation type="WindowClose">
	        <effect type="slide" start="0,0" end="-200,0" time="400" delay="0" tween="sine" easing="out" />
	        <effect type="fade" start="100" end="0" time="400" delay="0" tween="sine" easing="out" />
	    </animation>
	    <animation type="Visible">
	        <effect type="slide" start="-150,0" end="0,0" time="450" delay="0" tween="sine" easing="out" />
	        <effect type="fade" start="0" end="100" time="450" delay="0" tween="sine" easing="out" />
	    </animation>
	    <animation type="Hidden">
	        <effect type="slide" start="0,0" end="-300,0" time="400" delay="0" tween="sine" easing="out" />
	        <effect type="fade" start="100" end="0" time="400" delay="0" tween="sine" easing="out" />
	    </animation>
			<visible>[Player.Paused | Player.Forwarding | Player.Rewinding | Player.ShowInfo | Window.IsActive(MusicOSD)]</visible>
		  <visible>!Window.IsVisible(AddonSettings) + !Window.IsVisible(SelectDialog) + !Window.IsVisible(VisualisationPresetList) + !Window.IsVisible(1112) + !Window.IsActive(ShutdownMenu) + !Window.IsActive(favourites)</visible>
       <control type="image">
         <left>3</left>
         <top>-50</top>
         <width>155</width>
         <height>155</height>
         <texture background="true" diffuse="osd/cd_diffuse.png" fallback="osd/cd.png">$INFO[Player.FolderPath,,cdart.png]</texture>
         <aspectratio>keep</aspectratio>
				 <include>CDImageAnim</include>
         <animation effect="fade" start="100" end="0" time="300" tween="sine" easing="inout" condition="![Player.ShowInfo | Window.IsActive(MusicOSD)]" reversible="true">Conditional</animation>
				 <visible>!Player.IsInternetStream</visible>
      </control>				
			<control type="image">
					<left>0</left>
					<top>0</top>
					<width>160</width>
					<height>160</height>
					<aspectratio align="center" aligny="center" scalediffuse="false">scale</aspectratio>
			    <texture fallback="thumbs/fallback_square.png" diffuse="thumbs/music_diffuse.png">$INFO[Player.Art(thumb)]</texture>
					<fadetime>800</fadetime>
			</control>
			<control type="image">
					<left>-7</left>
					<top>-7</top>
					<width>174</width>
					<height>174</height>
					<aspectratio align="center" aligny="center">stretch</aspectratio>
					<texture>thumbs/music_overlay.png</texture>
					<fadetime>800</fadetime>
			</control>
			<control type="image">
					<description>paused indicator</description>
					<left>-1</left>
					<top>-1</top>
					<width>162</width>
					<height>162</height>
					<texture diffuse="thumbs/music_diffuse.png">osd/paused-overlay.png</texture>
					<aspectratio align="center" aligny="center" scalediffuse="false">stretch</aspectratio>
					<visible>Player.Paused</visible>
					<include>VisibleFadeEffect</include>
					<animation type="conditional" condition="Player.Paused" reversible="true">
						<effect type="fade" start="0" end="50" time="300" />
					</animation>
			</control>
			<control type="image">
					<description>ff indicator</description>
					<left>-1</left>
					<top>-1</top>
					<width>162</width>
					<height>162</height>
					<texture diffuse="thumbs/music_diffuse.png">osd/ff-overlay.png</texture>
					<aspectratio align="center" aligny="center" scalediffuse="false">stretch</aspectratio>
					<visible>Player.Forwarding</visible>
					<include>VisibleFadeEffect</include>
					<animation type="conditional" condition="Player.Forwarding" reversible="true">
						<effect type="fade" start="0" end="50" time="300" />
					</animation>
			</control>
			<control type="image">
					<description>rw indicator</description>
					<left>-1</left>
					<top>-1</top>
					<width>162</width>
					<height>162</height>
					<texture diffuse="thumbs/music_diffuse.png">osd/rw-overlay.png</texture>
					<aspectratio align="center" aligny="center" scalediffuse="false">stretch</aspectratio>
					<visible>Player.Rewinding</visible>
					<include>VisibleFadeEffect</include>
					<animation type="conditional" condition="Player.Rewinding" reversible="true">
						<effect type="fade" start="0" end="50" time="300" />
					</animation>
			</control>
			
			<control type="group">
				<left>173</left>
				<top>-5</top>
				<control type="label">
					<description>Title label</description>
					<left>0</left>
					<top>15</top>
					<height>30</height>
					<width>1000</width>
				  <label>$INFO[MusicPlayer.Title]</label>
					<align>left</align>
					<aligny>center</aligny>
					<font>FontSize_36</font>
					<textcolor>white</textcolor>
					<shadowcolor>55000000</shadowcolor>
				</control>
				<control type="label">
					<description>Album Label</description>
					<left>2</left>
					<top>45</top>
					<height>30</height>
					<width>1000</width>
				  <label>$INFO[MusicPlayer.Artist]$INFO[MusicPlayer.Album, - ]$INFO[musicplayer.discnumber, - $LOCALIZE[427]:]</label>
					<align>left</align>
					<aligny>center</aligny>
					<font>FontSize_22</font>
					<textcolor>99white</textcolor>
					<shadowcolor>55000000</shadowcolor>
				</control>
				<control type="image">
					<description>Rating image</description>
					<left>0</left>
					<top>80</top>
					<width>130</width>
					<height>25</height>
					<aspectratio align="left">keep</aspectratio>
					<texture>rating/$INFO[Player.StarRating]</texture>
				</control>
			</control>
			
			<control type="group">
				<left>175</left>
				<top>175r</top>
				<control type="label">
					<left>0</left>
					<top>0</top>
					<width>520</width>
					<height>40</height>
					<font>FontSize_20</font>
					<align>left</align>
					<aligny>center</aligny>
				  <label>$LOCALIZE[554] $INFO[MusicPlayer.PlaylistPosition]$INFO[MusicPlayer.PlaylistLength,/, ·] $INFO[musicplayer.Codec,]$INFO[musicplayer.Bitrate, · ,kbps]$INFO[musicplayer.bitspersample, · ,bit]$INFO[musicplayer.Samplerate, · ,kHz]</label>
					<textcolor>white</textcolor>
				  <shadowcolor>55000000</shadowcolor>
					<animation type="Conditional" reversible="false" condition="MusicPlayer.HasNext" loop="true">
						<effect type="fade" start="0" end="100" time="500" delay="0" />
						<effect type="fade" start="100" end="0" time="500" delay="10000" />
						<effect type="fade" start="100" end="0" time="500" delay="20000" />
					</animation>
				</control>
				<control type="label">
					<left>0</left>
					<top>0</top>
					<width>520</width>
					<height>40</height>
					<font>FontSize_20</font>
					<align>left</align>
					<aligny>center</aligny>
				  <label>$LOCALIZE[209]: $INFO[MusicPlayer.offset(1).Title]$INFO[MusicPlayer.offset(1).Artist, (,) ]</label>
					<textcolor>white</textcolor>
				  <shadowcolor>55000000</shadowcolor>
					<animation type="Conditional" reversible="false" condition="MusicPlayer.HasNext" loop="true">
						<effect type="fade" start="0" end="100" time="500" delay="10500" />
						<effect type="fade" start="100" end="0" time="500" delay="20000" />
					</animation>
				  <visible>MusicPlayer.HasNext</visible>
				</control>
				<control type="progress">
					<description>Progressbar</description>
					<left>-3</left>
					<top>28</top>
					<width>670</width>
					<height>24</height>
					<info>Player.Progress</info>
          <reveal>true</reveal>
					<texturebg border="1">osd/osd_bg_progress_big.png</texturebg>
					<lefttexture border="1">osd/osd_left_progress.png</lefttexture>
					<midtexture border="1">osd/osd_center_progress.png</midtexture>
					<righttexture border="1">osd/osd_right_progress.png</righttexture>
          <overlaytexture>-</overlaytexture>
				</control>
				<control type="label">
					<left>365</left>
					<top>0</top>
					<width>300</width>
					<height>40</height>
					<font>FontSize_20</font>
					<align>right</align>
					<aligny>center</aligny>
					<label>$INFO[Player.Time(mm:ss)]$INFO[Player.Duration, / ]</label>
					<textcolor>white</textcolor>
				  <shadowcolor>55000000</shadowcolor>
				</control>
			</control>
		</control>

	  <control type="group">
			<left>25</left>
			<top>45</top>
      <include>WeatherAndClock</include>
	    <animation type="WindowOpen" reversible="false">
	        <effect type="fade" start="0" end="100" time="300" tween="sine" easing="in"  />
	        <effect type="slide" start="0,-55" end="0,0" time="350" tween="cubic" easing="out" />
	    </animation>
	    <animation type="WindowClose" reversible="false">
	        <effect type="fade" start="100" end="0" time="300" tween="sine" easing="out" />
	        <effect type="slide" start="0,0" end="0,-55" time="350" tween="sine" easing="out" />
	    </animation>
	    <animation type="Visible" reversible="false">
	        <effect type="fade" start="0" end="100" time="300" tween="sine" easing="in"  />
	        <effect type="slide" start="0,-75" end="0,0" time="350" tween="cubic" easing="out" />
	    </animation>
	    <animation type="Hidden" reversible="false">
	        <effect type="fade" start="100" end="0" time="300" tween="sine" easing="out" />
	        <effect type="slide" start="0,0" end="0,-75" time="350" tween="sine" easing="out" />
	    </animation>
		  <animation type="Conditional" reversible="false" condition="!Window.IsActive(volumebar)">
		      <effect type="fade" start="0" end="100" time="300" tween="sine" easing="in"  />
		      <effect type="slide" start="0,35" end="0,0" time="350" tween="cubic" easing="out" />
		  </animation>
		  <animation type="Conditional" reversible="false" condition="Window.IsActive(volumebar)">
		      <effect type="fade" start="100" end="0" time="300" tween="sine" easing="out" />
		      <effect type="slide" start="0,0" end="0,35" time="350" tween="sine" easing="out" />
		  </animation>
			<visible>[Player.ShowInfo | Window.IsActive(MusicOSD)]</visible>
	  </control>

	</controls>
</window>		  