<?xml version="1.0" encoding="UTF-8"?>
<window  id="25">
	<defaultcontrol always="true">50</defaultcontrol>
  <allowoverlay>yes</allowoverlay>
	<views>50,51,52,53,54,58,580,581,59,55,56,560,561,57</views>
  <backgroundcolor>0</backgroundcolor>
  <onload condition="[SubString(Container.FolderPath,plugin://plugin.video.youtube) + Container.HasFiles]">Container.SetViewMode(560)</onload>
	<onload condition="System.HasAddon(script.tv.show.next.aired) + Library.HasContent(TVShows) + Skin.HasSetting(NextAiredEnabled)">RunScript(script.tv.show.next.aired,backend=True)</onload>
  <onload condition="System.HasAddon(script.tvtunes) + [Library.HasContent(Movies) | Library.HasContent(TVShows)] + Skin.HasSetting(TVTunesEnabled) + !Player.HasMedia">RunScript(script.tvtunes,backend=True)</onload>
	<onload condition="IsEmpty(Skin.String(ListViewWideThumbTVShows))">Skin.SetString(ListViewWideThumbTVShows,1)</onload>
	<onload condition="IsEmpty(Skin.String(GalleryViewWideThumbTVShows))">Skin.SetString(GalleryViewWideThumbTVShows,1)</onload>
	<onload condition="IsEmpty(Skin.String(ListViewWideThumbMovies))">Skin.SetString(ListViewWideThumbMovies,1)</onload>
	<onload condition="IsEmpty(Skin.String(GalleryViewWideThumbMovies))">Skin.SetString(GalleryViewWideThumbMovies,1)</onload>
  <onunload condition="!IsEmpty(Window(Home).Property(YouTubeSearch))">ClearProperty(YouTubeSearch,114)</onunload>
	<controls>
		<include>BackgroundItems</include>
		<include>VideoViews</include>
    <include condition="Skin.HasSetting(EnableNextAiredNotifications) + Skin.HasSetting(NextAiredEnabled)">NextAiredNotifications</include>
	  <include>CommonItems</include>

    <!-- ==================== -->
    <!-- Top Options Controls -->
    <!-- ==================== -->
	  <control type="group"  id="9000">
			<left>45</left>
			<top>-10</top>
      <include>TopOptionsSlideAnimations</include>
			<visible>!Skin.HasSetting(EnableKioskMode)</visible>
	    <visible allowhiddenfocus="true">ControlGroup(9111).HasFocus + !Window.IsActive(ContextMenu) + !Window.IsActive(ShutdownMenu) + !Window.IsActive(favourites)</visible>
      <!-- Head Labels -->
			<control type="grouplist">
				<left>0</left>
				<top>0</top>
				<height>70</height>
				<width>1000</width>
				<align>left</align>
				<aligny>center</aligny>
				<itemgap>20</itemgap>
				<orientation>horizontal</orientation>
        <include>TopOptionsSlideAnimations</include>
				<control type="label">
				  <include>TopBigLabel</include>
					<label>$LOCALIZE[33063] $LOCALIZE[33061]</label>
				</control>
				<control type="label">
				  <include>TopZoomedSmallLabel</include>
			    <label>$LOCALIZE[3]</label>
				</control>
			</control>
      <!-- Main Options -->
			<control type="grouplist" id="9111">
  			<left>0</left>
  			<top>50</top>
  			<width>460</width>
  			<height max="520">auto</height>
  			<itemgap>0</itemgap>
  			<onleft>50</onleft>
  			<onright>50</onright>
  			<onup>9111</onup>
  			<ondown>9111</ondown>
  			<onback>50</onback>
        <include>TopOptionsSlideAnimations</include>
				<control type="button" id="2">
					<description>View as</description>
				  <label>-</label>
				  <include>TopLeftMenusButton</include>
				</control>
				<control type="button" id="290">
					<description>ListView WideThumb (TVShows)</description>
	        <label>$LOCALIZE[31217]: $VAR[FanartThumbsOptionsLabels]</label>
			    <onclick condition="Stringcompare(Skin.String(ListViewWideThumbTVShows),3)">Skin.SetString(ListViewWideThumbTVShows,1)</onclick>
			    <onclick condition="Stringcompare(Skin.String(ListViewWideThumbTVShows),2)">Skin.SetString(ListViewWideThumbTVShows,3)</onclick>
			    <onclick condition="Stringcompare(Skin.String(ListViewWideThumbTVShows),1)">Skin.SetString(ListViewWideThumbTVShows,2)</onclick>
			    <onclick condition="Stringcompare(Skin.String(ListViewWideThumbTVShows),3)">Skin.SetString(ListViewWideThumbTVShows,1)</onclick>
				  <include>TopLeftMenusButton</include>
				  <visible>Control.IsVisible(50) + [Container.Content(TVShows) | Container.Content(Seasons)]</visible>
				</control>
				<control type="button" id="291">
					<description>ListView WideThumb (Movies)</description>
	        <label>$LOCALIZE[31217]: $VAR[FanartThumbsOptionsLabels]</label>
			    <onclick condition="Stringcompare(Skin.String(ListViewWideThumbMovies),3)">Skin.SetString(ListViewWideThumbMovies,1)</onclick>
			    <onclick condition="Stringcompare(Skin.String(ListViewWideThumbMovies),2)">Skin.SetString(ListViewWideThumbMovies,3)</onclick>
			    <onclick condition="Stringcompare(Skin.String(ListViewWideThumbMovies),1)">Skin.SetString(ListViewWideThumbMovies,2)</onclick>
			    <onclick condition="Stringcompare(Skin.String(ListViewWideThumbMovies),3)">Skin.SetString(ListViewWideThumbMovies,1)</onclick>
				  <include>TopLeftMenusButton</include>
				  <visible>Control.IsVisible(50) + [Container.Content(Movies) | Container.Content(Sets)]</visible>
				</control>
				<control type="button" id="292">
					<description>GalleryView WideThumb (TVShows)</description>
	        <label>$LOCALIZE[31217]: $VAR[FanartThumbsOptionsLabels]</label>
			    <onclick condition="Stringcompare(Skin.String(GalleryViewWideThumbTVShows),3)">Skin.SetString(GalleryViewWideThumbTVShows,1)</onclick>
			    <onclick condition="Stringcompare(Skin.String(GalleryViewWideThumbTVShows),2)">Skin.SetString(GalleryViewWideThumbTVShows,3)</onclick>
			    <onclick condition="Stringcompare(Skin.String(GalleryViewWideThumbTVShows),1)">Skin.SetString(GalleryViewWideThumbTVShows,2)</onclick>
			    <onclick condition="Stringcompare(Skin.String(GalleryViewWideThumbTVShows),3)">Skin.SetString(GalleryViewWideThumbTVShows,1)</onclick>
				  <include>TopLeftMenusButton</include>
				  <visible>Control.IsVisible(52) + [Container.Content(TVShows) | Container.Content(Seasons)]</visible>
				</control>
				<control type="button" id="293">
					<description>GalleryView WideThumb (Movies)</description>
	        <label>$LOCALIZE[31217]: $VAR[FanartThumbsOptionsLabels]</label>
			    <onclick condition="Stringcompare(Skin.String(GalleryViewWideThumbMovies),3)">Skin.SetString(GalleryViewWideThumbMovies,1)</onclick>
			    <onclick condition="Stringcompare(Skin.String(GalleryViewWideThumbMovies),2)">Skin.SetString(GalleryViewWideThumbMovies,3)</onclick>
			    <onclick condition="Stringcompare(Skin.String(GalleryViewWideThumbMovies),1)">Skin.SetString(GalleryViewWideThumbMovies,2)</onclick>
			    <onclick condition="Stringcompare(Skin.String(GalleryViewWideThumbMovies),3)">Skin.SetString(GalleryViewWideThumbMovies,1)</onclick>
				  <include>TopLeftMenusButton</include>
				  <visible>Control.IsVisible(52) + [Container.Content(Movies) | Container.Content(Sets)]</visible>
				</control>	
				<control type="togglebutton" id="294">
					<description>Flashing Cinema Lights</description>
					<label>$LOCALIZE[31124]: $LOCALIZE[31012]</label>
					<altlabel>$LOCALIZE[31124]: $LOCALIZE[31011]</altlabel>
				  <include>TopLeftMenusButton</include>
					<onclick>Skin.ToggleSetting(FlashingCinemaLights)</onclick>
					<usealttexture>Skin.HasSetting(FlashingCinemaLights)</usealttexture>
				  <visible>Control.IsVisible(55) + Container.Content(Movies)</visible>
				</control>
				<control type="togglebutton" id="295">
					<description>Show Thumbnails Info</description>
					<label>$LOCALIZE[22081]: $LOCALIZE[31012]</label>
					<altlabel>$LOCALIZE[22081]: $LOCALIZE[31011]</altlabel>
				  <include>TopLeftMenusButton</include>
					<onclick>Skin.ToggleSetting(ThumbnailShowInfo)</onclick>
			    <onclick>Reloadskin</onclick>
					<usealttexture>Skin.HasSetting(ThumbnailShowInfo)</usealttexture>
				  <visible>Control.IsVisible(561) + [Container.Content(Movies) | Container.Content(Sets) | Container.Content(TVShows) | Container.Content(Seasons) | Window.IsVisible(VideoPlaylist)]</visible>
				</control>
  			<control type="togglebutton" id="296">
  			  <description>Change Thumbs Size (Thumbnails View)</description>
  			  <include>TopLeftMenusButton</include>
          <label>$LOCALIZE[31098]</label>
          <altlabel>$LOCALIZE[31099]</altlabel>
  				<onclick>Skin.ToggleSetting(ShowSmallVideoThumbs)</onclick>
  				<selected>Skin.HasSetting(ShowSmallVideoThumbs)</selected>
  			  <visible>Control.IsVisible(560) + stringcompare(Container.FolderPath,addons://sources/video/)</visible>
  			</control>
  			<control type="togglebutton" id="297">
  			  <description>Show Logo As Ttile</description>
  			  <include>TopLeftMenusButton</include>
          <label>$LOCALIZE[31219]: $LOCALIZE[31012]</label>
          <altlabel>$LOCALIZE[31219]: $LOCALIZE[31011]</altlabel>
  				<onclick>Skin.ToggleSetting(ShowLogoAsTtile)</onclick>
  				<selected>Skin.HasSetting(ShowLogoAsTtile)</selected>
  			  <visible>Control.IsVisible(59) + [Container.Content(Movies) | Container.Content(TVShows)]</visible>
  			</control>
  			<control type="button" id="3">
  				<description>Sort by</description>
  			  <include>TopLeftMenusButton</include>
  			</control>
  			<control type="togglebutton" id="4">
					<description>Sort Ascending/Descending</description>
          <label>$LOCALIZE[21429]: $LOCALIZE[21430]</label>
          <altlabel>$LOCALIZE[21429]: $LOCALIZE[21431]</altlabel>
  			  <include>TopLeftMenusButton</include>
  			</control>
  			<control type="button" id="10">
  				<description>All/Watched/Unwatched Toggle</description>
  			  <include>TopLeftMenusButton</include>
  			</control>
  			<control type="edit" id="19">
  				<description>Filter</description>
			    <width>250</width>
			    <textwidth>225</textwidth>
    			<texturefocus border="16,1,1,1">buttons/contextmenu_fo.png</texturefocus>
    			<texturenofocus border="16,1,1,1">buttons/contextmenu_nf.png</texturenofocus>
					<label>$LOCALIZE[587]</label>
  			  <include>TopLeftMenusButton</include>
  				<visible>Container.CanFilter + !Container.CanFilterAdvanced</visible>
  			</control>
  		  <control type="button" id="98">
  				<description>Filter</description>
  				<include>TopLeftMenusButton</include>
  				<label>587</label>
          <onclick>SetFocus(50)</onclick>
  				<onclick>Filter</onclick>
  				<selected>Container.Filtered</selected>
  				<visible>Container.CanFilterAdvanced</visible>
  			</control>
  			<control type="button" id="8">
  				<description>Search</description>
  			  <include>TopLeftMenusButton</include>
  				<label>137</label>
          <onclick>SetFocus(50)</onclick>
  			</control>
				<control type="togglebutton" id="96">
					<description>Files</description>
					<label>744</label>
					<altlabel>14022</altlabel>
  			  <include>TopLeftMenusButton</include>
          <onclick>ActivateWindow(Videos,Files,return)</onclick>
					<altclick>ActivateWindow(videos,root)</altclick>
					<visible>Library.HasContent(Movies) | Library.HasContent(TVShows)</visible>
				</control>
  			<control type="button" id="97">
  				<description>TVGuide</description>
  			  <include>TopLeftMenusButton</include>
  				<label>31001</label>
  				<onclick>XBMC.RunScript(script.tv.show.next.aired)</onclick>
          <visible>[Container.Content(TVShows) | Container.Content(Seasons)| Container.Content(Episodes)] + System.HasAddon(script.tv.show.next.aired)</visible>
  			</control>
				<control type="togglebutton" id="16">
					<description>Party Mode</description>
	        <label>$LOCALIZE[589]: $LOCALIZE[31012]</label>
	        <altlabel>$LOCALIZE[589]: $LOCALIZE[31011]</altlabel>
				  <include>TopLeftMenusButton</include>
					<visible>Container.Content(MusicVideos)</visible>
				</control>
  			<control type="togglebutton" id="20">
  				<description>Update Library</description>
  				<label>653</label>
  				<altlabel>13353</altlabel>
  				<usealttexture>Library.IsScanningVideo</usealttexture>
  				<onclick>Action(right)</onclick>
  			  <include>TopLeftMenusButton</include>
  			</control>
  			<control type="button" id="99">
  				<description>Current Playlist</description>
  				<label>13350</label>
  			  <include>TopLeftMenusButton</include>
    			<onclick>$VAR[CurrentPlayList]</onclick>
    			<visible>!StringCompare(Playlist.Length(video),0)</visible>
  			</control>
			</control>
	  </control>

    <!-- ================ -->
    <!-- Top Content Info -->
    <!-- ================ -->
	  <control type="group">
			<left>45</left>
			<top>25</top>
		  <include>CommonSlideAnimations</include>
			<include>ShutdownMenuAnimation</include>
		  <visible>!ControlGroup(9000).HasFocus + !Window.IsActive(filestackingdialog) + !Window.IsActive(MovieInformation) + !Window.IsActive(AddonInformation) + !Window.IsActive(script-Actors-DialogInfo.xml) + !Window.IsActive(script-Actors-DialogVideoInfo.xml)</visible>
			<control type="grouplist">
				<left>0</left>
				<top>0</top>
				<height>70</height>
				<width>1000</width>
				<align>left</align>
				<itemgap>20</itemgap>
				<orientation>horizontal</orientation>
		    <include>CommonSlideAnimations</include>
  			<!-- Big Labels -->
  			<control type="label">
  			  <include>TopBigLabel</include>
  				<label>$VAR[ContentInfoVideos]</label>
  			</control>
  			<!-- Small Labels -->
  			<control type="label">
  			  <include>TopZoomedSmallLabel</include>
  				<label>$LOCALIZE[20342]</label>
  	      <visible>stringcompare(Container.FolderPath,videodb://movies/genres/) | stringcompare(Container.FolderPath,videodb://movies/years/) | stringcompare(Container.FolderPath,videodb://movies/actors/) | stringcompare(Container.FolderPath,videodb://movies/directors/) | stringcompare(Container.FolderPath,videodb://movies/studios/) | stringcompare(Container.FolderPath,videodb://movies/countries/) | stringcompare(Container.FolderPath,videodb://movies/tags/)</visible>
  			</control>
  			<control type="label">
  			  <include>TopZoomedSmallLabel</include>
  				<label>$LOCALIZE[20343]</label>
  	      <visible>stringcompare(Container.FolderPath,videodb://tvshows/genres/) | stringcompare(Container.FolderPath,videodb://tvshows/years/) | stringcompare(Container.FolderPath,videodb://tvshows/actors/) | stringcompare(Container.FolderPath,videodb://tvshows/studios/)</visible>
  			</control>
  			<control type="label">
  			  <include>TopZoomedSmallLabel</include>
  		    <label>$LOCALIZE[24001]</label>
  	      <visible>substring(Container.FolderPath,plugin://plugin.video,left) | substring(Container.FolderPath,addons://sources/video/,left)</visible>
  			</control>
  			<control type="label">
  			  <include>TopZoomedSmallLabel</include>
  		    <label>$INFO[Container.FolderName]</label>
  	      <visible>!substring(Container.FolderPath,addons://sources/video/,left) + ![[Container.Content(Movies) | Container.Content(Sets) | Container.Content(TVShows) | Container.Content(Seasons) | Container.Content(Episodes)] + !substring(Container.FolderPath,plugin://plugin.video,left)]</visible>
  			</control>
  			<control type="label">
  			  <include>TopZoomedSmallLabel</include>
  		    <label>$INFO[Container.FolderName]</label>
          <visible>[Container.Content(Movies) | Container.Content(Sets)] + !substring(Container.FolderPath,plugin://plugin.video,left)</visible>
  			</control>
  			<control type="label">
  			  <include>TopZoomedSmallLabel</include>
  		    <label>$INFO[Container.FolderName]</label>
  	      <visible>[Container.Content(TVShows) | Container.Content(Seasons)] + !substring(Container.FolderPath,plugin://plugin.video,left)</visible>
  			</control>
  			<control type="label">
  			  <include>TopZoomedSmallLabel</include>
  		    <label>$INFO[Container.FolderName]</label>
  	      <visible>SubString(Container.FolderPath,videodb://recentlyaddedepisodes/)</visible>
  			</control>
  			<control type="label">
  			  <include>TopZoomedSmallLabel</include>
  		    <label>$INFO[ListItem.TVShowTitle]</label>
  	      <visible>Container.Content(Episodes) + !SubString(Container.FolderPath,videodb://recentlyaddedepisodes/)</visible>
  			</control>
  			<control type="label">
  			  <include>TopZoomedSmallLabel</include>
  		    <label>$INFO[ListItem.Season,$LOCALIZE[20373] ]</label>
  	      <visible>Container.Content(Episodes) + !IsEmpty(ListItem.Season) + !SubString(Container.FolderPath,videodb://recentlyaddedepisodes/) + !substring(Container.FolderPath,plugin://plugin.video,left)</visible>
  			</control>
			</control>
	  </control>

		<include>CommonWeatherAndClock</include>
	</controls>
</window>
