<?xml version='1.0' encoding='UTF-8'?>
<shortcuts>
	<shortcut>
		<label>744</label>
		<label2 />
		<defaultID>744</defaultID>
		<icon />
		<thumb />
		<action>ActivateWindow(Videos,Files,return)</action>
	</shortcut>
	<shortcut>
		<label>14022</label>
		<label2 />
		<defaultID>14022</defaultID>
		<icon />
		<thumb />
    <visible>Library.HasContent(Movies) | Library.HasContent(TVShows)</visible>
		<action>ActivateWindow(Videos,root)</action>
	</shortcut>

	<shortcut>
		<label>20342</label>
		<label2 />
		<defaultID>20342</defaultID>
		<icon />
		<thumb />
		<action>ActivateWindow(Videos,Movies,root)</action>
	</shortcut>
	
	<shortcut>
		<label>31002</label>
		<label2 />
		<defaultID>31002</defaultID>
		<icon />
		<thumb />
		<action>ActivateWindow(Videos,TVShows,root)</action>
	</shortcut>

	<shortcut>
		<label>136</label>
		<label2 />
		<defaultID>136</defaultID>
		<icon />
		<thumb />
		<action>ActivateWindow(Videos,Playlists,return)</action>
	</shortcut>

	<shortcut>
		<label>24001</label>
		<label2 />
		<defaultID>24001</defaultID>
		<icon />
		<thumb />
		<action>ActivateWindow(Videos,Addons,return)</action>
	</shortcut>

</shortcuts>
