<?xml version="1.0" encoding="UTF-8" standalone="yes"?>
<addon id="repository.fredsrepo" name="Sualfreds Repo" version="1.0.3" provider-name="sualfred">
	<extension point="xbmc.addon.repository" name="Sualfreds Repository">
		<info compressed="false">https://raw.githubusercontent.com/sualfred/sualfreds-repo/master/addons.xml</info>
		<checksum>https://raw.githubusercontent.com/sualfred/sualfreds-repo/master/addons.xml.md5</checksum>
		<datadir zip="true">https://raw.githubusercontent.com/sualfred/sualfreds-repo/master/</datadir>
	</extension>
	<extension point="xbmc.addon.metadata">
		<summary>Sualfreds Repo for his noob Kodi things</summary>
		<description></description>
		<disclaimer></disclaimer>
		<platform>all</platform>
	</extension>
</addon>
