<?xml version="1.0" encoding="UTF-8"?>
<includes> 

	<include name="WidgetContainer">
		<visible>![Window.IsActive(1110) | Window.IsActive(1113) | Window.IsActive(1114) | Window.IsActive(1115) | Window.IsActive(ShutdownMenu) | Window.IsActive(ProgressDialog) | Window.IsActive(PlayerControls) | Window.IsActive(Favourites) | Window.IsActive(script-skinshortcuts.xml) | Window.IsActive(script-globalsearch-main.xml) | Window.IsActive(script-ExtendedInfo Script-DialogInfo.xml) | Window.IsActive(script-ExtendedInfo Script-DialogVideoInfo.xml)]</visible>	
		<control type="image">
			<include>FullscreenDimensions</include>
			<texture background="true">views/list/shine.png</texture>					
		</control>
		<control type="label">
			<description>header title</description>
			<left>275</left>
			<top>185</top>
			<height>50</height>
			<width>730</width>
			<font>FontSize_40</font>
			<textcolor>white</textcolor>
			<shadowcolor>77000000</shadowcolor>
			<align>center</align>
			<aligny>center</aligny>
			<scroll>false</scroll>
			<label>$VAR[QuickNavWidgetHeaderTitle]</label>
		</control>
	</include>

	<include name="WidgetBottomLabels">
		<control type="button">
			<left>288</left>
			<top>445</top>
			<width>707</width>
			<height>70</height>
			<font>FontSize_22</font>
			<textcolor>bbwhite</textcolor>
			<focusedcolor>bbwhite</focusedcolor>
			<disabledcolor>bbwhite</disabledcolor>
			<shadowcolor>77000000</shadowcolor>
			<texturefocus>-</texturefocus>
			<texturenofocus>-</texturenofocus>
			<align>left</align>
			<aligny>top</aligny>
			<label>$VAR[QuickNavWidgetListItemLabel]</label>
			<label2>$VAR[QuickNavWidgetListItemLabel2]</label2>
		</control>
	</include>

	<include name="WidgetEmptyBoxes">
		<top>262</top>
		<left>455</left>
		<width>734</width>
		<height>275</height>
		<control type="image">
			<left>20</left>
			<top>5</top>
			<width>154</width>
			<height>154</height>
			<aspectratio align="center" aligny="center" scalediffuse="false">stretch</aspectratio>
			<texture background="true" diffuse="osd/widgets/square_diffuse.png">thumbs/thumb_back_trans.png</texture>
			<fadetime>800</fadetime>
		</control> 
		<control type="image">
			<left>200</left>
			<top>5</top>
			<width>154</width>
			<height>154</height>
			<aspectratio align="center" aligny="center" scalediffuse="false">stretch</aspectratio>
			<texture background="true" diffuse="osd/widgets/square_diffuse.png">thumbs/thumb_back_trans.png</texture>
			<fadetime>800</fadetime>
		</control>
		<control type="image">
			<left>380</left>
			<top>5</top>
			<width>154</width>
			<height>154</height>
			<aspectratio align="center" aligny="center" scalediffuse="false">stretch</aspectratio>
			<texture background="true" diffuse="osd/widgets/square_diffuse.png">thumbs/thumb_back_trans.png</texture>
			<fadetime>800</fadetime>
		</control>			
	</include>

	<include name="WidgetEmptyPosters">
		<top>262</top>
		<left>419</left>
		<width>734</width>
		<height>275</height>
		<control type="image">
			<left>22</left>
			<top>5</top>
			<width>116.5</width>
			<height>167.5</height>
			<aspectratio align="center" aligny="center" scalediffuse="false">stretch</aspectratio>
			<texture background="true" diffuse="osd/widgets/poster_diffuse.png">thumbs/thumb_back_trans.png</texture>
			<fadetime>800</fadetime>
		</control> 
		<control type="image">
			<left>166</left>
			<top>5</top>
			<width>116.5</width>
			<height>167.5</height>
			<aspectratio align="center" aligny="center" scalediffuse="false">stretch</aspectratio>
			<texture background="true" diffuse="osd/widgets/poster_diffuse.png">thumbs/thumb_back_trans.png</texture>
			<fadetime>800</fadetime>
		</control>
		<control type="image">
			<left>310</left>
			<top>5</top>
			<width>116.5</width>
			<height>167.5</height>
			<aspectratio align="center" aligny="center" scalediffuse="false">stretch</aspectratio>
			<texture background="true" diffuse="osd/widgets/poster_diffuse.png">thumbs/thumb_back_trans.png</texture>
			<fadetime>800</fadetime>
		</control>
		<control type="image">
			<left>454</left>
			<top>5</top>
			<width>116.5</width>
			<height>167.5</height>
			<aspectratio align="center" aligny="center" scalediffuse="false">stretch</aspectratio>
			<texture background="true" diffuse="osd/widgets/poster_diffuse.png">thumbs/thumb_back_trans.png</texture>
			<fadetime>800</fadetime>
		</control>			
	</include>

	<include name="WidgetPosterLayout">
		<left>274</left>
		<top>262</top>
		<width>736</width>
		<height>360</height>
		<preloaditems>3</preloaditems>
		<focusposition>0</focusposition>
		<onup>SetFocus(21)</onup>				
		<ondown>SetFocus(20)</ondown>
		<onback>SetFocus(20)</onback>
		<movement>4</movement>
		<orientation>horizontal</orientation>
		<scrolltime tween="Quadratic" easing="out">300</scrolltime>
		<itemlayout height="200" width="144">
			<control type="image">
				<left>22</left>
				<top>5</top>
				<width>116.5</width>
				<height>167.5</height>
				<aspectratio align="center" aligny="center" scalediffuse="false">stretch</aspectratio>
				<texture background="true" diffuse="osd/widgets/poster_diffuse.png">thumbs/thumb_back.png</texture>
				<fadetime>800</fadetime>
			</control>
			<control type="image">
				<left>22</left>
				<top>5</top>
				<width>116.5</width>
				<height>167.5</height>
				<aspectratio align="center" aligny="center" scalediffuse="false">scale</aspectratio>
				<texture background="true" fallback="thumbs/fallback_poster_tp.png" diffuse="osd/widgets/poster_diffuse.png">$VAR[QuickNavWidgetThumb]</texture>
				<fadetime>800</fadetime>
			</control>
			<control type="image">
				<left>15.5</left>
				<top>-1</top>
				<width>128.5</width>
				<height>178.5</height>
				<texture background="true">osd/widgets/poster_overlay.png</texture>
				<aspectratio align="center" aligny="center">stretch</aspectratio>
				<fadetime>800</fadetime>
			</control>
		</itemlayout>
		<focusedlayout height="200" width="144">
			<control type="image">
				<left>22</left>
				<top>5</top>
				<width>116.5</width>
				<height>167.5</height>
				<aspectratio align="center" aligny="center" scalediffuse="false">stretch</aspectratio>
				<texture background="true" diffuse="osd/widgets/poster_diffuse.png">thumbs/thumb_back.png</texture>
				<fadetime>800</fadetime>
			</control>
			<control type="image">
				<left>22</left>
				<top>5</top>
				<width>116.5</width>
				<height>167.5</height>
				<aspectratio align="center" aligny="center" scalediffuse="false">scale</aspectratio>
				<texture background="true" fallback="thumbs/fallback_poster_tp.png" diffuse="osd/widgets/poster_diffuse.png">$VAR[QuickNavWidgetThumb]</texture>
				<fadetime>800</fadetime>
			</control>
			<control type="image">
				<left>15.5</left>
				<top>-1</top>
				<width>128.5</width>
				<height>178.5</height>
				<texture background="true">osd/widgets/poster_overlay.png</texture>
				<aspectratio align="center" aligny="center">stretch</aspectratio>
				<fadetime>800</fadetime>
			</control>
			<control type="image">
				<left>16</left>
				<top>-2</top>
				<width>130</width>
				<height>178</height>
				<aspectratio align="center" aligny="center">stretch</aspectratio>
				<texture>osd/widgets/poster_focus.png</texture>
				<animation type="Focus">
					<effect type="zoom" start="95" end="100" time="200" tween="sine" easing="inout" center="auto" />
					<effect type="fade" start="0" end="100" time="200" tween="sine" easing="in" />
				</animation>
				<animation type="Unfocus">
					<effect type="zoom" start="100" end="95" time="200" tween="sine" easing="inout" center="auto" />
					<effect type="fade" start="100" end="0" time="200" tween="sine" easing="out" />
				</animation>
			</control>
		</focusedlayout>
	</include>

	<include name="WidgetSquareLayout">
		<left>275</left>
		<top>262</top>
		<width>734</width>
		<height>360</height>
		<preloaditems>3</preloaditems>
		<focusposition>0</focusposition>
		<onup>SetFocus(21)</onup>
		<ondown>SetFocus(20)</ondown>
		<onback>SetFocus(20)</onback>
		<movement>3</movement>
		<orientation>horizontal</orientation>
		<scrolltime tween="Quadratic" easing="out">300</scrolltime>
		<itemlayout height="200" width="180">
			<control type="image">
				<left>20</left>
				<top>5</top>
				<width>154</width>
				<height>154</height>
				<aspectratio align="center" aligny="center" scalediffuse="false">stretch</aspectratio>
				<texture background="true" diffuse="osd/widgets/square_diffuse.png">thumbs/thumb_back.png</texture>
				<fadetime>800</fadetime>
			</control>
			<control type="image">
				<left>20</left>
				<top>5</top>
				<width>154</width>
				<height>154</height>
				<aspectratio align="center" aligny="center" scalediffuse="false">scale</aspectratio>
				<texture background="true" fallback="thumbs/fallback_square_tp.png" diffuse="osd/widgets/square_diffuse.png">$VAR[QuickNavWidgetThumb]</texture>
				<visible>Control.IsVisible(450) | Control.IsVisible(650)</visible>
				<fadetime>800</fadetime>
			</control>
			<control type="image">
				<left>20</left>
				<top>5</top>
				<width>154</width>
				<height>154</height>
				<aspectratio align="center" aligny="center" scalediffuse="false">keep</aspectratio>
				<texture background="true" fallback="thumbs/fallback_square_tp.png" diffuse="osd/widgets/square_diffuse.png">$VAR[QuickNavWidgetThumb]</texture>
				<visible>![Control.IsVisible(450) | Control.IsVisible(650)]</visible>
				<fadetime>800</fadetime>
			</control>
			<control type="image">
				<left>14</left>
				<top>-1</top>
				<width>165</width>
				<height>165</height>
				<texture background="true">osd/widgets/square_overlay.png</texture>
				<aspectratio align="center" aligny="center">stretch</aspectratio>
				<fadetime>800</fadetime>
			</control>
		</itemlayout>
		<focusedlayout height="200" width="180">
			<control type="image">
				<left>20</left>
				<top>5</top>
				<width>154</width>
				<height>154</height>
				<aspectratio align="center" aligny="center" scalediffuse="false">stretch</aspectratio>
				<texture background="true" diffuse="osd/widgets/square_diffuse.png">thumbs/thumb_back.png</texture>
				<fadetime>800</fadetime>
			</control>
			<control type="image">
				<left>20</left>
				<top>5</top>
				<width>154</width>
				<height>154</height>
				<aspectratio align="center" aligny="center" scalediffuse="false">scale</aspectratio>
				<texture background="true" fallback="thumbs/fallback_square_tp.png" diffuse="osd/widgets/square_diffuse.png">$VAR[QuickNavWidgetThumb]</texture>
				<visible>Control.IsVisible(450) | Control.IsVisible(650)</visible>
				<fadetime>800</fadetime>
			</control>
			<control type="image">
				<left>20</left>
				<top>5</top>
				<width>154</width>
				<height>154</height>
				<aspectratio align="center" aligny="center" scalediffuse="false">keep</aspectratio>
				<texture background="true" fallback="thumbs/fallback_square_tp.png" diffuse="osd/widgets/square_diffuse.png">$VAR[QuickNavWidgetThumb]</texture>
				<visible>![Control.IsVisible(450) | Control.IsVisible(650)]</visible>
				<fadetime>800</fadetime>
			</control>
			<control type="image">
				<left>14</left>
				<top>-1</top>
				<width>165</width>
				<height>165</height>
				<texture background="true">osd/widgets/square_overlay.png</texture>
				<aspectratio align="center" aligny="center">stretch</aspectratio>
				<fadetime>800</fadetime>
			</control>
			<control type="image">
				<left>14</left>
				<top>-1</top>
				<width>165</width>
				<height>165</height>
				<aspectratio align="center" aligny="center">stretch</aspectratio>
				<texture border="3,2,3,2">osd/widgets/square_focus.png</texture>
				<animation type="Focus">
					<effect type="zoom" start="95" end="100" time="200" tween="sine" easing="inout" center="auto" />
					<effect type="fade" start="0" end="100" time="200" tween="sine" easing="in" />
				</animation>
				<animation type="Unfocus">
					<effect type="zoom" start="100" end="95" time="200" tween="sine" easing="inout" center="auto" />
					<effect type="fade" start="100" end="0" time="200" tween="sine" easing="out" />
				</animation>
			</control>
		</focusedlayout>
	</include>

	<!-- =========== -->
	<!-- Movies 	 -->
	<!-- =========== --> 
	<include name="FredHomeWidgets">
		<control type="group" id="9050">
			<visible>StringCompare(Container(20).ListItem.Property(widget),movies)</visible>
			<include>HomeSlideAnimations</include>
			<include>HomeMoviesWidgetAnimation</include>			
			<include>WidgetContainer</include>
			<control type="group">
				<visible>!IntegerGreaterThan(Container(250).NumItems,5)</visible>
				<include>WidgetEmptyPosters</include>
			</control>
			<control type="group">
				<description>arrows left right</description>
				<left>246</left>
				<top>337</top>
				<width>788</width>
				<height>25</height>
				<control type="image">  					
					<left>0</left>
					<width>25</width>
					<height>25</height>
					<texture background="true">buttons/arrow_left.png</texture>
					<colordiffuse>CCFFFFFF</colordiffuse>						
					<visible>Container(250).HasPrevious</visible>
					<include condition="Skin.HasSetting(HomeWidgetArrowAnimation)">ArrowPulseFade</include>
				</control>
				<control type="image">  					
					<left>763</left>
					<width>25</width>
					<height>25</height>
					<texture background="true">buttons/arrow_right.png</texture>
					<colordiffuse>CCFFFFFF</colordiffuse>
					<visible>Container(250).HasNext</visible>
					<include condition="Skin.HasSetting(HomeWidgetArrowAnimation)">ArrowPulseFade</include>
				</control>
			</control>
			<control type="fixedlist" id="250">
				<include>WidgetPosterLayout</include>
				<content>$VAR[QuickNav_WidgetListContentMovies]</content>
			</control>
			<include>WidgetBottomLabels</include>
		</control>

		<!-- =========== -->
		<!-- TV Shows 	 -->
		<!-- =========== --> 
		<control type="group" id="9060">
			<visible>StringCompare(Container(20).ListItem.Property(widget),tvshows)</visible>
			<include>HomeSlideAnimations</include>
			<include>HomeTVShowsWidgetAnimation</include>			
			<include>WidgetContainer</include>	
			<control type="group">
				<visible>!IntegerGreaterThan(Container(350).NumItems,5)</visible>
				<include>WidgetEmptyPosters</include>
			</control>
			<control type="group">
				<description>arrows left right</description>
				<left>246</left>
				<top>337</top>
				<width>788</width>
				<height>25</height>
				<control type="image">  					
					<left>0</left>
					<width>25</width>
					<height>25</height>
					<texture background="true">buttons/arrow_left.png</texture>
					<colordiffuse>CCFFFFFF</colordiffuse>						
					<visible>Container(350).HasPrevious</visible>
					<include condition="Skin.HasSetting(HomeWidgetArrowAnimation)">ArrowPulseFade</include>
				</control>
				<control type="image">  					
					<left>763</left>
					<width>25</width>
					<height>25</height>
					<texture background="true">buttons/arrow_right.png</texture>
					<colordiffuse>CCFFFFFF</colordiffuse>
					<visible>Container(350).HasNext</visible>
					<include condition="Skin.HasSetting(HomeWidgetArrowAnimation)">ArrowPulseFade</include>
				</control>
			</control>
			<control type="fixedlist" id="350">
				<include>WidgetPosterLayout</include>
				<content>$VAR[QuickNav_WidgetListContentTVShows]</content>
			</control>
			<include>WidgetBottomLabels</include>
		</control>

		<!-- =========== -->
		<!-- Music	 	 -->
		<!-- =========== --> 
		<control type="group" id="9070">
			<include>HomeSlideAnimations</include>
			<visible>StringCompare(Container(20).ListItem.Property(widget),music)</visible>
			<include>HomeMusicWidgetAnimation</include>			
			<include>WidgetContainer</include>
			<control type="group">
				<visible>!IntegerGreaterThan(Container(450).NumItems,4)</visible>
				<include>WidgetEmptyBoxes</include>
			</control>
			<control type="group">
				<description>arrows left right</description>
				<left>246</left>
				<top>337</top>
				<width>788</width>
				<height>25</height>
				<control type="image">  					
					<left>0</left>
					<width>25</width>
					<height>25</height>
					<texture background="true">buttons/arrow_left.png</texture>
					<colordiffuse>CCFFFFFF</colordiffuse>						
					<visible>Container(450).HasPrevious</visible>
					<include condition="Skin.HasSetting(HomeWidgetArrowAnimation)">ArrowPulseFade</include>
				</control>
				<control type="image">  					
					<left>763</left>
					<width>25</width>
					<height>25</height>
					<texture background="true">buttons/arrow_right.png</texture>
					<colordiffuse>CCFFFFFF</colordiffuse>
					<visible>Container(450).HasNext</visible>
					<include condition="Skin.HasSetting(HomeWidgetArrowAnimation)">ArrowPulseFade</include>
				</control>
			</control>
			<control type="button" id="45">
				<description>invisible control button for music widgets</description>
				<onleft>Control.Move(450,-1)</onleft>
				<onright>Control.Move(450,1)</onright>
				<onup>SetFocus(21)</onup>
				<ondown>SetFocus(20)</ondown>
				<onback>SetFocus(20)</onback>				
				<onclick condition="stringcompare(Skin.String(QuickNavWidgetMusicType),4)">ActivateWindow(videos,plugin://plugin.video.youtube/kodion/search/query/?q=$INFO[Container(450).ListItem.Label],return)</onclick>
				<onclick condition="stringcompare(Skin.String(QuickNavWidgetMusicType),5) + !IsEmpty(Container(450).ListItem.DBID)">RunScript(script.playalbum,albumid=$INFO[Container(450).ListItem.DBID])</onclick>
				<onclick condition="stringcompare(Skin.String(QuickNavWidgetMusicType),5) + IsEmpty(Container(450).ListItem.DBID)">PlayMedia("musicdb://recentlyplayedalbums/-1/")</onclick>
				<onclick condition="!stringcompare(Skin.String(QuickNavWidgetMusicType),4) + !stringcompare(Skin.String(QuickNavWidgetMusicType),5)">SetFocus(450)</onclick>
				<onclick condition="!stringcompare(Skin.String(QuickNavWidgetMusicType),4) + !stringcompare(Skin.String(QuickNavWidgetMusicType),5)">Select</onclick>
				<include>TopButton</include>
			</control>
			<control type="fixedlist" id="450">
				<include>WidgetSquareLayout</include>
				<content target="music">$VAR[QuickNav_WidgetListContentMusic]</content>
			</control>
			<include>WidgetBottomLabels</include>
		</control>

		<!-- =========== -->
		<!-- TuneIn Radio -->
		<!-- =========== -->
		<control type="group" id="9080">
			<description>tunein radio widget</description>
			<visible>StringCompare(Container(20).ListItem.Property(widget),tunein)</visible>
			<include>HomeSlideAnimations</include>
			<include>HomeTuneInWidgetAnimation</include>
			<include>WidgetContainer</include>
			<control type="group">
				<visible>!IntegerGreaterThan(Container(550).NumItems,4)</visible>
				<include>WidgetEmptyBoxes</include>
			</control>
			<control type="group">
				<description>arrows left right</description>
				<left>246</left>
				<top>337</top>
				<width>788</width>
				<height>25</height>
				<control type="image">  					
					<left>0</left>
					<width>25</width>
					<height>25</height>
					<texture background="true">buttons/arrow_left.png</texture>
					<colordiffuse>CCFFFFFF</colordiffuse>						
					<visible>Container(550).HasPrevious</visible>
					<include condition="Skin.HasSetting(HomeWidgetArrowAnimation)">ArrowPulseFade</include>
				</control>
				<control type="image">  					
					<left>763</left>
					<width>25</width>
					<height>25</height>
					<texture background="true">buttons/arrow_right.png</texture>
					<colordiffuse>CCFFFFFF</colordiffuse>
					<visible>Container(550).HasNext</visible>
					<include condition="Skin.HasSetting(HomeWidgetArrowAnimation)">ArrowPulseFade</include>
				</control>
			</control>
			<control type="fixedlist" id="550">	
				<visible>System.HasAddon(plugin.audio.tuneinradio)</visible>
				<include>WidgetSquareLayout</include>
				<content>$VAR[QuickNav_WidgetListContentTuneIn]</content>
			</control>
			<include>WidgetBottomLabels</include>
		</control>

		<!-- =========== -->
		<!-- Custom Widget #1 -->
		<!-- =========== -->		
		<control type="group" id="9090">
			<description>custom widget group</description>
			<visible>StringCompare(Container(20).ListItem.Property(widget),widgetgroup1)</visible>
			<include>HomeSlideAnimations</include>
			<include>HomeCustomWidgetAnimation</include>
			<include>WidgetContainer</include>
			<control type="group">
				<visible>!IntegerGreaterThan(Container(551).NumItems,4)</visible>
				<include>WidgetEmptyBoxes</include>
			</control>
			<control type="group">
				<description>arrows left right</description>
				<left>246</left>
				<top>337</top>
				<width>788</width>
				<height>25</height>
				<control type="image">  					
					<left>0</left>
					<width>25</width>
					<height>25</height>
					<texture background="true">buttons/arrow_left.png</texture>
					<colordiffuse>CCFFFFFF</colordiffuse>						
					<visible>Container(551).HasPrevious</visible>
					<include condition="Skin.HasSetting(HomeWidgetArrowAnimation)">ArrowPulseFade</include>
				</control>
				<control type="image">  					
					<left>763</left>
					<width>25</width>
					<height>25</height>
					<texture background="true">buttons/arrow_right.png</texture>
					<colordiffuse>CCFFFFFF</colordiffuse>
					<visible>Container(551).HasNext</visible>
					<include condition="Skin.HasSetting(HomeWidgetArrowAnimation)">ArrowPulseFade</include>
				</control>
			</control>
			<control type="fixedlist" id="551">	
				<include>WidgetSquareLayout</include>
				<content>
					<include>skinshortcuts-group-widgetgroup1</include>
				</content>
			</control>
			<include>WidgetBottomLabels</include>
		</control>

		<!-- =========== -->
		<!-- Custom Widget #2 -->
		<!-- =========== -->			
		<control type="group" id="9091">
			<description>custom widget group2</description>
			<visible>StringCompare(Container(20).ListItem.Property(widget),widgetgroup2)</visible>
			<include>HomeSlideAnimations</include>
			<include>HomeCustomWidget2Animation</include>
			<include>WidgetContainer</include>
			<control type="group">
				<visible>!IntegerGreaterThan(Container(552).NumItems,4)</visible>
				<include>WidgetEmptyBoxes</include>
			</control>
			<control type="group">
				<description>arrows left right</description>
				<left>246</left>
				<top>337</top>
				<width>788</width>
				<height>25</height>
				<control type="image">  					
					<left>0</left>
					<width>25</width>
					<height>25</height>
					<texture background="true">buttons/arrow_left.png</texture>
					<colordiffuse>CCFFFFFF</colordiffuse>						
					<visible>Container(552).HasPrevious</visible>
					<include condition="Skin.HasSetting(HomeWidgetArrowAnimation)">ArrowPulseFade</include>
				</control>
				<control type="image">  					
					<left>763</left>
					<width>25</width>
					<height>25</height>
					<texture background="true">buttons/arrow_right.png</texture>
					<colordiffuse>CCFFFFFF</colordiffuse>
					<visible>Container(552).HasNext</visible>
					<include condition="Skin.HasSetting(HomeWidgetArrowAnimation)">ArrowPulseFade</include>
				</control>
			</control>
			<control type="fixedlist" id="552">	
				<include>WidgetSquareLayout</include>
				<content>
					<include>skinshortcuts-group-widgetgroup2</include>
				</content>
			</control>
			<include>WidgetBottomLabels</include>
		</control>

		<!-- =========== -->
		<!-- Custom Widget #3 -->
		<!-- =========== -->			
		<control type="group" id="9093">
			<description>custom widget group3</description>
			<visible>StringCompare(Container(20).ListItem.Property(widget),widgetgroup3)</visible>
			<include>HomeSlideAnimations</include>
			<include>HomeCustomWidget3Animation</include>
			<include>WidgetContainer</include>
			<control type="group">
				<visible>!IntegerGreaterThan(Container(553).NumItems,4)</visible>
				<include>WidgetEmptyBoxes</include>
			</control>			
			<control type="group">
				<description>arrows left right</description>
				<left>246</left>
				<top>337</top>
				<width>788</width>
				<height>25</height>
				<control type="image">  					
					<left>0</left>
					<width>25</width>
					<height>25</height>
					<texture background="true">buttons/arrow_left.png</texture>
					<colordiffuse>CCFFFFFF</colordiffuse>						
					<visible>Container(553).HasPrevious</visible>
					<include condition="Skin.HasSetting(HomeWidgetArrowAnimation)">ArrowPulseFade</include>
				</control>
				<control type="image">  					
					<left>763</left>
					<width>25</width>
					<height>25</height>
					<texture background="true">buttons/arrow_right.png</texture>
					<colordiffuse>CCFFFFFF</colordiffuse>
					<visible>Container(553).HasNext</visible>
					<include condition="Skin.HasSetting(HomeWidgetArrowAnimation)">ArrowPulseFade</include>
				</control>
			</control>
			<control type="fixedlist" id="553">	
				<include>WidgetSquareLayout</include>
				<content>
					<include>skinshortcuts-group-widgetgroup3</include>
				</content>
			</control>
			<include>WidgetBottomLabels</include>
		</control>

		<!-- =========== -->
		<!-- Custom Widget #4 -->
		<!-- =========== -->			
		<control type="group" id="9094">
			<visible>StringCompare(Container(20).ListItem.Property(widget),widgetgroup4)</visible>
			<description>custom widget group4</description>
			<include>HomeSlideAnimations</include>
			<include>HomeCustomWidget4Animation</include>
			<include>WidgetContainer</include>
			<control type="group">
				<visible>!IntegerGreaterThan(Container(554).NumItems,4)</visible>
				<include>WidgetEmptyBoxes</include>
			</control>
			<control type="group">
				<description>arrows left right</description>
				<left>246</left>
				<top>337</top>
				<width>788</width>
				<height>25</height>
				<control type="image">  					
					<left>0</left>
					<width>25</width>
					<height>25</height>
					<texture background="true">buttons/arrow_left.png</texture>
					<colordiffuse>CCFFFFFF</colordiffuse>						
					<visible>Container(554).HasPrevious</visible>
					<include condition="Skin.HasSetting(HomeWidgetArrowAnimation)">ArrowPulseFade</include>
				</control>
				<control type="image">  					
					<left>763</left>
					<width>25</width>
					<height>25</height>
					<texture background="true">buttons/arrow_right.png</texture>
					<colordiffuse>CCFFFFFF</colordiffuse>
					<visible>Container(554).HasNext</visible>
					<include condition="Skin.HasSetting(HomeWidgetArrowAnimation)">ArrowPulseFade</include>
				</control>
			</control>
			<control type="fixedlist" id="554">	
				<include>WidgetSquareLayout</include>
				<content>
					<include>skinshortcuts-group-widgetgroup4</include>
				</content>
			</control>
			<include>WidgetBottomLabels</include>
		</control>

		<!-- =========== -->
		<!-- RSS Feed	 -->
		<!-- =========== -->			
		<control type="group" id="9099">
			<description>rss video feed widget</description>
			<visible>StringCompare(Container(20).ListItem.Property(widget),rssvideowidget)</visible>
			<include>HomeSlideAnimations</include>
			<include>HomeRSSWidgetAnimation</include>
			<include>WidgetContainer</include>
			<control type="group">
				<visible>!IntegerGreaterThan(Container(650).NumItems,4)</visible>
				<include>WidgetEmptyBoxes</include>
			</control>
			<control type="group">
				<description>arrows left right</description>
				<left>246</left>
				<top>337</top>
				<width>788</width>
				<height>25</height>
				<control type="image">  					
					<left>0</left>
					<width>25</width>
					<height>25</height>
					<texture background="true">buttons/arrow_left.png</texture>
					<colordiffuse>CCFFFFFF</colordiffuse>						
					<visible>Container(650).HasPrevious</visible>
					<include condition="Skin.HasSetting(HomeWidgetArrowAnimation)">ArrowPulseFade</include>
				</control>
				<control type="image">  					
					<left>763</left>
					<width>25</width>
					<height>25</height>
					<texture background="true">buttons/arrow_right.png</texture>
					<colordiffuse>CCFFFFFF</colordiffuse>
					<visible>Container(650).HasNext</visible>
					<include condition="Skin.HasSetting(HomeWidgetArrowAnimation)">ArrowPulseFade</include>
				</control>
			</control>
			<control type="fixedlist" id="650">	
				<include>WidgetSquareLayout</include>
				<content>plugin://script.extendedinfo?info=youtubeusersearch&amp;&amp;id=$VAR[RSSVideoFeedURL]</content>
			</control>
			<include>WidgetBottomLabels</include>
		</control>
		
		<!-- =========== -->
		<!--  Playlist Music	 -->
		<!-- =========== -->			
		<control type="group" id="9071">
			<description>playlist widget</description>
			<visible>SubString(Container(20).ListItem.Property(widgetPlaylist),playlists/music)</visible>
			<include>HomeSlideAnimations</include>
			<include>HomePlaylistWidgetAnimation</include>
			<include>WidgetContainer</include>
			<control type="group">
				<visible>!IntegerGreaterThan(Container(651).NumItems,4)</visible>
				<include>WidgetEmptyBoxes</include>
			</control>
			<control type="group">
				<description>arrows left right</description>
				<left>246</left>
				<top>337</top>
				<width>788</width>
				<height>25</height>
				<control type="image">  					
					<left>0</left>
					<width>25</width>
					<height>25</height>
					<texture background="true">buttons/arrow_left.png</texture>
					<colordiffuse>CCFFFFFF</colordiffuse>						
					<visible>Container(651).HasPrevious</visible>
					<include condition="Skin.HasSetting(HomeWidgetArrowAnimation)">ArrowPulseFade</include>
				</control>
				<control type="image">  					
					<left>763</left>
					<width>25</width>
					<height>25</height>
					<texture background="true">buttons/arrow_right.png</texture>
					<colordiffuse>CCFFFFFF</colordiffuse>
					<visible>Container(651).HasNext</visible>
					<include condition="Skin.HasSetting(HomeWidgetArrowAnimation)">ArrowPulseFade</include>
				</control>
			</control>
			<control type="fixedlist" id="651">	
				<include>WidgetSquareLayout</include>
				<content target="music">$INFO[Container(20).ListItem.Property(widgetPlaylist)]</content>
			</control>
			<include>WidgetBottomLabels</include>
		</control>
		
		<!-- =========== -->
		<!--  Playlist Video	 -->
		<!-- =========== -->			
		<control type="group" id="9072">
			<description>playlist widget</description>
			<visible>SubString(Container(20).ListItem.Property(widgetPlaylist),playlists/video)</visible>
			<include>HomeSlideAnimations</include>
			<include>HomePlaylistWidgetAnimation</include>
			<include>WidgetContainer</include>
			<control type="group">
				<visible>!IntegerGreaterThan(Container(652).NumItems,4)</visible>
				<include>WidgetEmptyBoxes</include>
			</control>
			<control type="group">
				<description>arrows left right</description>
				<left>246</left>
				<top>337</top>
				<width>788</width>
				<height>25</height>
				<control type="image">  					
					<left>0</left>
					<width>25</width>
					<height>25</height>
					<texture background="true">buttons/arrow_left.png</texture>
					<colordiffuse>CCFFFFFF</colordiffuse>						
					<visible>Container(652).HasPrevious</visible>
					<include condition="Skin.HasSetting(HomeWidgetArrowAnimation)">ArrowPulseFade</include>
				</control>
				<control type="image">  					
					<left>763</left>
					<width>25</width>
					<height>25</height>
					<texture background="true">buttons/arrow_right.png</texture>
					<colordiffuse>CCFFFFFF</colordiffuse>
					<visible>Container(652).HasNext</visible>
					<include condition="Skin.HasSetting(HomeWidgetArrowAnimation)">ArrowPulseFade</include>
				</control>
			</control>
			<control type="fixedlist" id="652">	
				<include>WidgetPosterLayout</include>
				<content target="videos">$INFO[Container(20).ListItem.Property(widgetPlaylist)]</content>
			</control>
			<include>WidgetBottomLabels</include>
		</control>

	</include>

</includes>
