<?xml version="1.0" encoding="UTF-8"?>
<window >
	<defaultcontrol always="true">9</defaultcontrol>
	<controls>
	 <control type="group">
    <include>DialogAnimation</include>
	  <control type="image">
			<left>214</left>
			<top>99</top>
		  <width>852</width>
		  <height>57</height>
		  <colordiffuse>blue</colordiffuse>
		  <texture background="true" border="9">dialogs/other/header.png</texture>
	  </control>
	  <control type="image">
			<left>214</left>
			<top>153</top>
		  <width>852</width>
		  <height>479</height>
		  <texture background="true" border="39,19,39,19">dialogs/other/body.png</texture>
	  </control>
		<control type="image">
			<left>216</left>
			<top>152</top>
			<width>848</width>
			<height>4</height>
			<aspectratio>stretch</aspectratio>
			<texture background="true">dialogs/other/header_line.png</texture>
		</control>
		<control type="image">
			<description>background image</description>
			<include>FullscreenDimensions</include>
			<texture background="true">dialogs/pvr/bg_guidesearch.png</texture>
		</control>
		<control type="label">
			<description>header label</description>
			<left>227</left>
			<top>112</top>
			<width>775</width>
	    <include>DialogsHeaderLabel</include>
		  <label>$LOCALIZE[19142]</label>
		</control>
		<control type="edit" id="9">
			<description>Search string</description>
			<posx>230</posx>
			<posy>165</posy>
			<width>820</width>
			<font>FontSize_34</font>
			<textcolor>99white</textcolor>
			<texturefocus>-</texturefocus>
			<texturenofocus>-</texturenofocus>
			<align>left</align>
			<onleft>9</onleft>
			<onright>9</onright>
			<onup>26</onup>
			<ondown>10010</ondown>
		</control>
		<control type="textbox">
			<description>Search help</description>
			<posx>235</posx>
			<posy>210</posy>
			<width>800</width>
			<height>70</height>
			<align>left</align>
			<font>FontSize_16B</font>
			<textcolor>44white</textcolor>
			<label>$LOCALIZE[19001] $LOCALIZE[19002]</label>
		</control>
			
		<control type="group" id="10010">
      <!-- Left Part -->
			<control type="group">
	      <posx>231</posx>
	      <posy>262</posy>
				<control type="radiobutton" id="10">
					<description>Include Description</description>
					<width>400</width>
			    <height>40</height>
					<font>FontSize_20</font>
					<textcolor>77white</textcolor>
					<focusedcolor>white</focusedcolor>
				  <disabledcolor>33white</disabledcolor>
					<shadowcolor>99000000</shadowcolor>
					<texturefocus>buttons/focus.png</texturefocus>
					<texturenofocus>-</texturenofocus>
					<align>left</align>
					<aligny>top</aligny>
					<textoffsetx>10</textoffsetx>
					<textoffsety>5</textoffsety>
					<radiowidth>53</radiowidth>
					<radioheight>38</radioheight>
			    <radioposx>342</radioposx>
					<pulseonselect>true</pulseonselect>
					<label>19134</label>
					<onleft>12</onleft>
					<onright>12</onright>
					<onup>9</onup>
					<ondown>11</ondown>
				</control>
				<control type="radiobutton" id="11">
					<description>Case Sensitive</description>
					<posy>44</posy>
					<width>400</width>
			    <height>40</height>
					<font>FontSize_20</font>
					<textcolor>77white</textcolor>
					<focusedcolor>white</focusedcolor>
				  <disabledcolor>33white</disabledcolor>
					<shadowcolor>99000000</shadowcolor>
					<texturefocus>buttons/focus.png</texturefocus>
					<texturenofocus>-</texturenofocus>
					<align>left</align>
					<aligny>top</aligny>
					<textoffsetx>10</textoffsetx>
					<textoffsety>5</textoffsety>
					<radiowidth>53</radiowidth>
					<radioheight>38</radioheight>
			    <radioposx>342</radioposx>
					<pulseonselect>true</pulseonselect>
					<label>19135</label>
					<onleft>13</onleft>
					<onright>13</onright>
					<onup>10</onup>
					<ondown>14</ondown>
				</control>
				<control type="edit" id="14">
					<description>Start Date</description>
					<posy>88</posy>
					<width>400</width>
			    <height>40</height>
					<font>FontSize_20</font>
					<textcolor>77white</textcolor>
					<focusedcolor>white</focusedcolor>
				  <disabledcolor>33white</disabledcolor>
					<shadowcolor>99000000</shadowcolor>
					<texturefocus>buttons/focus.png</texturefocus>
					<texturenofocus>-</texturenofocus>
					<align>left</align>
					<aligny>top</aligny>
					<textoffsetx>10</textoffsetx>
					<textoffsety>5</textoffsety>
					<pulseonselect>true</pulseonselect>
					<label>19128</label>
					<onright>16</onright>
					<onleft>16</onleft>
					<onup>11</onup>
					<ondown>15</ondown>
				</control>
				<control type="edit" id="15">
					<description>Stop Date</description>
					<posy>132</posy>
					<width>400</width>
			    <height>40</height>
					<font>FontSize_20</font>
					<textcolor>77white</textcolor>
					<focusedcolor>white</focusedcolor>
				  <disabledcolor>33white</disabledcolor>
					<shadowcolor>99000000</shadowcolor>
					<texturefocus>buttons/focus.png</texturefocus>
					<texturenofocus>-</texturenofocus>
					<align>left</align>
					<aligny>top</aligny>
					<textoffsetx>10</textoffsetx>
					<textoffsety>5</textoffsety>
					<pulseonselect>true</pulseonselect>
					<label>19129</label>
					<onright>17</onright>
					<onleft>17</onleft>
					<onup>14</onup>
					<ondown>18</ondown>
				</control>
				<control type="spincontrolex" id="18">
					<description>Genre</description>
					<posy>176</posy>
					<width>400</width>
			    <height>40</height>
					<font>FontSize_20</font>
					<textcolor>77white</textcolor>
					<focusedcolor>white</focusedcolor>
				  <disabledcolor>33white</disabledcolor>
					<shadowcolor>99000000</shadowcolor>
					<texturefocus>buttons/focus.png</texturefocus>
					<texturenofocus>-</texturenofocus>
					<align>left</align>
					<aligny>top</aligny>
					<textoffsetx>10</textoffsetx>
					<textoffsety>5</textoffsety>
			    <spinposx>3</spinposx>
					<spinwidth>30</spinwidth>
					<spinheight>42</spinheight>
					<pulseonselect>true</pulseonselect>
					<label>515</label>
					<onright>19</onright>
					<onleft>19</onleft>
					<onup>15</onup>
					<ondown>20</ondown>
				</control>
				<control type="radiobutton" id="20">
					<description>Include unknown Genres</description>
					<posy>220</posy>
					<width>400</width>
			    <height>40</height>
					<font>FontSize_20</font>
					<textcolor>77white</textcolor>
					<focusedcolor>white</focusedcolor>
				  <disabledcolor>33white</disabledcolor>
					<shadowcolor>99000000</shadowcolor>
					<texturefocus>buttons/focus.png</texturefocus>
					<texturenofocus>-</texturenofocus>
					<align>left</align>
					<aligny>top</aligny>
					<textoffsetx>10</textoffsetx>
					<textoffsety>5</textoffsety>
					<radiowidth>53</radiowidth>
					<radioheight>38</radioheight>
			    <radioposx>342</radioposx>
					<pulseonselect>true</pulseonselect>
					<label>19132</label>
					<onleft>21</onleft>
					<onright>21</onright>
					<onup>18</onup>
					<ondown>22</ondown>
				</control>
				<control type="radiobutton" id="22">
					<description>FTA only</description>
					<posy>264</posy>
					<width>400</width>
			    <height>40</height>
					<font>FontSize_20</font>
					<textcolor>77white</textcolor>
					<focusedcolor>white</focusedcolor>
				  <disabledcolor>33white</disabledcolor>
					<shadowcolor>99000000</shadowcolor>
					<texturefocus>buttons/focus.png</texturefocus>
					<texturenofocus>-</texturenofocus>
					<align>left</align>
					<aligny>top</aligny>
					<textoffsetx>10</textoffsetx>
					<textoffsety>5</textoffsety>
					<radiowidth>53</radiowidth>
					<radioheight>38</radioheight>
			    <radioposx>342</radioposx>
					<pulseonselect>true</pulseonselect>
					<label>19123</label>
					<onleft>23</onleft>
					<onright>23</onright>
					<onup>20</onup>
					<ondown>24</ondown>
				</control>
				<control type="radiobutton" id="24">
					<description>Ignore Timers</description>
					<posy>308</posy>
					<width>400</width>
			    <height>40</height>
					<font>FontSize_20</font>
					<textcolor>77white</textcolor>
					<focusedcolor>white</focusedcolor>
				  <disabledcolor>33white</disabledcolor>
					<shadowcolor>99000000</shadowcolor>
					<texturefocus>buttons/focus.png</texturefocus>
					<texturenofocus>-</texturenofocus>
					<align>left</align>
					<aligny>top</aligny>
					<textoffsetx>10</textoffsetx>
					<textoffsety>5</textoffsety>
					<radiowidth>53</radiowidth>
					<radioheight>38</radioheight>
			    <radioposx>342</radioposx>
					<pulseonselect>true</pulseonselect>
					<label>19124</label>
					<onleft>27</onleft>
					<onright>27</onright>
					<onup>22</onup>
					<ondown>10</ondown>
				</control>
			</control>
      <!-- Right Part -->
			<control type="group">
				<posx>649</posx>
				<posy>262</posy>
				<control type="spincontrolex" id="12">
					<description>Min Duration</description>
					<width>400</width>
			    <height>40</height>
					<font>FontSize_20</font>
					<textcolor>77white</textcolor>
					<focusedcolor>white</focusedcolor>
				  <disabledcolor>33white</disabledcolor>
					<shadowcolor>99000000</shadowcolor>
					<texturefocus>buttons/focus.png</texturefocus>
					<texturenofocus>-</texturenofocus>
					<align>left</align>
					<aligny>top</aligny>
					<textoffsetx>10</textoffsetx>
					<textoffsety>5</textoffsety>
			    <spinposx>3</spinposx>
					<spinwidth>30</spinwidth>
					<spinheight>42</spinheight>
					<pulseonselect>true</pulseonselect>
					<label>19130</label>
					<onright>10000</onright>
					<onleft>10</onleft>
					<onup>9</onup>
					<ondown>13</ondown>
				</control>
				<control type="spincontrolex" id="13">
					<description>Max Duration</description>
					<posy>44</posy>
					<width>400</width>
			    <height>40</height>
					<font>FontSize_20</font>
					<textcolor>77white</textcolor>
					<focusedcolor>white</focusedcolor>
				  <disabledcolor>33white</disabledcolor>
					<shadowcolor>99000000</shadowcolor>
					<texturefocus>buttons/focus.png</texturefocus>
					<texturenofocus>-</texturenofocus>
					<align>left</align>
					<aligny>top</aligny>
					<textoffsetx>10</textoffsetx>
					<textoffsety>5</textoffsety>
			    <spinposx>3</spinposx>
					<spinwidth>30</spinwidth>
					<spinheight>42</spinheight>
					<pulseonselect>true</pulseonselect>
					<label>19131</label>
					<onright>10000</onright>
					<onleft>11</onleft>
					<onup>12</onup>
					<ondown>16</ondown>
				</control>
				<control type="edit" id="16">
					<description>Start time</description>
					<posy>88</posy>
					<width>400</width>
			    <height>40</height>
					<font>FontSize_20</font>
					<textcolor>77white</textcolor>
					<focusedcolor>white</focusedcolor>
				  <disabledcolor>33white</disabledcolor>
					<shadowcolor>99000000</shadowcolor>
					<texturefocus>buttons/focus.png</texturefocus>
					<texturenofocus>-</texturenofocus>
					<align>left</align>
					<aligny>top</aligny>
					<textoffsetx>10</textoffsetx>
					<textoffsety>5</textoffsety>
					<pulseonselect>true</pulseonselect>
					<label>19126</label>
					<onright>10000</onright>
					<onleft>14</onleft>
					<onup>13</onup>
					<ondown>17</ondown>
				</control>
				<control type="edit" id="17">
					<description>Stop time</description>
					<posy>132</posy>
					<width>400</width>
			    <height>40</height>
					<font>FontSize_20</font>
					<textcolor>77white</textcolor>
					<focusedcolor>white</focusedcolor>
				  <disabledcolor>33white</disabledcolor>
					<shadowcolor>99000000</shadowcolor>
					<texturefocus>buttons/focus.png</texturefocus>
					<texturenofocus>-</texturenofocus>
					<align>left</align>
					<aligny>top</aligny>
					<textoffsetx>10</textoffsetx>
					<textoffsety>5</textoffsety>
					<pulseonselect>true</pulseonselect>
					<label>19127</label>
					<onright>10000</onright>
					<onleft>15</onleft>
					<onup>16</onup>
					<ondown>19</ondown>
				</control>
				<control type="radiobutton" id="19">
					<description>avoid repeats</description>
					<posy>176</posy>
					<width>400</width>
			    <height>40</height>
					<font>FontSize_20</font>
					<textcolor>77white</textcolor>
					<focusedcolor>white</focusedcolor>
				  <disabledcolor>33white</disabledcolor>
					<shadowcolor>99000000</shadowcolor>
					<texturefocus>buttons/focus.png</texturefocus>
					<texturenofocus>-</texturenofocus>
					<align>left</align>
					<aligny>top</aligny>
					<textoffsetx>10</textoffsetx>
					<textoffsety>5</textoffsety>
					<radiowidth>53</radiowidth>
					<radioheight>38</radioheight>
			    <radioposx>342</radioposx>
					<pulseonselect>true</pulseonselect>
					<label>19121</label>
					<onright>10000</onright>
					<onleft>18</onleft>
					<onup>17</onup>
					<ondown>21</ondown>
				</control>
				<control type="spincontrolex" id="21">
					<description>Groups</description>
					<posy>220</posy>
					<width>400</width>
			    <height>40</height>
					<font>FontSize_20</font>
					<textcolor>77white</textcolor>
					<focusedcolor>white</focusedcolor>
				  <disabledcolor>33white</disabledcolor>
					<shadowcolor>99000000</shadowcolor>
					<texturefocus>buttons/focus.png</texturefocus>
					<texturenofocus>-</texturenofocus>
					<align>left</align>
					<aligny>top</aligny>
					<textoffsetx>10</textoffsetx>
					<textoffsety>5</textoffsety>
			    <spinposx>3</spinposx>
					<spinwidth>30</spinwidth>
					<spinheight>42</spinheight>
					<pulseonselect>true</pulseonselect>
					<label>19141</label>
					<onright>10000</onright>
					<onleft>20</onleft>
					<onup>19</onup>
					<ondown>23</ondown>
				</control>
				<control type="spincontrolex" id="23">
					<description>Channels</description>
					<posy>264</posy>
					<width>400</width>
			    <height>40</height>
					<font>FontSize_20</font>
					<textcolor>77white</textcolor>
					<focusedcolor>white</focusedcolor>
				  <disabledcolor>33white</disabledcolor>
					<shadowcolor>99000000</shadowcolor>
					<texturefocus>buttons/focus.png</texturefocus>
					<texturenofocus>-</texturenofocus>
					<align>left</align>
					<aligny>top</aligny>
					<textoffsetx>10</textoffsetx>
					<textoffsety>5</textoffsety>
			    <spinposx>3</spinposx>
					<spinwidth>30</spinwidth>
					<spinheight>42</spinheight>
					<pulseonselect>true</pulseonselect>
					<label>19148</label>
					<onright>10000</onright>
					<onleft>22</onleft>
					<onup>21</onup>
					<ondown>27</ondown>
				</control>
				<control type="radiobutton" id="27">
					<description>Ignore Recordings</description>
					<posy>308</posy>
					<width>400</width>
			    <height>40</height>
					<font>FontSize_20</font>
					<textcolor>77white</textcolor>
					<focusedcolor>white</focusedcolor>
				  <disabledcolor>33white</disabledcolor>
					<shadowcolor>99000000</shadowcolor>
					<texturefocus>buttons/focus.png</texturefocus>
					<texturenofocus>-</texturenofocus>
					<align>left</align>
					<aligny>top</aligny>
					<textoffsetx>10</textoffsetx>
					<textoffsety>5</textoffsety>
					<radiowidth>53</radiowidth>
					<radioheight>38</radioheight>
			    <radioposx>342</radioposx>
					<pulseonselect>true</pulseonselect>
					<label>19125</label>
					<onright>10000</onright>
					<onleft>24</onleft>
					<onup>23</onup>
					<ondown>12</ondown>
				</control>
			</control>
		</control>

    <!-- Control Buttons -->
	  <control type="group" id="10000">
			<left>1071</left>
			<top>587</top>
  		<control type="button" id="26">
				<description>Search</description>
    		<width>150</width>
	      <include>DialogsButtonsText</include>
    		<texturefocus border="49,0,49,0">dialogs/buttons/save_focus.png</texturefocus>
    		<texturenofocus border="49,0,49,0">dialogs/buttons/save_nofocus.png</texturenofocus>
  			<onleft>10010</onleft>
  			<onright>10010</onright>
  			<onup>25</onup>
  			<ondown>28</ondown>
				<label>$LOCALIZE[137]</label>
  		</control>
  		<control type="button" id="25">
				<description>Cancel</description>
  			<top>-50</top>
    		<width>150</width>
	      <include>DialogsButtonsText</include>
    		<texturefocus border="49,0,49,0">dialogs/buttons/cancel_focus.png</texturefocus>
    		<texturenofocus border="49,0,49,0">dialogs/buttons/cancel_nofocus.png</texturenofocus>
  			<onleft>10010</onleft>
  			<onright>10010</onright>
  			<onup>28</onup>
  			<ondown>26</ondown>
				<label>$LOCALIZE[222]</label>
  		</control>
  		<control type="button" id="28">
				<description>Defaults</description>
  			<top>-100</top>
    		<width>150</width>
	      <include>DialogsButtonsText</include>
    		<texturefocus border="49,0,49,0">dialogs/buttons/settings_focus.png</texturefocus>
    		<texturenofocus border="49,0,49,0">dialogs/buttons/settings_nofocus.png</texturenofocus>
  			<onleft>10010</onleft>
  			<onright>10010</onright>
  			<onup>26</onup>
  			<ondown>25</ondown>
				<label>$LOCALIZE[409]</label>
  		</control>
	  </control>
	 </control>
	</controls>
</window>