<?xml version="1.0" encoding="UTF-8"?>
<window >
	<defaultcontrol>100</defaultcontrol>
	<controls>
  <control type="button" id="100">
		<include>TopButton</include>
    <onfocus>SetFocus(13)</onfocus>
    <animation effect="fade" start="0" end="100" time="0" delay="50">Focus</animation>
  </control>

	<control type="group">
		<animation type="WindowOpen" condition="Window.IsVisible(script-RSS_Editor-setEditor.xml)" reversible="false">
			<effect type="fade" start="0" end="100" time="0" delay="300" />
		</animation>    
		<control type="group">
			<visible>!Window.IsVisible(virtualkeyboard) + !Window.IsVisible(numericinput)</visible>
			<include>DialogAnimation</include>
  	  <control type="image">
  			<left>311</left>
  			<top>246</top>
  		  <width>658</width>
  		  <height>57</height>
  		  <colordiffuse>blue</colordiffuse>
  		  <texture background="true" border="9">dialogs/other/header.png</texture>
  	  </control>
  	  <control type="image">
  			<left>311</left>
  			<top>300</top>
  		  <width>658</width>
  		  <height>188</height>
  		  <texture background="true" border="39,19,39,19">dialogs/other/body.png</texture>
  	  </control>
			<control type="image">
				<description>background image</description>
				<include>FullscreenDimensions</include>
				<texture background="true">dialogs/other/bg_rss.png</texture>
			</control>
  		 <control type="image">
  			<left>313</left>
  			<top>299</top>
  			<width>654</width>
  			<height>4</height>
  			<aspectratio>stretch</aspectratio>
  			<texture background="true">dialogs/other/header_line.png</texture>
  		 </control>
  		<control type="label" id="2">
  			<description>header label</description>
  			<left>325</left>
  			<top>261</top>
  			<width>560</width>
  	    <include>DialogsHeaderLabel</include>
        <label>Remove ID to Test, Remove ID to Test, Remove</label>
  		</control>
			<control type="label" id="3">
				<description>List label</description>
				<font>-</font>
				<visible>false</visible>
			</control>
	
			<control type="group" id="10010">
			 <control type="list" id="10">
				<description>Feeds List Control</description>
				<posx>328</posx>
				<posy>317</posy>
				<width>460</width>
				<height>154</height>
				<onup>10</onup>
				<ondown>10</ondown>
				<onleft>10000</onleft>
				<onright>10020</onright>
				<scrolltime>200</scrolltime>
				<itemlayout height="51" width="460">
					<control type="label">
						<posx>10</posx>
						<posy>-1</posy>
						<width>440</width>
						<height>47</height>
						<font>FontSize_20</font>
						<align>left</align>
						<aligny>center</aligny>
						<textcolor>77white</textcolor>
						<selectedcolor>selected</selectedcolor>
						<info>ListItem.Label</info>
					</control>
				</itemlayout>
				<focusedlayout height="51" width="460">
					<control type="image">
						<posx>0</posx>
						<posy>0</posy>
						<width>460</width>
						<height>47</height>
						<texture>buttons/focus.png</texture>
						<visible>Control.HasFocus(10)</visible>
				  </control>
					<control type="label">
						<posx>10</posx>
						<posy>-1</posy>
						<width>440</width>
						<height>47</height>
						<font>FontSize_20</font>
						<align>left</align>
						<aligny>center</aligny>
						<textcolor>white</textcolor>
						<selectedcolor>selected</selectedcolor>
						<info>ListItem.Label</info>
						<visible>Control.HasFocus(10)</visible>
					</control>
					<control type="label">
						<posx>10</posx>
						<posy>-1</posy>
						<width>440</width>
						<height>47</height>
						<font>FontSize_20</font>
						<align>left</align>
						<aligny>center</aligny>
						<textcolor>77white</textcolor>
						<selectedcolor>selected</selectedcolor>
						<info>ListItem.Label</info>
						<visible>!Control.HasFocus(10)</visible>
					</control>
				</focusedlayout>
			 </control>
		
			 <control type="group" id="10020">
				<posx>792</posx>
				<posy>317</posy>
				<control type="button" id="13">
					<description>Add Button</description>
					<posy>0</posy>
					<width>160</width>
					<onup>11</onup>
					<ondown>14</ondown>
					<onleft>10</onleft>
					<onright>10000</onright>
					<label>15019</label>
		      <align>center</align>
	        <include>DialogsButton</include>
				</control>
				<control type="button" id="14">
					<description>Remove Button</description>
					<posy>51</posy>
					<width>160</width>
					<onup>13</onup>
					<ondown>11</ondown>
					<onleft>10</onleft>
					<onright>10000</onright>
					<label>1210</label>
		      <align>center</align>
	        <include>DialogsButton</include>
				</control>
				<control type="button" id="11">
					<description>Change Set Button</description>
					<posy>102</posy>
					<width>160</width>
					<onup>14</onup>
					<ondown>13</ondown>
					<onleft>10</onleft>
					<onright>10000</onright>
		      <align>center</align>
	        <include>DialogsButton</include>
					<onclick>PreviousMenu</onclick>
				</control>
			 </control>
			</control>

      <!-- Control Buttons -->
  	  <control type="group"  id="10000">
  			<left>974</left>
  			<top>443</top>
    		<control type="button" id="18">
  				<description>Save</description>
      		<width>150</width>
  	      <include>DialogsButtonsText</include>
      		<texturefocus border="49,0,49,0">dialogs/buttons/save_focus.png</texturefocus>
      		<texturenofocus border="49,0,49,0">dialogs/buttons/save_nofocus.png</texturenofocus>
    			<onleft>10010</onleft>
    			<onright>10010</onright>
    			<onup>19</onup>
    			<ondown>19</ondown>
  				<label>$LOCALIZE[190]</label>
    		</control>
    		<control type="button" id="19">
  				<description>Cancel</description>
    			<top>-50</top>
      		<width>150</width>
  	      <include>DialogsButtonsText</include>
      		<texturefocus border="49,0,49,0">dialogs/buttons/cancel_focus.png</texturefocus>
      		<texturenofocus border="49,0,49,0">dialogs/buttons/cancel_nofocus.png</texturenofocus>
    			<onleft>10010</onleft>
    			<onright>10010</onright>
    			<onup>18</onup>
    			<ondown>18</ondown>
  				<label>$LOCALIZE[222]</label>
    		</control>
  	  </control>
		</control>
	</control>
	</controls>
</window>