<?xml version="1.0" encoding="UTF-8"?>
<window id="137">
	<defaultcontrol always="true">10010</defaultcontrol>
	<controls>
		<control type="group">
			<visible>!Window.IsActive(virtualkeyboard) + !Window.IsActive(selectdialog) + !Window.IsActive(Filebrowser)</visible>
			<include>DialogAnimation</include>
  	  <control type="image">
  			<left>311</left>
  			<top>249</top>
  		  <width>658</width>
  		  <height>57</height>
  		  <colordiffuse>blue</colordiffuse>
  		  <texture background="true" border="9">dialogs/other/header.png</texture>
  	  </control>
  	  <control type="image">
  			<left>311</left>
  			<top>303</top>
  		  <width>658</width>
  		  <height>150</height>
  		  <texture background="true" border="39,19,39,19">dialogs/other/body.png</texture>
  	  </control>
  		 <control type="image">
  			<left>313</left>
  			<top>302</top>
  			<width>654</width>
  			<height>4</height>
  			<aspectratio>stretch</aspectratio>
  			<texture background="true">dialogs/other/header_line.png</texture>
  		 </control>
			<control type="image">
				<description>background image</description>
				<include>FullscreenDimensions</include>
				<texture background="true">dialogs/playlisteditor/bg_playlisteditor_rule.png</texture>
			</control>
  		<control type="label">
  			<description>header label</description>
				<left>325</left>
				<top>263</top>
				<width>620</width>
  	    <include>DialogsHeaderLabel</include>
        <label>$LOCALIZE[21421]</label>
  		</control>
			<control type="group" id="10010">
  			<control type="label">
  				<description>Rule match label</description>
  				<posx>330</posx>
  				<posy>307</posy>
  				<width>620</width>
  				<height>30</height>
  				<align>left</align>
  				<aligny>center</aligny>
  				<font>FontSize_16B</font>
  				<textcolor>44white</textcolor>
  				<shadowcolor>99000000</shadowcolor>
  				<label>21422</label>
  			</control>
  			<control type="group" id="10020">
  				<control type="label.">
  					<description>Rule Field label</description>
  					<posx>335</posx>
  					<posy>337</posy>
  					<width>310</width>
  					<height>45</height>
  					<font>FontSize_20</font>
  					<align>left</align>
  					<aligny>center</aligny>
  					<textcolor>99white</textcolor>
  					<shadowcolor>99000000</shadowcolor>
  					<label>$INFO[Control.GetLabel(15)]</label>
  				</control>
  				<control type="spincontrolex" id="15">
  					<description>Rule Field</description>
  					<posx>328</posx>
  					<posy>337</posy>
  					<width>310</width>
  					<height>45</height>
  					<onright>16</onright>
  					<onleft>16</onleft>
  					<onup>10030</onup>
  					<ondown>10030</ondown>
  			    <include>DialogsSpincontrolex</include>
  				</control>
  				<control type="spincontrolex" id="16">
  					<description>Rule operator</description>
  					<posx>642</posx>
  					<posy>337</posy>
  					<width>310</width>
  					<height>45</height>
  					<onright>10000</onright>
  					<onleft>15</onleft>
  					<onup>10030</onup>
  					<ondown>10030</ondown>
  	        <include>DialogsSpincontrolex</include>
  				</control>
  			</control>
  			<control type="group" id="10030">
    			<control type="edit" id="17">
    				<description>Value Button</description>
    				<posx>328</posx>
    				<posy>386</posy>
    				<width>460</width>
    				<height>45</height>
    				<label>-</label>
    				<onleft>20</onleft>
    				<onright>20</onright>
    				<onup>10020</onup>
    				<ondown>10020</ondown>
            <include>DialogsButton</include>
    			</control>
    			<control type="button" id="20">
    				<description>Browse Button</description>
    				<posx>792</posx>
    				<posy>386</posy>
    				<width>160</width>
    				<height>45</height>
    				<label>1024</label>
    				<onleft>17</onleft>
    				<onright>10000</onright>
    				<onup>10020</onup>
    				<ondown>10020</ondown>
    	      <align>center</align>
            <include>DialogsButton</include>
    			</control>
			  </control>
			</control>

      <!-- Control Buttons -->
  	  <control type="group"  id="10000">
  			<left>974</left>
  			<top>408</top>
    		<control type="button" id="18">
  				<description>Save</description>
      		<width>150</width>
  	      <include>DialogsButtonsText</include>
      		<texturefocus border="49,0,49,0">dialogs/buttons/save_focus.png</texturefocus>
      		<texturenofocus border="49,0,49,0">dialogs/buttons/save_nofocus.png</texturenofocus>
    			<onleft>10010</onleft>
    			<onright>10010</onright>
    			<onup>19</onup>
    			<ondown>19</ondown>
  				<label>$LOCALIZE[190]</label>
    		</control>
    		<control type="button" id="19">
  				<description>Cancel</description>
    			<top>-50</top>
      		<width>150</width>
  	      <include>DialogsButtonsText</include>
      		<texturefocus border="49,0,49,0">dialogs/buttons/cancel_focus.png</texturefocus>
      		<texturenofocus border="49,0,49,0">dialogs/buttons/cancel_nofocus.png</texturenofocus>
    			<onleft>10010</onleft>
    			<onright>10010</onright>
    			<onup>18</onup>
    			<ondown>18</ondown>
  				<label>$LOCALIZE[222]</label>
    		</control>
  	  </control>
		</control>
	</controls>
</window>