<?xml version="1.0" encoding="UTF-8" standalone="yes"?>
<addon id="script.toolbox" name="Skin Toolbox" version="1.0.0" provider-name="phil65">
	<requires>
		<import addon="xbmc.python" version="2.1.0"/>
		<import addon="script.module.simplejson" version="2.0.10"/>
		<import addon="script.module.pil" version="1.1.7"/>
	</requires>
	<extension point="xbmc.python.library"          library="default.py" />
    <extension point="xbmc.python.script"           library="default.py">
        <provides>executable</provides>
    </extension>
	<extension point="xbmc.addon.metadata">
		<language/>
		<summary lang="en">Skin Toolbox</summary>
		<description lang="en">This script exposes several python functions to the UI engine as well as some other stuff to make life for skinners easier.</description>
		<platform>all</platform>
		<license>GNU GENERAL PUBLIC LICENSE Version 2, June 1991</license>
		<forum>-</forum>
		<source>-</source>
		<email>-</email>
	</extension>
</addon>
